mtllib BigTree.mtl
o BigTree
g Mesh
v -0 0 0.822104692
v -0.138990983 0 0.698754847
v -0.302442044 0 0.730159581
v -0.403434664 0 0.603782654
v -0.454779029 0 0.454779029
v -0.601774514 0 0.402092814
v -0.893012524 0 0.369897902
v -1.07819557 0 0.214466333
v -1.00963247 0 -4.41324381E-08
v -0.747435451 0 -0.14867416
v -0.794178009 0 -0.328959376
v -0.968909979 0 -0.647405148
v -0.84565711 0 -0.84565711
v -0.529062092 0 -0.791797459
v -0.261106998 0 -0.630368412
v -0.127300754 0 -0.63998419
v 6.63381954E-08 0 -0.758820474
v 0.16992113 0 -0.854250431
v 0.321224749 0 -0.775505185
v 0.43111515 0 -0.645209253
v 0.831907332 0 -0.831907094
v 1.08626878 0 -0.725821137
v 1.00713515 0 -0.417168647
v 0.719980121 0 -0.143213004
v 0.779105604 0 9.29074151E-09
v 0.77936554 0 0.155025512
v 0.631213486 0 0.261457324
v 0.591850519 0 0.395462066
v 0.472565949 0 0.472566247
v 0.404172242 0 0.604886413
v 0.332482964 0 0.802684963
v 0.183106259 0 0.92053777
v -1.43741346E-07 0 0.822104692
v -0.0296993218 0.453277737 0.676276565
v -0.264154673 0.453569114 0.621594489
v -0.449022114 0.451377273 0.477163792
v -0.622805893 0.448802233 0.319862515
v -0.777836382 0.444827735 0.10935995
v -0.702542841 0.438327163 -0.141131565
v -0.68720299 0.431985795 -0.402063966
v -0.522972465 0.425889194 -0.61028713
v -0.253171742 0.423423439 -0.636493862
v -0.0295986086 0.420359433 -0.700915396
v 0.211369812 0.419116616 -0.684181213
v 0.448057771 0.419721872 -0.591349006
v 0.670195639 0.422156751 -0.426119804
v 0.628607094 0.429321319 -0.138233855
v 0.655483663 0.434798539 0.0985857919
v 0.552612603 0.440645784 0.313878804
v 0.397238582 0.445828706 0.48640281
v 0.217043772 0.451097637 0.65544486
v -0.0296994429 0.453277737 0.676276565
v -0.0484468564 1.03266966 0.59472543
v -0.368029684 1.03372443 0.500694931
v -0.59884119 1.02535403 0.264989763
v -0.6844666 1.00973022 -0.0524656698
v -0.601811349 0.990772545 -0.371461749
v -0.369261771 0.97345525 -0.607123435
v -0.0484187566 0.96268636 -0.691134155
v 0.27077201 0.961286306 -0.603587091
v 0.507400453 0.969337583 -0.371682286
v 0.599557638 0.985005796 -0.0510919914
v 0.518270731 1.00435531 0.275588721
v 0.280730397 1.02213514 0.517979383
v -0.0484469719 1.03266966 0.59472543
v 0.0390829891 2.0561862 0.488360018
v -0.308553934 2.06562996 0.36610052
v -0.522215247 2.04767108 0.0698492527
v -0.524767816 2.00873065 -0.294021159
v -0.311315864 1.96310782 -0.589505792
v 0.0378796048 1.92881489 -0.69751817
v 0.38298285 1.91908133 -0.579486609
v 0.599975049 1.93642533 -0.286945224
v 0.610580564 1.97518373 0.0801001862
v 0.40027678 2.02206302 0.389178723
v 0.0390828811 2.05618644 0.488360018
v 0.0812492594 3.00473189 0.238996327
v -0.208998203 3.00403333 0.139505237
v -0.38978231 2.97646308 -0.105079673
v -0.39409408 2.93159628 -0.408433348
v -0.215548381 2.88619161 -0.655687988
v 0.0776214376 2.85861993 -0.745494783
v 0.364638805 2.85972118 -0.644346178
v 0.540241241 2.88728714 -0.401483744
v 0.547408283 2.93134975 -0.102609202
v 0.377478063 2.97722435 0.150620237
v 0.08124917 3.00473189 0.238996327
v 0.0818163976 3.01989222 0.227004305
v -0.203079849 3.01901627 0.129407838
v -0.380581617 2.99171877 -0.110608347
v -0.384860814 2.94747639 -0.408368438
v -0.20959565 2.9028194 -0.65109539
v 0.078217499 2.87582612 -0.739256859
v 0.359926313 2.87711716 -0.639906883
v 0.532128274 2.90442419 -0.401530832
v 0.539055407 2.94785357 -0.108365759
v 0.372369528 2.99293876 0.139992028
v 0.0818163157 3.01989222 0.227004305
v 0.085937202 3.12697124 0.090775989
v -0.131542504 3.1252234 0.0166437998
v -0.267368168 3.10303903 -0.166221976
v -0.270935267 3.06808758 -0.393549919
v -0.137060955 3.033463 -0.579064906
v 0.0829777941 3.01324177 -0.646436214
v 0.29790765 3.01544333 -0.570104837
v 0.428188205 3.03773665 -0.388134956
v 0.432629883 3.0718894 -0.165724337
v 0.306117207 3.10657716 0.0223259255
v 0.0859371349 3.12697124 0.090775989
v 0.0859541669 3.12738848 0.0899060741
v -0.131068036 3.12563968 0.0159320924
v -0.266610563 3.10349631 -0.166547075
v -0.270172477 3.06861329 -0.393398017
v -0.136578783 3.03405881 -0.578525186
v 0.0830000862 3.01388168 -0.645755172
v 0.297476739 3.01608396 -0.569579184
v 0.427472293 3.03833699 -0.387990803
v 0.431896061 3.07242179 -0.166059718
v 0.305655539 3.10703635 0.0215804372
v 0.0859540999 3.12738848 0.0899060741
v 0.0874850005 3.16272163 -0.018282963
v -0.0709006488 3.16114426 -0.072139211
v -0.169955298 3.14459395 -0.20519875
v -0.172675356 3.11877656 -0.37079969
v -0.075134106 3.0933764 -0.506020963
v 0.0852677599 3.07874322 -0.555114448
v 0.241735876 3.08071661 -0.499259502
v 0.336019009 3.09739804 -0.366682231
v 0.338772804 3.12254262 -0.205367133
v 0.246956795 3.14783525 -0.0692515969
v 0.0874849558 3.16272163 -0.018282963
v 0.0880242214 3.17256498 -0.0935109481
v -0.0280900933 3.1713233 -0.132945329
v -0.100763336 3.15907526 -0.230453327
v -0.102806114 3.14003587 -0.351883173
v -0.031277556 3.12135148 -0.451067239
v 0.0863800719 3.11064482 -0.48706919
v 0.201057255 3.11220622 -0.445993394
v 0.269890934 3.12457514 -0.348763108
v 0.271665007 3.14307833 -0.23080954
v 0.204493225 3.16160512 -0.131442428
v 0.0880241841 3.17256498 -0.0935109481
v 0.0882256106 3.17422009 -0.15489386
v 0.00723814266 3.1733253 -0.182377473
v -0.0434756912 3.16474152 -0.250371367
v -0.0449228249 3.15141988 -0.335080802
v 0.00497690449 3.13836241 -0.404285371
v 0.0870719925 3.13090014 -0.42940098
v 0.167038798 3.13203359 -0.40068385
v 0.214895234 3.14071441 -0.332845718
v 0.2159964 3.15363932 -0.250739127
v 0.169215545 3.16654325 -0.181666404
v 0.0882255882 3.17422009 -0.15489386
v 0.0880432129 3.16199183 -0.293735504
v 0.0880432129 3.16199183 -0.293735504
v 0.0880432129 3.16199183 -0.293735504
v 0.0880432129 3.16199183 -0.293735504
v 0.0880432129 3.16199183 -0.293735504
v 0.0880432129 3.16199183 -0.293735504
v 0.0880432129 3.16199183 -0.293735504
v 0.0880432129 3.16199183 -0.293735504
v 0.0880432129 3.16199183 -0.293735504
v 0.0880432129 3.16199183 -0.293735504
v 0.0880432129 3.16199183 -0.293735504
v 0.516484141 2.26653695 -0.411489666
v 0.567984462 2.5745337 -0.119692467
v 0.456982255 3.01602817 -0.0901552588
v 0.167884678 3.15388513 -0.285111785
v 0.169849381 2.99868917 -0.625828743
v 0.278169602 2.54287958 -0.654023647
v 0.516484201 2.26653695 -0.411489606
v 0.687556267 2.71779084 -0.586432695
v 0.705712259 2.83488441 -0.288967282
v 0.483655721 3.03281522 -0.175470009
v 0.236471578 3.11791563 -0.360366166
v 0.213312045 3.00337553 -0.659662127
v 0.438379735 2.80197549 -0.776505351
v 0.687556326 2.71779084 -0.586432695
v 0.821160197 2.95016432 -0.704143405
v 0.750778675 3.14665341 -0.343804955
v 0.420732647 3.33642483 -0.506203771
v 0.48633182 3.14220881 -0.870102286
v 0.821160257 2.95016432 -0.704143345
v 1.073241 3.30235744 -0.742561638
v 0.969342113 3.43505239 -0.420647025
v 0.754715085 3.6740458 -0.585648119
v 0.856372714 3.5439086 -0.907821298
v 1.073241 3.30235744 -0.742561638
v 1.27454805 3.45781589 -0.721864462
v 1.17120111 3.57822108 -0.420695931
v 0.998614192 3.8247633 -0.576947808
v 1.10124695 3.70513678 -0.875261605
v 1.27454805 3.45781589 -0.721864402
v 1.37937462 3.56198096 -0.693736374
v 1.29277682 3.66275978 -0.442064404
v 1.16007447 3.87718797 -0.57281512
v 1.24678254 3.77571249 -0.819913983
v 1.37937462 3.56198096 -0.693736315
v 1.38331676 3.59619689 -0.682549953
v 1.3091526 3.682482 -0.467072278
v 1.19707429 3.86716104 -0.579018235
v 1.27145386 3.78000569 -0.790127873
v 1.38331676 3.59619689 -0.682549894
v 1.37255907 3.65379572 -0.662855387
v 1.32315087 3.71119022 -0.519417882
v 1.24962723 3.834903 -0.593932033
v 1.2992959 3.77665567 -0.733987331
v 1.37255907 3.65379572 -0.662855387
v 1.36465657 3.67475319 -0.655457377
v 1.32516026 3.72060204 -0.540828824
v 1.26659858 3.81961179 -0.600375712
v 1.30633354 3.77300858 -0.712168396
v 1.36465657 3.67475295 -0.655457377
v 1.32243919 3.75154305 -0.627248824
v 1.32243919 3.75154305 -0.627248824
v 1.32243919 3.75154305 -0.627248824
v 1.32243919 3.75154305 -0.627248824
v 1.32243919 3.75154305 -0.627248824
v 0.0118425647 2.67815685 0.305998147
v -0.255660355 2.93498945 0.100609742
v -0.214468166 3.12356329 -0.20161894
v 0.112901971 3.13819313 -0.389964253
v 0.388283372 3.08922768 -0.136179402
v 0.347450227 2.91143441 0.177234083
v 0.0118425013 2.67815685 0.305998117
v 0.138516128 3.23804069 0.494962871
v -0.113316149 3.38548064 0.350152254
v -0.0756769627 3.54833794 0.0728667751
v 0.218139008 3.56649804 -0.0656565949
v 0.47397995 3.4207077 0.0749974251
v 0.438184351 3.25448251 0.357043266
v 0.138516068 3.23804069 0.494962871
v 0.194436267 3.82476258 0.796672821
v -0.0604510047 3.96160555 0.510043204
v 0.253118485 4.06433296 0.275905579
v 0.510627449 3.92891359 0.559355378
v 0.194436207 3.82476258 0.796672821
v 0.167198777 4.5500555 1.0071764
v -0.0588701181 4.66860723 0.755343914
v 0.219071895 4.77364159 0.554670215
v 0.435284495 4.65537786 0.805454612
v 0.167198732 4.5500555 1.0071764
v 0.166477039 4.87916183 1.20173085
v -0.0529350117 5.01049232 0.967268109
v 0.21573323 5.12321472 0.777856767
v 0.422235131 4.99197674 1.01182437
v 0.166476995 4.87916183 1.20173085
v 0.176092803 5.13389015 1.29192936
v 0.0251524244 5.23421383 1.13728642
v 0.209658697 5.31785774 1.00918317
v 0.353642315 5.21679258 1.16494775
v 0.176092774 5.13389015 1.29192936
v 0.177441463 5.14582634 1.28405547
v 0.0384785868 5.23837757 1.14180243
v 0.208343804 5.31551695 1.02388632
v 0.34105888 5.22224951 1.16722298
v 0.177441433 5.14582634 1.28405547
v 0.184816599 5.20148373 1.23292363
v 0.11217358 5.2501812 1.15874016
v 0.200976342 5.29074669 1.09710503
v 0.270774156 5.24159908 1.17197013
v 0.184816584 5.20148373 1.23292363
v 0.192829654 5.25046492 1.16872668
v 0.192703038 5.25054979 1.16859746
v 0.192857847 5.25062084 1.16848993
v 0.192980304 5.25053453 1.16862047
v 0.192829654 5.25046492 1.16872668
v -0.331819773 2.72028446 -0.508278251
v -0.0181855485 2.91233969 -0.690939963
v 0.258667499 3.06041408 -0.521545529
v 0.279217452 3.1394093 -0.144908771
v -0.0893370137 3.14581752 -0.0313632712
v -0.369761139 2.9909606 -0.200606689
v -0.331819713 2.72028422 -0.50827831
v -0.502747178 3.49655247 -0.658697128
v -0.120820902 3.64878225 -0.779513597
v -0.0497605316 3.79696178 -0.386366069
v -0.43204844 3.64638925 -0.259188145
v -0.502747118 3.49655247 -0.658697128
v -0.669632018 4.02472019 -0.714384615
v -0.357099831 4.1937027 -0.824921131
v -0.272386968 4.27245903 -0.473718107
v -0.583089232 4.10476637 -0.360352457
v -0.669632018 4.02472019 -0.714384675
v -0.868225336 4.32374811 -0.714366138
v -0.599110603 4.50983191 -0.820432842
v -0.515201092 4.57632542 -0.494763643
v -0.781896174 4.39188433 -0.390935779
v -0.868225276 4.32374811 -0.714366198
v -0.973022938 4.47981167 -0.688041747
v -0.761435449 4.64773846 -0.778200209
v -0.692450583 4.70642328 -0.508413851
v -0.90154469 4.54041433 -0.423958391
v -0.973022938 4.47981167 -0.688041747
v -0.971473336 4.49170065 -0.683011591
v -0.771519601 4.65132904 -0.768508494
v -0.706188738 4.70705986 -0.512935579
v -0.9037413 4.54929066 -0.43306309
v -0.971473336 4.49170113 -0.683011591
v -0.941159546 4.55811787 -0.648555517
v -0.821562409 4.65572834 -0.70035547
v -0.782120347 4.68960428 -0.546060622
v -0.900118053 4.59326601 -0.498331934
v -0.941159546 4.55811787 -0.648555517
v -0.935106099 4.56647921 -0.643525422
v -0.827267349 4.65464354 -0.690277457
v -0.791673005 4.68521881 -0.551051259
v -0.898049414 4.59822035 -0.508041143
v -0.935106099 4.56647921 -0.643525422
v -0.905006647 4.60139751 -0.620861709
v -0.850092888 4.6465168 -0.644733071
v -0.831920862 4.66212416 -0.573687613
v -0.886042178 4.61764193 -0.551866829
v -0.905006647 4.60139751 -0.620861709
v -0.870054007 4.63366795 -0.597286582
v -0.870054007 4.63366795 -0.597286582
v -0.870054007 4.63366795 -0.597286582
v -0.870054007 4.63366795 -0.597286582
v -0.870054007 4.63366795 -0.597286582
v 0.619188666 3.43957829 -0.678113699
v 0.989727795 3.64350891 -0.869993448
v 1.27531338 3.80259728 -0.676267326
v 0.895687342 3.49871206 -0.468818426
v 0.619188666 3.43957829 -0.678113699
v 0.842550278 4.00246239 -0.717089891
v 1.02127159 3.92996335 -0.869463444
v 1.17725897 3.91059065 -0.682175994
v 1.00007248 3.98311782 -0.526364446
v 0.842550278 4.00246239 -0.717089891
v 0.893991351 4.27210426 -0.744655609
v 1.05266356 4.21153688 -0.879430294
v 1.19322383 4.21039867 -0.716267765
v 1.03646922 4.27085257 -0.57979548
v 0.893991351 4.27210426 -0.744655669
v 1.11056995 4.75880909 -0.888324261
v 1.23517895 4.7064085 -0.995330215
v 1.35009909 4.71693659 -0.867088795
v 1.22558212 4.7677536 -0.76611954
v 1.11056995 4.75880909 -0.888324261
v 1.13183725 5.14399719 -0.97388041
v 1.24907029 5.11652803 -1.07775509
v 1.35854352 5.13852024 -0.96292299
v 1.23970437 5.16600037 -0.859249532
v 1.13183725 5.14399719 -0.97388047
v 1.24438465 5.14127827 -0.968440652
v 1.24438465 5.14127827 -0.968440652
v 1.24438465 5.14127827 -0.968440652
v 1.24438465 5.14127827 -0.968440652
v 1.24438465 5.14127827 -0.968440652
v 0.810590565 3.33198309 -0.413831145
v 0.840613246 3.66405916 -0.555881262
v 1.26748657 3.80995679 -0.662451267
v 1.0457164 3.33356261 -0.661629856
v 0.810590386 3.33198333 -0.413831234
v 1.39368606 3.85285354 -0.221377254
v 1.30088961 4.01610088 -0.344763964
v 1.4288106 3.95982504 -0.518768847
v 1.52297699 3.79616952 -0.397642612
v 1.39368606 3.85285354 -0.221377254
v 1.8316654 4.26052332 -0.078120254
v 1.76402915 4.39564705 -0.17197524
v 1.86086464 4.34651041 -0.313185394
v 1.92414749 4.21609974 -0.21776408
v 1.8316654 4.26052332 -0.0781202465
v 2.19016552 4.50450134 0.0611468516
v 2.13774943 4.63334131 -0.0206749719
v 2.22302651 4.58795595 -0.15113686
v 2.27627587 4.45732546 -0.0684280246
v 2.19016552 4.50450134 0.0611468554
v 2.20650005 4.54598475 -0.0443748012
v 2.20650005 4.54598475 -0.0443748012
v 2.20650005 4.54598475 -0.0443748012
v 2.20650005 4.54598475 -0.0443748012
v 2.20650005 4.54598475 -0.0443748012
v 0.977923393 3.45316648 -0.830799818
v 1.37654674 3.56773829 -0.696207643
v 1.24179339 3.78379726 -0.525781572
v 0.887712955 3.7054503 -0.664678156
v 0.977923453 3.45316648 -0.830799818
v 1.54886043 3.62950921 -1.04688704
v 1.66537869 3.59328365 -0.862950325
v 1.62338769 3.79696631 -0.793527722
v 1.50611055 3.83622432 -0.976671457
v 1.54886055 3.62950921 -1.04688704
v 1.92129934 3.68879271 -1.22008538
v 2.01773596 3.65821314 -1.06789422
v 1.99047399 3.83065796 -1.01536798
v 1.89541399 3.85957575 -1.16610169
v 1.92129946 3.68879271 -1.22008538
v 2.47875237 4.04824495 -1.53908181
v 2.56569552 4.02827168 -1.41788423
v 2.51812124 4.15969849 -1.35960174
v 2.43015981 4.17984676 -1.4822799
v 2.47875237 4.04824495 -1.53908181
v 2.49831486 4.10362625 -1.44989812
v 2.49831486 4.10362625 -1.44989812
v 2.49831486 4.10362625 -1.44989812
v 2.49831486 4.10362625 -1.44989812
v 2.49831486 4.10362625 -1.44989812
v 0.143857107 4.81892586 1.13371587
v 0.00393863115 5.09830189 1.06704772
v 0.210888267 5.30399466 1.05296385
v 0.363067508 5.02667189 1.07939184
v 0.143857092 4.81892586 1.13371575
v 0.133350015 4.9640193 1.54635847
v 0.00999308098 5.12419319 1.46461749
v 0.185180172 5.2489872 1.43828213
v 0.311498255 5.09029579 1.51983142
v 0.133349985 4.9640193 1.54635847
v 0.118316367 4.99194145 1.87174737
v 0.012283694 5.12970352 1.81753743
v 0.156906962 5.23860168 1.8085233
v 0.262419403 5.10204744 1.86231852
v 0.118316345 4.99194145 1.87174737
v -0.0337328501 5.39354229 2.42996073
v -0.114901908 5.48491812 2.34447074
v 0.00564162154 5.57116699 2.31972504
v 0.0845301151 5.47853804 2.40542459
v -0.0337328687 5.39354229 2.42996073
v -0.0141915763 5.48169613 2.37525153
v -0.0141915763 5.48169613 2.37525153
v -0.0141915763 5.48169613 2.37525153
v -0.0141915763 5.48169613 2.37525153
v -0.0141915763 5.48169613 2.37525153
v 0.383909315 4.93100786 1.01496816
v 0.193572521 5.05784416 1.24640286
v 0.118608423 5.35850906 1.19198322
v 0.244672447 5.17976427 0.905211508
v 0.383909106 4.93100739 1.01496792
v 0.677545071 5.68920565 1.56954694
v 0.52728641 5.68087626 1.67482746
v 0.440126956 5.79420424 1.56065226
v 0.589158714 5.80228424 1.45650005
v 0.677545071 5.68920565 1.56954694
v 0.78285861 6.05962753 1.78176534
v 0.661335468 6.07154799 1.88270736
v 0.576090932 6.14751339 1.77203965
v 0.69743973 6.13366652 1.67645907
v 0.78285861 6.05962753 1.78176534
v 0.927020788 6.38475037 1.83657324
v 0.82488513 6.41610384 1.9343673
v 0.740592837 6.47410011 1.83084905
v 0.843839586 6.44261169 1.73081195
v 0.927020788 6.38475037 1.83657324
v 0.834256649 6.42920971 1.83372498
v 0.834256649 6.42920971 1.83372498
v 0.834256649 6.42920971 1.83372498
v 0.834256649 6.42920971 1.83372498
v 0.834256649 6.42920971 1.83372498
v 0.0841580033 4.82752466 0.718069375
v 0.429633379 4.6885972 0.819155872
v 0.202308357 5.26088047 1.14907503
v -0.0331362598 5.09613848 1.0479244
v 0.0841580555 4.82752466 0.718069315
v -0.106730491 5.28234196 0.847881734
v 0.0975441709 5.35695601 0.903761327
v 0.0585126616 5.31109047 1.11886954
v -0.147247761 5.23546648 1.0659194
v -0.106730469 5.28234196 0.847881734
v -0.244835094 5.50287914 0.915753543
v -0.0724728853 5.5691638 0.963670135
v -0.101365581 5.51843262 1.14395535
v -0.273785233 5.45165873 1.09824324
v -0.244835079 5.50287914 0.915753543
v -0.322965503 6.07033634 1.05596662
v -0.175767779 6.0883193 1.0833391
v -0.198382214 6.05520964 1.22912621
v -0.341477722 6.03859758 1.19821906
v -0.322965473 6.07033634 1.05596662
v -0.260839641 6.06279325 1.14231598
v -0.260839641 6.06279325 1.14231598
v -0.260839641 6.06279325 1.14231598
v -0.260839641 6.06279325 1.14231598
v -0.260839641 6.06279325 1.14231598
v -0.17065461 2.89332843 -0.615941525
v 0.0120903775 3.15610838 -0.679828048
v -0.0853690654 3.5158577 -0.752874911
v -0.3801229 3.76251554 -0.738299847
v -0.468974859 3.44098067 -0.515229106
v -0.414238542 3.11609697 -0.506237507
v -0.170654565 2.89332843 -0.615941525
v -0.415370852 3.35207772 -1.03373086
v -0.203183055 3.57543135 -1.03469038
v -0.360711217 3.7312901 -0.822925866
v -0.576188326 3.50920773 -0.81884563
v -0.415370822 3.35207772 -1.03373086
v -0.541022837 3.58188462 -1.26905417
v -0.37163949 3.7676475 -1.27561724
v -0.495704979 3.88988018 -1.09656191
v -0.66629076 3.70586276 -1.08788514
v -0.541022778 3.58188462 -1.26905417
v -0.87057507 3.76274991 -1.53799379
v -0.7561903 3.93507361 -1.57647455
v -0.849020362 4.03304243 -1.41514647
v -0.959507108 3.86216998 -1.38039565
v -0.87057507 3.76274991 -1.53799379
v -0.859795511 3.89792371 -1.47655761
v -0.859795511 3.89792371 -1.47655761
v -0.859795511 3.89792371 -1.47655761
v -0.859795511 3.89792371 -1.47655761
v -0.859795511 3.89792371 -1.47655761
v -0.603702009 4.06680346 -0.461002588
v -0.8859483 4.37721586 -0.662409902
v -0.781183064 4.67448711 -0.63108331
v -0.450798571 4.35724831 -0.455257416
v -0.603702009 4.06680346 -0.461002588
v -1.19590783 4.52346468 -0.306127429
v -1.27864063 4.61194611 -0.507181466
v -1.16250575 4.81061745 -0.46985957
v -1.07842565 4.72470808 -0.268575072
v -1.19590795 4.52346468 -0.306127459
v -1.56640482 4.67577457 0.0397761688
v -1.66235328 4.76315784 -0.11220374
v -1.54218388 4.92211103 -0.0969623625
v -1.45107865 4.83312607 0.0512686968
v -1.56640482 4.67577457 0.0397761539
v -1.9080168 5.04961109 0.397071779
v -1.95862377 5.09863472 0.240153328
v -1.85343194 5.23603249 0.24673456
v -1.80266523 5.18606806 0.405198604
v -1.9080168 5.04961109 0.397071749
v -2.46252775 5.36179209 0.511973619
v -2.48078203 5.38815403 0.363942504
v -2.40666604 5.52122164 0.374729156
v -2.38663292 5.49614429 0.527710259
v -2.46252775 5.36179209 0.511973619
v -2.43481803 5.44087553 0.443894744
v -2.43481803 5.44087553 0.443894744
v -2.43481803 5.44087553 0.443894744
v -2.43481803 5.44087553 0.443894744
v -2.43481803 5.44087553 0.443894744
v -0.371281058 4.02869511 -0.790476263
v -0.321508408 4.28130531 -0.575914025
v -0.763992727 4.66883373 -0.677244246
v -0.735097349 4.23951101 -0.735220611
v -0.371281028 4.02869511 -0.790476263
v -0.627693534 4.65583754 -1.02158213
v -0.543329835 4.81220865 -0.856628656
v -0.746737778 4.79153204 -0.729408979
v -0.834145606 4.63470125 -0.892679811
v -0.627693534 4.65583754 -1.02158213
v -0.788362145 5.06928778 -1.18128896
v -0.713406324 5.19860411 -1.03869259
v -0.88314414 5.17223692 -0.924767911
v -0.955791891 5.04474831 -1.06650496
v -0.788362086 5.06928778 -1.18128896
v -1.15847003 5.49219561 -1.52142632
v -1.09041584 5.5934701 -1.39670622
v -1.227687 5.55980349 -1.29219222
v -1.29304731 5.45947361 -1.41837084
v -1.15847003 5.49219561 -1.52142632
v -1.35178196 5.93763542 -1.60331202
v -1.27312601 5.99574041 -1.4812206
v -1.39290237 5.96465254 -1.38581979
v -1.4759692 5.90461636 -1.50825179
v -1.35178196 5.93763542 -1.60331202
v -1.372365 5.951159 -1.49444532
v -1.372365 5.951159 -1.49444532
v -1.372365 5.951159 -1.49444532
v -1.372365 5.951159 -1.49444532
v -1.372365 5.951159 -1.49444532
v 1.30132174 4.97964573 -0.877054274
v 1.22963154 5.15961313 -0.889218092
v 1.22543406 5.13329077 -1.00690699
v 1.27296138 4.86486578 -0.991623938
v 1.30132174 4.97964573 -0.877054274
v 1.49082768 5.5233345 -0.91662848
v 1.40283203 5.56617022 -0.919948339
v 1.40460336 5.56248713 -1.01778138
v 1.49079466 5.52058649 -1.01257277
v 1.49082768 5.5233345 -0.91662848
v 1.6432544 5.7910614 -0.923175335
v 1.56411016 5.82749319 -0.926282287
v 1.56268167 5.81952286 -1.01369929
v 1.64249599 5.78282976 -1.01009369
v 1.6432544 5.7910614 -0.923175335
v 1.83150733 6.37302589 -1.04378343
v 1.77640247 6.4012742 -1.04693031
v 1.77401888 6.39317799 -1.10829008
v 1.82963133 6.36455917 -1.10583782
v 1.83150733 6.37302589 -1.04378343
v 2.12187505 6.78393602 -1.09649682
v 2.08083344 6.81031609 -1.09955788
v 2.07970071 6.80195093 -1.14583302
v 2.11809492 6.77716541 -1.14351499
v 2.12187505 6.78393602 -1.09649682
v 2.37115884 7.21880484 -1.22459543
v 2.34193683 7.23562145 -1.22639966
v 2.33916211 7.22823763 -1.25883234
v 2.36847496 7.21110916 -1.25795496
v 2.37115884 7.21880484 -1.22459543
v 2.35497928 7.22357464 -1.24190784
v 2.35497928 7.22357464 -1.24190784
v 2.35497928 7.22357464 -1.24190784
v 2.35497928 7.22357464 -1.24190784
v 2.35497928 7.22357464 -1.24190784
v 1.18515289 5.06187963 -0.891786873
v 1.1789906 5.13347769 -1.01330853
v 1.29803145 5.12962055 -1.01191664
v 1.32384527 4.90003967 -0.881163478
v 1.18515289 5.06187963 -0.891786873
v 1.04772949 5.63144207 -0.879662693
v 1.04612231 5.64296293 -0.970183015
v 1.13517106 5.66310787 -0.96932745
v 1.13446236 5.65135717 -0.881068826
v 1.04772949 5.63144207 -0.879662693
v 0.983540535 6.10327435 -0.799018264
v 0.98240906 6.11770678 -0.864213526
v 1.04939008 6.12143564 -0.866006196
v 1.05193079 6.10664272 -0.798872828
v 0.983540535 6.10327435 -0.799018264
v 1.0215379 6.579638 -0.69105643
v 1.02087474 6.59140921 -0.7386145
v 1.07002854 6.59192562 -0.740569174
v 1.07184911 6.57979965 -0.691573501
v 1.0215379 6.579638 -0.69105643
v 1.00127959 7.02795506 -0.588353336
v 1.00009954 7.03592396 -0.620699167
v 1.0332917 7.03799534 -0.620563984
v 1.03412628 7.03012228 -0.588690698
v 1.00127959 7.02795506 -0.588353336
v 1.01732349 7.03298712 -0.604496777
v 1.01732349 7.03298712 -0.604496777
v 1.01732349 7.03298712 -0.604496777
v 1.01732349 7.03298712 -0.604496777
v 1.01732349 7.03298712 -0.604496777
v 1.28021038 5.00625467 -1.01734185
v 1.34294343 5.13908148 -0.962857544
v 1.23093963 5.15308046 -0.918058813
v 1.18268979 5.09723854 -1.01298094
v 1.28021038 5.00625467 -1.01734185
v 1.39252162 5.46453381 -1.31587625
v 1.43154681 5.51322889 -1.24895906
v 1.3506726 5.55125284 -1.22932732
v 1.31437361 5.5028019 -1.29516804
v 1.39252162 5.46453381 -1.31587625
v 1.47422755 5.85936403 -1.69651866
v 1.50026548 5.89072275 -1.64774215
v 1.44392896 5.91732693 -1.63276875
v 1.41613209 5.8853879 -1.68287778
v 1.47422755 5.85936403 -1.69651866
v 1.58140349 6.24854469 -1.90948153
v 1.60065925 6.27283382 -1.87483966
v 1.5594511 6.29222679 -1.86354876
v 1.53854227 6.26737785 -1.89933825
v 1.58140349 6.24854469 -1.90948153
v 1.6209867 6.4983573 -2.18673158
v 1.63679433 6.51945925 -2.16623163
v 1.60699165 6.53317308 -2.15900016
v 1.59189415 6.51196575 -2.17948294
v 1.6209867 6.4983573 -2.18673158
v 1.61403143 6.51566029 -2.17294955
v 1.61403143 6.51566029 -2.17294955
v 1.61403143 6.51566029 -2.17294955
v 1.61403143 6.51566029 -2.17294955
v 1.61403143 6.51566029 -2.17294955
v 1.55923975 3.87194848 -0.392763108
v 1.50269353 3.90903258 -0.241629973
v 2.22769213 4.466043 -0.104736432
v 1.59119213 4.06556988 -0.427681535
v 1.55923975 3.87194848 -0.392763108
v 2.14259338 4.29983568 -0.386503279
v 2.1452961 4.34235477 -0.26589036
v 2.1032095 4.45661736 -0.305076778
v 2.10154748 4.41243076 -0.421977311
v 2.14259338 4.29983568 -0.386503249
v 2.95126796 4.33596992 -0.555542052
v 2.96327829 4.36900568 -0.476644754
v 2.92583275 4.44410419 -0.499865741
v 2.91303086 4.41105175 -0.581261039
v 2.95126796 4.33596992 -0.555542052
v 3.32607007 4.70474148 -0.721031547
v 3.3377347 4.73147869 -0.661805511
v 3.30265045 4.78570652 -0.677242637
v 3.28979301 4.75927877 -0.738848746
v 3.32607007 4.70474148 -0.721031547
v 3.81214643 4.81540775 -0.917560995
v 3.82499313 4.83513927 -0.877071679
v 3.80959558 4.87639809 -0.893964827
v 3.79715776 4.85593319 -0.933828354
v 3.81214643 4.81540775 -0.917560995
v 3.81088018 4.84568214 -0.905848265
v 3.81088018 4.84568214 -0.905848265
v 3.81088018 4.84568214 -0.905848265
v 3.81088018 4.84568214 -0.905848265
v 3.81088018 4.84568214 -0.905848265
v 2.03194666 4.54125071 -0.104576997
v 2.19837308 4.58822918 -0.13469772
v 2.22844958 4.51270294 -0.0432874747
v 2.07635927 4.48398066 -0.00433215313
v 2.03194666 4.54125023 -0.10457702
v 2.39532042 5.1209693 0.154660493
v 2.46912599 5.09999323 0.109904155
v 2.50377584 5.06273365 0.183381811
v 2.43009329 5.08437872 0.22563605
v 2.39532042 5.1209693 0.154660493
v 2.57009816 5.5368638 0.228230909
v 2.62390804 5.52130127 0.196196958
v 2.64894509 5.49240637 0.248825058
v 2.59392333 5.50805569 0.282402158
v 2.57009816 5.5368638 0.228230894
v 2.7788341 5.86406279 0.398349613
v 2.8186214 5.84994221 0.373535156
v 2.83919001 5.83102274 0.414266616
v 2.79829836 5.84528399 0.440929443
v 2.7788341 5.86406279 0.398349613
v 2.94520545 6.25384712 0.389785826
v 2.97235465 6.24257851 0.371843249
v 2.98858285 6.23691463 0.401696205
v 2.96156573 6.24811411 0.419005573
v 2.94520545 6.25384712 0.389785826
v 2.96688819 6.24538326 0.395739377
v 2.96688819 6.24538326 0.395739377
v 2.96688819 6.24538326 0.395739377
v 2.96688819 6.24538326 0.395739377
v 2.96688819 6.24538326 0.395739377
v 2.19195843 4.4288826 -0.0583177581
v 2.1879456 4.52291775 0.0368816853
v 2.17199945 4.6032443 -0.0540235862
v 2.20092106 4.51769304 -0.141347542
v 2.19195843 4.4288826 -0.0583177544
v 2.72003031 4.73535156 0.0562762022
v 2.68714452 4.8006053 0.115947172
v 2.66232109 4.85508585 0.0429348163
v 2.69504619 4.79001236 -0.0132993264
v 2.72003031 4.73535156 0.0562762134
v 3.07484889 4.89294195 0.00661811745
v 3.05083513 4.94591665 0.0533474348
v 3.03458595 4.99079227 -0.00386309368
v 3.05870962 4.93778181 -0.0528449565
v 3.07484889 4.89294195 0.00661812676
v 3.40657401 5.04639387 0.078902252
v 3.38067245 5.08587837 0.115876317
v 3.3643775 5.12045622 0.070100002
v 3.39011216 5.08134794 0.0325028151
v 3.40657401 5.04639387 0.0789022595
v 3.69762564 5.27568197 0.0562341958
v 3.67736793 5.30711317 0.0847748891
v 3.65632343 5.3295908 0.0486283079
v 3.67693901 5.29740191 0.0182753708
v 3.69762564 5.27568197 0.0562341996
v 4.04182196 5.54657555 0.000180921081
v 4.02828646 5.56908989 0.0215404499
v 4.01266479 5.58434534 -0.00514650531
v 4.0267334 5.56109905 -0.0266094021
v 4.04182196 5.54657555 0.000180925141
v 4.02751303 5.56511116 -0.00243351678
v 4.02751303 5.56511116 -0.00243351678
v 4.02751303 5.56511116 -0.00243351678
v 4.02751303 5.56511116 -0.00243351678
v 4.02751303 5.56511116 -0.00243351678
v 2.36773491 3.96059895 -1.4394443
v 2.4763453 3.97812462 -1.38358748
v 2.51192951 4.1089201 -1.42221129
v 2.3996377 4.09161854 -1.47645104
v 2.36773491 3.96059895 -1.4394443
v 2.65839267 4.05382824 -1.83724058
v 2.73327494 4.06438732 -1.78623605
v 2.70687604 4.14900827 -1.76479387
v 2.63392639 4.13705826 -1.81522429
v 2.65839267 4.05382824 -1.83724058
v 2.81597924 4.25821686 -2.08954787
v 2.87766266 4.26785564 -2.04802322
v 2.85161662 4.33366442 -2.0225389
v 2.78846526 4.32464695 -2.06452799
v 2.81597924 4.25821686 -2.08954787
v 2.94833374 4.37562609 -2.31085277
v 3.00612736 4.39130116 -2.29657984
v 2.9881134 4.44760799 -2.27813864
v 2.92881417 4.43218851 -2.29253483
v 2.94833374 4.37562609 -2.31085277
v 2.8863771 4.46836662 -2.61586022
v 2.93347001 4.48517752 -2.6157558
v 2.91924214 4.52848577 -2.59532571
v 2.87078214 4.51233864 -2.59494615
v 2.8863771 4.46836662 -2.61586022
v 2.8546679 4.74609089 -3.07272005
v 2.88570046 4.75483942 -3.07019186
v 2.87615156 4.7813673 -3.0540452
v 2.84528017 4.77233934 -3.05674815
v 2.8546679 4.74609089 -3.07272005
v 2.86535931 4.76364613 -3.06342649
v 2.86535931 4.76364613 -3.06342649
v 2.86535931 4.76364613 -3.06342649
v 2.86535931 4.76364613 -3.06342649
v 2.86535931 4.76364613 -3.06342649
v 2.3964386 3.99424958 -1.29608405
v 2.50549078 4.15142584 -1.38876343
v 2.48670816 4.08872223 -1.48424625
v 2.21328712 3.8598702 -1.34850252
v 2.3964386 3.99424958 -1.29608405
v 2.93763113 4.30734158 -1.43417871
v 2.91870213 4.3882513 -1.47727609
v 2.92082834 4.3447566 -1.56031656
v 2.93923163 4.26705599 -1.51595974
v 2.93763113 4.30734158 -1.43417871
v 3.28902745 4.25708532 -1.42845273
v 3.27441359 4.32423973 -1.46497321
v 3.2791388 4.28913927 -1.53412402
v 3.29413199 4.21994495 -1.49845517
v 3.28902745 4.25708532 -1.42845273
v 3.56007171 4.42306995 -1.46869898
v 3.53769898 4.47791243 -1.50042176
v 3.54976654 4.45051527 -1.56026018
v 3.57240868 4.39504099 -1.5291692
v 3.56007171 4.42306995 -1.46869898
v 3.89259601 4.50659657 -1.43224871
v 3.89234543 4.55814171 -1.45615637
v 3.89934182 4.53581524 -1.50833476
v 3.8997581 4.48195505 -1.48475671
v 3.89259601 4.50659657 -1.43224871
v 4.37580442 4.4483285 -1.39852655
v 4.36971664 4.48825121 -1.41594625
v 4.37127352 4.46948147 -1.45604992
v 4.3772893 4.43021441 -1.43788469
v 4.37580442 4.4483285 -1.39852655
v 4.77806091 4.62547541 -1.46815157
v 4.76480675 4.65174341 -1.47986817
v 4.76572657 4.63930893 -1.50900495
v 4.77937222 4.61198711 -1.49772763
v 4.77806091 4.62547541 -1.46815157
v 4.77189827 4.63238716 -1.48856342
v 4.77189827 4.63238716 -1.48856342
v 4.77189827 4.63238716 -1.48856342
v 4.77189827 4.63238716 -1.48856342
v 4.77189827 4.63238716 -1.48856342
v -0.0865211263 5.42703915 2.2935288
v -0.0310246311 5.53023529 2.33729768
v 0.0330125466 5.46369553 2.40095043
v -0.0276649185 5.36420298 2.366184
v -0.0865211263 5.42703915 2.2935288
v -0.411893547 5.9022851 2.56727409
v -0.341130018 5.95175123 2.5588901
v -0.309605658 5.92040777 2.63402176
v -0.380263865 5.87235212 2.64041877
v -0.411893547 5.9022851 2.56727409
v -0.633381426 6.36298084 2.95081067
v -0.578628302 6.38308954 2.93562794
v -0.554365993 6.35893869 2.98480177
v -0.60886693 6.33850622 3.0006187
v -0.633381426 6.36298084 2.95081067
v -0.603312969 6.86681318 3.16530466
v -0.561345935 6.87529659 3.14942384
v -0.544728458 6.85737324 3.18608689
v -0.583934128 6.84927177 3.20127821
v -0.603312969 6.86681318 3.16530442
v -0.624695718 7.27606535 3.40727592
v -0.595641315 7.28395987 3.39741325
v -0.582932949 7.2702899 3.42256927
v -0.611791015 7.26196051 3.43320584
v -0.624695718 7.27606535 3.40727592
v -0.603580236 7.2731452 3.41500831
v -0.603580236 7.2731452 3.41500831
v -0.603580236 7.2731452 3.41500831
v -0.603580236 7.2731452 3.41500831
v -0.603580236 7.2731452 3.41500831
v 0.04951711 5.33697653 2.29586196
v -0.0530055091 5.37004375 2.26876998
v -0.0282051004 5.50416231 2.35591912
v 0.0735293403 5.47763205 2.40292215
v 0.0495170988 5.33697653 2.29586196
v 0.0407623872 5.64209795 2.86837935
v -0.0447165333 5.67582417 2.86953378
v -0.0138675068 5.75579214 2.83584785
v 0.0686677545 5.72061729 2.83567572
v 0.040762376 5.64209795 2.86837935
v 0.161809623 5.7375927 3.31970668
v 0.0937676877 5.75951719 3.30941463
v 0.116622165 5.82178116 3.27975965
v 0.187242404 5.80038071 3.28979731
v 0.161809623 5.7375927 3.31970668
v 0.0257842131 6.06462622 3.6905899
v -0.0265746005 6.07076454 3.66468024
v -0.00955841877 6.1206646 3.63891482
v 0.0443449356 6.11558008 3.66477537
v 0.0257842056 6.06462622 3.6905899
v -0.174453333 6.27235126 4.10088205
v -0.216635585 6.27727699 4.08366394
v -0.204601035 6.32012272 4.07073355
v -0.162871733 6.31409025 4.08823395
v -0.174453333 6.27235126 4.10088205
v -0.318327338 6.45464849 4.62426043
v -0.347419024 6.45961046 4.61493158
v -0.340289652 6.48885155 4.60711527
v -0.310308754 6.48425484 4.61655807
v -0.318327338 6.45464849 4.62426043
v -0.329257756 6.4716711 4.61572742
v -0.329257756 6.4716711 4.61572742
v -0.329257756 6.4716711 4.61572742
v -0.329257756 6.4716711 4.61572742
v -0.329257756 6.4716711 4.61572742
v 0.719340622 6.34750509 1.85084319
v 0.781303704 6.44044447 1.77910304
v 0.877343178 6.4110713 1.8206408
v 0.833109081 6.41392565 1.92450738
v 0.719340622 6.34750509 1.85084319
v 1.05670929 6.72299147 2.16771698
v 1.09756601 6.73715925 2.09558392
v 1.15607667 6.68069506 2.11745143
v 1.114645 6.66841984 2.18718815
v 1.05670929 6.72299147 2.16771698
v 1.25937104 7.10690165 2.28191566
v 1.28807712 7.11418819 2.2283659
v 1.33578026 7.08030987 2.24771571
v 1.3070128 7.07217693 2.30333662
v 1.25937104 7.10690165 2.28191566
v 1.47054768 7.44300175 2.46415353
v 1.49663806 7.45525837 2.42861414
v 1.52750957 7.42254639 2.43830395
v 1.50124252 7.40913391 2.47525978
v 1.47054768 7.44300175 2.46415353
v 1.7106055 7.6558795 2.78508735
v 1.72991979 7.66710997 2.76394844
v 1.74762166 7.64224434 2.76795053
v 1.72828865 7.63134146 2.78888488
v 1.7106055 7.6558795 2.78508735
v 1.72909701 7.64906788 2.77652669
v 1.72909701 7.64906788 2.77652669
v 1.72909701 7.64906788 2.77652669
v 1.72909701 7.64906788 2.77652669
v 1.72909701 7.64906788 2.77652669
v 0.841864228 6.3208313 1.76781106
v 0.7190606 6.13980865 1.87319827
v 0.794836879 6.43953991 1.88162577
v 0.801556051 6.45547104 1.77198958
v 0.841864228 6.3208313 1.76781106
v 1.11947381 6.87880659 1.66218245
v 1.12754142 6.88848686 1.73865616
v 1.05708992 6.92147779 1.74228835
v 1.05114985 6.91105318 1.66714406
v 1.11947381 6.87880659 1.66218245
v 1.29815698 7.33965206 1.63205755
v 1.30475986 7.35113859 1.68098938
v 1.25773954 7.36918688 1.68456125
v 1.25048459 7.3578763 1.63541806
v 1.29815698 7.33965206 1.63205755
v 1.42315209 7.78343439 1.43123412
v 1.42984056 7.79496765 1.45937264
v 1.40072024 7.8046608 1.46108258
v 1.39467466 7.79345226 1.43402231
v 1.42315209 7.78343439 1.43123412
v 1.41178632 7.79418945 1.44635773
v 1.41178632 7.79418945 1.44635773
v 1.41178632 7.79418945 1.44635773
v 1.41178632 7.79418945 1.44635773
v 1.41178632 7.79418945 1.44635773
v 0.473241597 5.31027126 1.22111583
v 0.377707183 5.28110838 1.36388683
v 0.699258208 5.80835772 1.61986637
v 0.457051277 5.526824 1.24126208
v 0.473241597 5.31027126 1.22111583
v 0.891979218 5.59262133 1.52238894
v 0.849126041 5.59566832 1.65964484
v 0.771960795 5.71346521 1.63359427
v 0.814438283 5.71048832 1.4974364
v 0.891979218 5.59262133 1.52238894
v 1.38473761 6.05970907 1.49659729
v 1.37466836 6.07558537 1.6037637
v 1.31615472 6.16607904 1.58655739
v 1.32565916 6.15107107 1.47714579
v 1.38473773 6.05970907 1.49659729
v 1.7893858 6.25422144 1.52873778
v 1.78301287 6.26911736 1.61420655
v 1.74934876 6.34837627 1.60036659
v 1.7554549 6.33410978 1.51337159
v 1.7893858 6.25422144 1.52873778
v 2.28529882 6.46626282 1.51110029
v 2.27890754 6.47670555 1.5756613
v 2.25178814 6.53662634 1.56561232
v 2.25792217 6.5269165 1.497949
v 2.28529882 6.46626282 1.51110041
v 2.70653152 6.6956172 1.56395304
v 2.69899964 6.70019197 1.61232078
v 2.67738485 6.74398804 1.60307574
v 2.68544865 6.73829937 1.55510986
v 2.70653152 6.6956172 1.56395304
v 2.69212389 6.71952772 1.58329201
v 2.69212389 6.71952772 1.58329201
v 2.69212389 6.71952772 1.58329201
v 2.69212389 6.71952772 1.58329201
v 2.69212389 6.71952772 1.58329201
v 0.147048548 5.07216215 0.828215599
v 0.30399546 5.0004015 0.998058915
v 0.0358742885 5.37605715 1.04529619
v -0.104211703 5.38476229 0.887978494
v 0.147048593 5.07216215 0.828215599
v -0.184328303 5.47835302 0.697189033
v -0.0968854502 5.5563488 0.8160972
v -0.209432244 5.51250458 0.929675519
v -0.298263937 5.43400097 0.812324882
v -0.184328273 5.47835302 0.697189033
v -0.476948738 5.69947529 0.61234051
v -0.415284485 5.7827034 0.710267365
v -0.495690048 5.72314835 0.811766207
v -0.554602265 5.64269114 0.713794887
v -0.476948738 5.69947529 0.61234051
v -0.74138099 6.05689001 0.629063308
v -0.691306412 6.12637901 0.710686624
v -0.747979701 6.06770134 0.797525406
v -0.798136175 5.99798441 0.714742184
v -0.74138099 6.05689001 0.629063308
v -1.13689697 6.24305439 0.588567436
v -1.11375988 6.30719042 0.646779537
v -1.16383588 6.26936197 0.711873591
v -1.18840671 6.20268536 0.652767658
v -1.13689685 6.24305439 0.588567436
v -1.39148569 6.4952364 0.435752541
v -1.36231899 6.5361042 0.485658705
v -1.40924406 6.51354599 0.533920765
v -1.43958306 6.47160816 0.483711153
v -1.39148569 6.4952364 0.435752541
v -1.62281013 6.8304863 0.419317037
v -1.59489322 6.85285807 0.45905298
v -1.6273129 6.83357954 0.495507598
v -1.65600026 6.81079102 0.457149535
v -1.62281013 6.8304863 0.419317037
v -1.62510288 6.83206129 0.458111972
v -1.62510288 6.83206129 0.458111972
v -1.62510288 6.83206129 0.458111972
v -1.62510288 6.83206129 0.458111972
v -1.62510288 6.83206129 0.458111972
v -0.198609382 6.06069851 1.20181799
v -0.309498817 6.04329967 1.20023477
v -0.316600889 6.06446314 1.09002185
v -0.204612345 6.08227062 1.09045458
v -0.198609397 6.06069851 1.20181799
v -0.137413353 6.43097115 1.40409327
v -0.230483755 6.44200325 1.4137361
v -0.232045442 6.49710989 1.33749199
v -0.140319049 6.48558235 1.32889974
v -0.137413353 6.43097115 1.40409327
v -0.0824368075 6.82645559 1.72795939
v -0.157717198 6.82729673 1.72971857
v -0.15994367 6.87049627 1.66820765
v -0.0832040235 6.87062931 1.66500258
v -0.0824368149 6.82645559 1.72795939
v -0.134840801 7.30707932 1.99293339
v -0.192801908 7.30009127 1.98953378
v -0.194816142 7.33024836 1.93939161
v -0.135647863 7.33796549 1.94190109
v -0.134840816 7.30707932 1.99293339
v -0.241657749 7.7544136 2.27341819
v -0.286361694 7.75074434 2.27354836
v -0.286560893 7.77175426 2.23332763
v -0.242004544 7.77484083 2.23428893
v -0.241657749 7.7544136 2.27341819
v -0.22571139 8.24121475 2.46685719
v -0.256237745 8.24224949 2.46780229
v -0.256920725 8.25396919 2.43942404
v -0.225392357 8.25317192 2.43778968
v -0.22571139 8.24121475 2.46685719
v -0.241238922 8.2475605 2.45320845
v -0.241238922 8.2475605 2.45320845
v -0.241238922 8.2475605 2.45320845
v -0.241238922 8.2475605 2.45320845
v -0.241238922 8.2475605 2.45320845
v -0.317973912 5.89468813 1.12771249
v -0.323331803 6.05168772 1.06955278
v -0.229178846 6.06980038 1.13268876
v -0.234994292 5.93414068 1.19859695
v -0.317973912 5.89468813 1.12771249
v -0.665944874 6.53805161 1.03674364
v -0.618239999 6.55218363 0.967740357
v -0.55567354 6.58397436 1.01678789
v -0.604345918 6.56922817 1.08373928
v -0.665944874 6.53805161 1.03674364
v -0.76688379 6.9317956 1.03968024
v -0.733957827 6.94886017 0.987621784
v -0.689558804 6.97880077 1.02351165
v -0.722885251 6.96162605 1.07768834
v -0.76688379 6.9317956 1.03968024
v -1.06144214 7.21541262 0.987928748
v -1.04118609 7.23540497 0.947461247
v -1.01457846 7.26732063 0.974810064
v -1.03491175 7.24738073 1.01726103
v -1.06144214 7.21541262 0.987928748
v -1.46121132 7.57268476 0.999258935
v -1.45029175 7.58656216 0.972495615
v -1.43240237 7.60685015 0.990807354
v -1.44383419 7.59235716 1.01793396
v -1.46121132 7.57268476 0.999258935
v -1.44707751 7.58944654 0.995112538
v -1.44707751 7.58944654 0.995112538
v -1.44707751 7.58944654 0.995112538
v -1.44707751 7.58944654 0.995112538
v -1.44707751 7.58944654 0.995112538
v -0.51940006 3.79947662 -1.03556776
v -0.626100123 3.66046786 -1.12513661
v -0.776187956 3.96226811 -1.51696563
v -0.482231677 3.89802504 -1.26620841
v -0.519400239 3.79947662 -1.035568
v -0.699291468 4.23056793 -1.49626684
v -0.774365544 4.10832548 -1.56815815
v -0.639868319 4.06962299 -1.64484167
v -0.564478099 4.19098806 -1.57375765
v -0.699291468 4.23056793 -1.49626684
v -0.908458233 4.52737045 -1.99759555
v -0.960143685 4.41233635 -2.01886797
v -0.848059773 4.36940193 -2.06567287
v -0.798923731 4.48463011 -2.04358459
v -0.908458233 4.52737045 -1.99759555
v -0.958717704 4.53205872 -2.32707238
v -0.998687088 4.43573618 -2.33895087
v -0.906986296 4.40024328 -2.37518978
v -0.864148021 4.49764442 -2.36390305
v -0.958717763 4.53205872 -2.32707238
v -1.15136254 4.7236619 -2.77319765
v -1.18839741 4.66265583 -2.80178308
v -1.12982857 4.64651537 -2.84849596
v -1.09188819 4.70767307 -2.82030535
v -1.15136266 4.7236619 -2.77319765
v -1.36118853 5.08940315 -3.06390333
v -1.39103699 5.05234385 -3.09086299
v -1.35328829 5.04623652 -3.12765098
v -1.32309783 5.08207893 -3.1025784
v -1.36118853 5.08940315 -3.06390333
v -1.35712266 5.06718731 -3.09671116
v -1.35712266 5.06718731 -3.09671116
v -1.35712266 5.06718731 -3.09671116
v -1.35712266 5.06718731 -3.09671116
v -1.35712266 5.06718731 -3.09671116
v -0.806993902 3.75867939 -1.33333099
v -0.736327469 3.78113723 -1.49409711
v -0.707990587 3.94693255 -1.46105981
v -0.730314016 3.91035843 -1.26163161
v -0.806993961 3.75867939 -1.33333111
v -1.27927065 3.68443251 -1.91313636
v -1.18974996 3.68940949 -2.00146317
v -1.1848526 3.81467128 -1.98968792
v -1.27228498 3.80662179 -1.90384543
v -1.27927065 3.68443251 -1.91313636
v -1.61886716 3.85884356 -2.22443008
v -1.52922773 3.85483861 -2.26478601
v -1.51508236 3.95044231 -2.24665809
v -1.6060977 3.9563942 -2.20520306
v -1.61886716 3.85884356 -2.22443008
v -1.59258068 3.91823506 -2.8325901
v -1.53062117 3.9161098 -2.86112881
v -1.52450264 3.9840095 -2.85686898
v -1.58724475 3.98698759 -2.8278842
v -1.59258068 3.91823506 -2.8325901
v -1.97070038 3.97632551 -3.15707922
v -1.9393357 3.97449923 -3.19466639
v -1.93520188 4.02138758 -3.19269013
v -1.96449304 4.02368832 -3.15750027
v -1.97070038 3.97632551 -3.15707922
v -1.95224893 3.99974799 -3.17558908
v -1.95224893 3.99974799 -3.17558908
v -1.95224893 3.99974799 -3.17558908
v -1.95224893 3.99974799 -3.17558908
v -1.95224893 3.99974799 -3.17558908
v -0.716700196 3.70662189 -1.26709127
v -0.650564134 3.75114274 -1.44372368
v -0.62997061 3.92275929 -1.39532995
v -0.584681749 3.83946991 -1.12168026
v -0.716700196 3.70662189 -1.26709127
v -1.18960559 3.8917532 -1.49425364
v -1.13649976 3.92618012 -1.62371099
v -1.09363461 4.0534029 -1.57295084
v -1.14631307 4.01917934 -1.44465113
v -1.18960559 3.8917532 -1.49425364
v -1.6524694 4.17765522 -1.58317375
v -1.59911942 4.19924021 -1.68352938
v -1.55778253 4.29974318 -1.6413939
v -1.61177313 4.27689075 -1.54127562
v -1.6524694 4.17765522 -1.58317375
v -1.96557379 4.38400364 -1.81127846
v -1.92512894 4.40123463 -1.88778985
v -1.89636886 4.47971058 -1.85736501
v -1.93764865 4.46321392 -1.77787852
v -1.96557379 4.38400364 -1.81127846
v -2.27218795 4.54199457 -1.87162268
v -2.26296496 4.56308746 -1.93900979
v -2.24717498 4.62926435 -1.9179852
v -2.25631905 4.60871077 -1.84954584
v -2.27218795 4.54199457 -1.87162268
v -2.78330374 4.58724976 -1.84753346
v -2.78500962 4.60404253 -1.89577401
v -2.78103995 4.65014315 -1.87977505
v -2.7793622 4.63535929 -1.8342886
v -2.78330374 4.58724976 -1.84753358
v -2.78212309 4.620049 -1.8643477
v -2.78212309 4.620049 -1.8643477
v -2.78212309 4.620049 -1.8643477
v -2.78212309 4.620049 -1.8643477
v -2.78212309 4.620049 -1.8643477
v -1.46068525 4.76042843 0.01582665
v -1.59976435 4.70651197 -0.00861059129
v -1.8895036 5.02920485 0.372863203
v -1.49829364 4.88735533 -0.0565419346
v -1.46068525 4.76042843 0.01582665
v -1.74014866 4.82035828 0.365284652
v -1.83231699 4.75699425 0.307299227
v -1.87038684 4.86216593 0.251026183
v -1.77888489 4.92621183 0.30831188
v -1.74014866 4.82035828 0.365284652
v -2.00723791 4.8233428 0.631158531
v -2.06689334 4.76360703 0.563997626
v -2.10659552 4.85346365 0.518938243
v -2.04728651 4.90921164 0.585719407
v -2.00723791 4.8233428 0.631158531
v -2.49148083 4.83616495 0.943408549
v -2.52326751 4.7954812 0.890222967
v -2.54790878 4.85687256 0.855535686
v -2.51551175 4.89991665 0.90985316
v -2.49148083 4.83616495 0.943408549
v -2.84509182 4.8028264 1.12931395
v -2.86892033 4.77194786 1.08837557
v -2.88980389 4.81848526 1.06367242
v -2.86581254 4.8508873 1.10508978
v -2.84509182 4.8028264 1.12931395
v -3.1401546 4.77680731 1.3408643
v -3.16024256 4.75347614 1.31137359
v -3.1756978 4.78784466 1.29534507
v -3.15713573 4.81015921 1.32269204
v -3.1401546 4.77680731 1.3408643
v -3.15864897 4.78255033 1.31717908
v -3.15864897 4.78255033 1.31717908
v -3.15864897 4.78255033 1.31717908
v -3.15864897 4.78255033 1.31717908
v -3.15864897 4.78255033 1.31717908
v -2.28567672 5.44772053 0.465684265
v -2.32946205 5.3380661 0.49256435
v -2.45844626 5.40400028 0.426820815
v -2.40872383 5.50893736 0.395545959
v -2.28567672 5.44772053 0.465684295
v -2.73182464 5.62002277 0.649337947
v -2.76049232 5.5337944 0.670536399
v -2.80634809 5.52894449 0.589523017
v -2.77749729 5.61387682 0.569783866
v -2.73182464 5.62002277 0.649337947
v -2.9748106 5.76814651 0.803970933
v -3.00678515 5.69996738 0.826514125
v -3.05079603 5.69769812 0.760800481
v -3.01837969 5.76661634 0.738160193
v -2.9748106 5.76814651 0.803970933
v -3.31890678 5.99709845 1.00600266
v -3.34888029 5.95279408 1.02516162
v -3.37470436 5.94674969 0.975344598
v -3.34507155 5.99097347 0.955528915
v -3.31890678 5.99709845 1.00600266
v -3.57849193 6.24410963 1.05301332
v -3.60060334 6.20987129 1.06713498
v -3.61615396 6.20104933 1.02734363
v -3.59342575 6.23653603 1.01187468
v -3.57849193 6.24410963 1.05301332
v -3.86963058 6.3894453 1.12106061
v -3.88195682 6.360847 1.13192821
v -3.89273024 6.35484886 1.10136807
v -3.880445 6.38312387 1.09101844
v -3.86963058 6.3894453 1.12106061
v -3.88119102 6.37213135 1.11120534
v -3.88119102 6.37213135 1.11120534
v -3.88119102 6.37213135 1.11120534
v -3.88119102 6.37213135 1.11120534
v -3.88119102 6.37213135 1.11120534
v -2.39568281 5.38572168 0.351054519
v -2.40868449 5.50802898 0.397958636
v -2.41191506 5.45845175 0.505105615
v -2.42949486 5.34816408 0.458228648
v -2.39568257 5.38572168 0.35105449
v -2.9803412 5.45737982 0.294320852
v -2.95513892 5.53408384 0.332495749
v -2.94964814 5.49303818 0.411763698
v -2.97437549 5.41937208 0.372352242
v -2.9803412 5.45737982 0.294320852
v -3.35929275 5.62876511 0.537073851
v -3.33554626 5.68289518 0.564261973
v -3.31766343 5.64986753 0.61790061
v -3.34182596 5.59339428 0.590863407
v -3.35929275 5.62876511 0.537073851
v -3.75695682 5.63506174 0.684274852
v -3.74619365 5.67711115 0.708314836
v -3.72890592 5.65181303 0.747256219
v -3.7394855 5.60827875 0.723634243
v -3.75695682 5.63506174 0.684274852
v -4.17823935 5.63465118 0.932047784
v -4.17022705 5.66298246 0.94687444
v -4.1565938 5.64546585 0.971162617
v -4.16463518 5.61773109 0.956291556
v -4.17823935 5.63465118 0.932047784
v -4.16739559 5.64006901 0.951642871
v -4.16739559 5.64006901 0.951642871
v -4.16739559 5.64006901 0.951642871
v -4.16739559 5.64006901 0.951642871
v -4.16739559 5.64006901 0.951642871
v -0.642585874 4.88848257 -0.855983555
v -0.902055323 5.21961069 -0.980361104
v -0.767244875 4.5943532 -0.908914745
v -0.665464401 4.87271738 -1.03383482
v -0.642585993 4.88848305 -0.855983615
v -0.743895054 5.68864202 -1.07010424
v -0.866188049 5.68788958 -1.05966973
v -0.876652718 5.67701769 -1.18147719
v -0.756679118 5.67797995 -1.1891712
v -0.743895054 5.68864202 -1.07010424
v -0.759550214 6.29454899 -1.08409214
v -0.844281077 6.2938199 -1.07758319
v -0.852199018 6.28353262 -1.16159475
v -0.765639544 6.2840414 -1.17020369
v -0.759550214 6.29454899 -1.08409214
v -0.787683487 6.68251753 -1.19076359
v -0.851793826 6.68495369 -1.18672502
v -0.857852638 6.67309809 -1.24934781
v -0.793556333 6.67050982 -1.25415659
v -0.787683487 6.68251753 -1.19076359
v -0.761546195 7.05949545 -1.24956644
v -0.807528496 7.064116 -1.24749243
v -0.812321603 7.05843115 -1.29319417
v -0.765286326 7.05355978 -1.29639781
v -0.761546195 7.05949545 -1.24956644
v -0.786911726 7.05896378 -1.27136123
v -0.786911726 7.05896378 -1.27136123
v -0.786911726 7.05896378 -1.27136123
v -0.786911726 7.05896378 -1.27136123
v -0.786911726 7.05896378 -1.27136123
v -1.27970457 5.94524622 -1.45102394
v -1.3989476 5.95476151 -1.42179585
v -1.42699707 5.92008352 -1.53374755
v -1.29914403 5.87270689 -1.56011033
v -1.27970457 5.94524622 -1.45102394
v -1.40729415 6.5484004 -1.60372519
v -1.48482454 6.54083538 -1.58272648
v -1.50293767 6.51502466 -1.65741193
v -1.4263463 6.5231719 -1.6759249
v -1.40729415 6.5484004 -1.60372519
v -1.49339962 6.91436625 -1.74922228
v -1.5469358 6.91129541 -1.73664165
v -1.55799532 6.88467169 -1.78412533
v -1.50293064 6.8874507 -1.79779637
v -1.49339962 6.91436625 -1.74922228
v -1.57089138 7.30097389 -2.02559686
v -1.60308969 7.29994249 -2.01935816
v -1.6090157 7.28113604 -2.045295
v -1.57655823 7.28167582 -2.05231166
v -1.57089138 7.30097389 -2.02559686
v -1.59008312 7.29098749 -2.03551292
v -1.59008312 7.29098749 -2.03551292
v -1.59008312 7.29098749 -2.03551292
v -1.59008312 7.29098749 -2.03551292
v -1.59008312 7.29098749 -2.03551292
v -1.31436157 5.72576666 -1.52879918
v -1.23716712 5.81555223 -1.50208771
v -1.37282801 5.95474434 -1.47591352
v -1.45508933 5.86979866 -1.50543892
v -1.31436157 5.72576666 -1.5287993
v -1.64034057 6.18777752 -1.78731239
v -1.58909118 6.25391626 -1.77334273
v -1.63439083 6.27464485 -1.70466518
v -1.68328643 6.20959997 -1.7199825
v -1.64034057 6.18777752 -1.78731239
v -1.85728145 6.34752846 -2.01189566
v -1.8241725 6.39869547 -2.00502253
v -1.86282039 6.41918564 -1.96216118
v -1.89747727 6.36746454 -1.96818948
v -1.85728133 6.34752846 -2.01189566
v -2.12210083 6.6275363 -2.41412854
v -2.10355878 6.65416908 -2.40898037
v -2.12525702 6.66682005 -2.38710165
v -2.14504123 6.63920927 -2.39208102
v -2.12210083 6.6275363 -2.41412854
v -2.12365818 6.64692068 -2.40079212
v -2.12365818 6.64692068 -2.40079212
v -2.12365818 6.64692068 -2.40079212
v -2.12365818 6.64692068 -2.40079212
v -2.12365818 6.64692068 -2.40079212
v 3.18838978 7.21290255 0.14567481
v 2.04025388 5.126966 0.158773571
v 0.746860266 5.8241663 -2.18312144
v 1.89499617 7.91010284 -2.1962204
v 3.18838978 7.21290255 0.14567481
v 2.04025388 5.126966 0.158773571
v 0.746860266 5.8241663 -2.18312144
v 1.89499617 7.91010284 -2.1962204
v 3.90472293 7.81235743 -0.808235526
v 2.98203421 6.36865902 -1.18286085
v 1.25564468 7.44281149 -1.07029808
v 2.17833352 8.88650894 -0.695672691
v 3.90472293 7.81235743 -0.808235526
v 2.98203421 6.36865902 -1.18286085
v 1.25564468 7.44281149 -1.07029808
v 2.17833352 8.88650894 -0.695672691
v 4.30996799 7.76080227 -2.1674242
v 3.03713083 6.03393984 -1.46114469
v 1.13922036 7.71098185 -0.781115234
v 2.41205764 9.43784523 -1.48739481
v 4.30996799 7.76080227 -2.1674242
v 3.03713083 6.03393984 -1.46114469
v 1.13922036 7.71098185 -0.781115234
v 2.41205764 9.43784523 -1.48739481
v 2.17802477 8.95150089 -2.97336125
v 0.797137082 7.24063778 -1.63038337
v 3.32126808 6.03872299 -0.56615752
v 4.70215607 7.74958658 -1.90913558
v 2.17802477 8.95150089 -2.97336125
v 0.797137082 7.24063778 -1.63038337
v 3.32126808 6.03872299 -0.56615752
v 4.70215607 7.74958658 -1.90913558
v 2.04730821 8.86949158 -1.52558696
v 1.00952363 7.2169733 -0.850850999
v 2.88481331 5.82172966 -1.38367891
v 3.92259789 7.47424793 -2.05841494
v 2.04730821 8.86949158 -1.52558696
v 1.00952363 7.2169733 -0.850850999
v 2.88481331 5.82172966 -1.38367891
v 3.92259789 7.47424793 -2.05841494
v 1.45958161 8.45457172 -2.03000927
v 0.971324384 7.01542377 -0.880535066
v 2.86480188 5.98137903 -1.37088025
v 3.35305929 7.4205265 -2.52035427
v 1.45958161 8.45457172 -2.03000927
v 0.971324384 7.01542377 -0.880535066
v 2.86480188 5.98137903 -1.37088025
v 3.35305929 7.4205265 -2.52035427
v 2.43231225 8.88879681 -2.39349055
v 1.40308309 6.65845108 -2.35923195
v 2.33418989 6.26975727 0.308729738
v 3.36341929 8.500103 0.274471074
v 2.43231225 8.88879681 -2.39349055
v 1.40308309 6.65845108 -2.35923195
v 2.33418989 6.26975727 0.308729738
v 3.36341929 8.500103 0.274471074
v 2.46320391 8.35005665 0.358855188
v 1.78495598 5.9518404 0.391004324
v 1.51916122 5.98838186 -2.49056864
v 2.19740915 8.38659859 -2.52271771
v 2.46320391 8.35005665 0.358855188
v 1.78495598 5.9518404 0.391004324
v 1.51916122 5.98838186 -2.49056864
v 2.19740915 8.38659859 -2.52271771
v 2.09771013 8.49984932 -1.59899116
v 1.23023248 7.16069746 -1.16846359
v 2.8547833 6.14630318 -1.05039191
v 3.72226095 7.48545599 -1.48091948
v 2.09771013 8.49984932 -1.59899116
v 1.23023248 7.16069746 -1.16846359
v 2.8547833 6.14630318 -1.05039191
v 3.72226095 7.48545599 -1.48091948
v 1.36982489 7.82724571 0.827387094
v 2.36368251 5.72438145 -0.25342676
v -0.224749207 5.21020222 -1.63320541
v -1.21860659 7.31306696 -0.552391529
v 1.36982489 7.82724571 0.827387094
v 2.36368251 5.72438145 -0.25342676
v -0.224749207 5.21020222 -1.63320541
v -1.21860659 7.31306696 -0.552391529
v -0.0759150833 7.23807669 -1.20622718
v 0.201691881 5.42920923 -1.34408891
v 2.13943315 5.66138983 -0.488541961
v 1.86182606 7.47025728 -0.350680262
v -0.0759150833 7.23807669 -1.20622718
v 0.201691881 5.42920923 -1.34408891
v 2.13943315 5.66138983 -0.488541961
v 1.86182606 7.47025728 -0.350680262
v 1.00950873 7.53517532 1.15403104
v 1.80268157 5.94004774 0.0210700743
v 0.121476978 6.33905649 -1.71769714
v -0.671695828 7.93418407 -0.584736228
v 1.00950873 7.53517532 1.15403104
v 1.80268157 5.94004774 0.0210700743
v 0.121476978 6.33905649 -1.71769714
v -0.671695828 7.93418407 -0.584736228
v 1.62524045 7.73016167 0.80361557
v 1.87671542 6.48608446 -0.302164048
v 0.126809448 6.8396163 -1.09787333
v -0.124665566 8.0836935 0.00790624227
v 1.62524045 7.73016167 0.80361557
v 1.87671542 6.48608446 -0.302164048
v 0.126809448 6.8396163 -1.09787333
v -0.124665566 8.0836935 0.00790624227
v 1.31284285 9.28757763 -1.27363586
v 0.780668914 7.31407309 -1.7021848
v 1.29650187 6.67926693 0.580589652
v 1.82867587 8.65277195 1.00913858
v 1.31284285 9.28757763 -1.27363586
v 0.780668914 7.31407309 -1.7021848
v 1.29650187 6.67926693 0.580589652
v 1.82867587 8.65277195 1.00913858
v 0.603168726 7.85469913 0.960766494
v 1.40374815 6.555686 0.180937558
v 0.606408894 7.10733366 -1.55653465
v -0.194170609 8.40634727 -0.776705682
v 0.603168726 7.85469913 0.960766494
v 1.40374815 6.555686 0.180937558
v 0.606408894 7.10733366 -1.55653465
v -0.194170609 8.40634727 -0.776705682
v 1.50022459 7.39362049 -2.34034348
v 0.805057049 5.37569475 -2.07968187
v 1.65825593 5.38484144 0.266552895
v 2.3534236 7.40276718 0.00589143811
v 1.50022459 7.39362049 -2.34034348
v 0.805057049 5.37569475 -2.07968187
v 1.65825593 5.38484144 0.266552895
v 2.3534236 7.40276718 0.00589143811
v 1.59073591 7.78479195 0.92253232
v 2.03380537 6.42553377 -0.372685909
v -0.0753331706 6.4560318 -1.12618768
v -0.518402398 7.8152895 0.169030517
v 1.59073591 7.78479195 0.92253232
v 2.03380537 6.42553377 -0.372685909
v -0.0753331706 6.4560318 -1.12618768
v -0.518402398 7.8152895 0.169030517
v 0.559336424 8.15057755 0.985651076
v 0.87586689 6.16552114 0.369306684
v 1.21186626 6.93122768 -1.9242444
v 0.895335793 8.91628456 -1.30790007
v 0.559336424 8.15057755 0.985651076
v 0.87586689 6.16552114 0.369306684
v 1.21186626 6.93122768 -1.9242444
v 0.895335793 8.91628456 -1.30790007
v 3.17762542 7.63091278 -3.32981992
v 2.4162178 5.90396261 -2.6280756
v 0.739141226 7.09497452 -1.51673257
v 1.50054884 8.82192421 -2.21847677
v 3.17762542 7.63091278 -3.32981992
v 2.4162178 5.90396261 -2.6280756
v 0.739141226 7.09497452 -1.51673257
v 1.50054884 8.82192421 -2.21847677
v 1.4402616 6.94557571 -3.47068787
v 1.00658846 6.13531303 -2.4278326
v 2.24500847 6.63734102 -1.52277517
v 2.67868137 7.4476037 -2.56563044
v 1.4402616 6.94557571 -3.47068787
v 1.00658846 6.13531303 -2.4278326
v 2.24500847 6.63734102 -1.52277517
v 2.67868137 7.4476037 -2.56563044
v 3.05556536 7.6717515 -2.99195814
v 2.68347025 6.15092468 -1.62343109
v 0.323136032 6.28768349 -2.11321449
v 0.69523114 7.80851078 -3.48174167
v 3.05556536 7.6717515 -2.99195814
v 2.68347025 6.15092468 -1.62343109
v 0.323136032 6.28768349 -2.11321449
v 0.69523114 7.80851078 -3.48174167
v 1.32475638 6.44576931 -3.58288097
v 0.795468211 6.14683819 -2.19807625
v 2.4153173 6.31778383 -1.54205036
v 2.94460535 6.61671495 -2.92685509
v 1.32475638 6.44576931 -3.58288097
v 0.795468211 6.14683819 -2.19807625
v 2.4153173 6.31778383 -1.54205036
v 2.94460535 6.61671495 -2.92685509
v 1.22536576 8.65024757 -3.10460949
v 0.702412665 7.11859655 -1.47381175
v 2.54909921 5.45546055 -2.4436512
v 3.07205248 6.98711157 -4.07444906
v 1.22536576 8.65024757 -3.10460949
v 0.702412665 7.11859655 -1.47381175
v 2.54909921 5.45546055 -2.4436512
v 3.07205248 6.98711157 -4.07444906
v 2.78779364 7.47248983 -3.43496418
v 2.49384046 5.86466789 -2.32521296
v 0.580694079 6.8016715 -1.47442794
v 0.8746472 8.40949345 -2.58417916
v 2.78779364 7.47248983 -3.43496418
v 2.49384046 5.86466789 -2.32521296
v 0.580694079 6.8016715 -1.47442794
v 0.8746472 8.40949345 -2.58417916
v 1.0207864 7.53158188 -3.32363391
v 0.825095117 6.65762997 -2.1876061
v 2.47526121 6.34765911 -2.14181161
v 2.67095232 7.22161102 -3.27783942
v 1.0207864 7.53158188 -3.32363391
v 0.825095117 6.65762997 -2.1876061
v 2.47526121 6.34765911 -2.14181161
v 2.67095232 7.22161102 -3.27783942
v 2.88426876 7.65023279 -2.99681664
v 2.63296056 5.9836607 -1.92030811
v 0.360645741 6.43254185 -1.75584936
v 0.611953855 8.09911346 -2.83235765
v 2.88426876 7.65023279 -2.99681664
v 2.63296056 5.9836607 -1.92030811
v 0.360645741 6.43254185 -1.75584936
v 0.611953855 8.09911346 -2.83235765
v 1.8136847 8.23159695 -2.64126444
v 1.4347086 7.13140059 -1.55192077
v 1.80924177 5.79264832 -2.77371168
v 2.18821788 6.8928442 -3.86305523
v 1.8136847 8.23159695 -2.64126444
v 1.4347086 7.13140059 -1.55192077
v 1.80924177 5.79264832 -2.77371168
v 2.18821788 6.8928442 -3.86305523
v 4.97404861 6.31107712 -1.79325461
v 3.53773594 5.81164217 -0.817168713
v 4.1025176 3.80070806 -1.01502728
v 5.53883028 4.30014277 -1.99111319
v 4.97404861 6.31107712 -1.79325461
v 3.53773594 5.81164217 -0.817168713
v 4.1025176 3.80070806 -1.01502728
v 5.53883028 4.30014277 -1.99111319
v 3.89528441 6.11878729 -1.88051295
v 3.09992576 5.60843515 -0.577968121
v 3.64566469 3.85664463 -0.931101263
v 4.44102335 4.36699677 -2.23364615
v 3.89528441 6.11878729 -1.88051295
v 3.09992576 5.60843515 -0.577968121
v 3.64566469 3.85664463 -0.931101263
v 4.44102335 4.36699677 -2.23364615
v 3.79297638 4.89077902 -1.90721047
v 2.03471422 5.03980303 -1.18504202
v 2.59805489 3.67859292 0.467416883
v 4.35631657 3.52956867 -0.254751712
v 3.79297638 4.89077902 -1.90721047
v 2.03471422 5.03980303 -1.18504202
v 2.59805489 3.67859292 0.467416883
v 4.35631657 3.52956867 -0.254751712
v 5.99453402 5.70958996 -0.462641597
v 4.20092773 4.17851067 0.161542997
v 2.47225165 5.44989634 -1.6872251
v 4.26585817 6.98097563 -2.31140971
v 5.99453402 5.70958996 -0.462641597
v 4.20092773 4.17851067 0.161542997
v 2.47225165 5.44989634 -1.6872251
v 4.26585817 6.98097563 -2.31140971
v 4.72580433 4.42267561 -2.66739082
v 3.27070904 4.91369772 -1.74832261
v 4.33229828 4.73302364 0.0289427713
v 5.78739357 4.24200153 -0.890125513
v 4.72580433 4.42267561 -2.66739082
v 3.27070904 4.91369772 -1.74832261
v 4.33229828 4.73302364 0.0289427713
v 5.78739357 4.24200153 -0.890125513
v 4.15417671 4.64784384 -2.37882757
v 2.96226978 4.95954323 -1.44950414
v 3.97327662 4.57032681 -0.0222887285
v 5.16518354 4.25862741 -0.951612175
v 4.15417671 4.64784384 -2.37882757
v 2.96226978 4.95954323 -1.44950414
v 3.97327662 4.57032681 -0.0222887285
v 5.16518354 4.25862741 -0.951612175
v 4.58816051 6.19146729 -1.54900515
v 3.79488397 5.55087519 -0.465657651
v 3.7253561 4.08797026 -1.38159692
v 4.51863241 4.72856236 -2.46494436
v 4.58816051 6.19146729 -1.54900515
v 3.79488397 5.55087519 -0.465657651
v 3.7253561 4.08797026 -1.38159692
v 4.51863241 4.72856236 -2.46494436
v 4.04315805 6.9080863 -1.01575875
v 1.88562965 5.75819826 0.0479278378
v 2.88934422 2.99026275 -0.908437252
v 5.04687214 4.14015055 -1.97212386
v 4.04315805 6.9080863 -1.01575875
v 1.88562965 5.75819826 0.0479278378
v 2.88934422 2.99026275 -0.908437252
v 5.04687214 4.14015055 -1.97212386
v 4.64156342 4.60202026 -0.169459581
v 3.51440358 3.90789557 -0.418229043
v 2.7708056 5.23945522 -0.764390588
v 3.89796591 5.93357992 -0.515621126
v 4.64156342 4.60202026 -0.169459581
v 3.51440358 3.90789557 -0.418229043
v 2.7708056 5.23945522 -0.764390588
v 3.89796591 5.93357992 -0.515621126
v 2.88853693 7.46410179 1.63773811
v 3.0165801 5.86752129 1.30167067
v 2.72353411 6.23171425 -0.540179491
v 2.59549093 7.82829475 -0.204112053
v 2.88853693 7.46410179 1.63773811
v 3.0165801 5.86752129 1.30167067
v 2.72353411 6.23171425 -0.540179491
v 2.59549093 7.82829475 -0.204112053
v 3.17766237 8.32717514 0.272023022
v 2.03261113 6.54173803 -0.202632412
v 3.68849897 5.13769197 1.08411312
v 4.83354998 6.92312956 1.55876863
v 3.17766237 8.32717514 0.272023022
v 2.03261113 6.54173803 -0.202632412
v 3.68849897 5.13769197 1.08411312
v 4.83354998 6.92312956 1.55876863
v 2.47292137 7.04545736 1.28568339
v 2.14031482 5.2245574 1.1600194
v 2.87909174 5.22925997 -0.863514245
v 3.21169829 7.05015993 -0.737850368
v 2.47292137 7.04545736 1.28568339
v 2.14031482 5.2245574 1.1600194
v 2.87909174 5.22925997 -0.863514245
v 3.21169829 7.05015993 -0.737850368
v 5.40827417 7.35562706 0.49297753
v 3.9436264 4.98385191 -0.622640133
v 1.09560037 5.90098143 1.16662097
v 2.56024814 8.27275562 2.28223872
v 5.40827417 7.35562706 0.49297753
v 3.9436264 4.98385191 -0.622640133
v 1.09560037 5.90098143 1.16662097
v 2.56024814 8.27275562 2.28223872
v 4.39008904 6.48966408 1.89189422
v 3.72147608 5.11796618 0.449926972
v 1.62767529 6.35005331 0.248737648
v 2.29628801 7.72175121 1.6907047
v 4.39008904 6.48966408 1.89189422
v 3.72147608 5.11796618 0.449926972
v 1.62767529 6.35005331 0.248737648
v 2.29628801 7.72175121 1.6907047
v 3.96169615 5.95325422 1.83212185
v 3.48304868 5.06720734 0.365646154
v 1.7623316 6.20306301 0.240989983
v 2.24097872 7.0891099 1.70746565
v 3.96169615 5.95325422 1.83212185
v 3.48304868 5.06720734 0.365646154
v 1.7623316 6.20306301 0.240989983
v 2.24097872 7.0891099 1.70746565
v 4.44909 6.64169359 1.25964856
v 3.61195254 4.98452663 0.37540251
v 1.5482496 6.15955067 0.127047598
v 2.38538718 7.81671715 1.01129365
v 4.44909 6.64169359 1.25964856
v 3.61195254 4.98452663 0.37540251
v 1.5482496 6.15955067 0.127047598
v 2.38538718 7.81671715 1.01129365
v 3.98029232 5.93202925 2.3555634
v 3.61771107 4.59583092 0.464841187
v 1.27717721 5.90036726 -0.00825075526
v 1.63975835 7.23656559 1.88247156
v 3.98029232 5.93202925 2.3555634
v 3.61771107 4.59583092 0.464841187
v 1.27717721 5.90036726 -0.00825075526
v 1.63975835 7.23656559 1.88247156
v 3.51313233 7.90297413 -0.432438105
v 2.3146944 6.41799593 -0.373048961
v 3.49974775 5.52752829 1.27518928
v 4.69818592 7.01250744 1.21580017
v 3.51313233 7.90297413 -0.432438105
v 2.3146944 6.41799593 -0.373048961
v 3.49974775 5.52752829 1.27518928
v 4.69818592 7.01250744 1.21580017
v 7.13598013 6.39000797 1.00680554
v 4.7355423 4.54394054 1.14849555
v 3.06283545 6.53701258 -1.22205675
v 5.46327353 8.38308048 -1.36374688
v 7.13598013 6.39000797 1.00680554
v 4.7355423 4.54394054 1.14849555
v 3.06283545 6.53701258 -1.22205675
v 5.46327353 8.38308048 -1.36374688
v 4.89710665 7.16049242 -0.083327949
v 2.62703013 6.14762878 -0.572354794
v 3.49041915 3.61879015 0.65745163
v 5.76049614 4.63165379 1.14647841
v 4.89710665 7.16049242 -0.083327949
v 2.62703013 6.14762878 -0.572354794
v 3.49041915 3.61879015 0.65745163
v 5.76049614 4.63165379 1.14647841
v 5.31834316 6.12596083 1.27436161
v 4.50153065 4.8461256 0.438075602
v 3.26511383 6.18906403 -0.409502596
v 4.08192635 7.46889925 0.426783353
v 5.31834316 6.12596083 1.27436161
v 4.50153065 4.8461256 0.438075602
v 3.26511383 6.18906403 -0.409502596
v 4.08192635 7.46889925 0.426783353
v 4.39903498 6.73066616 -0.5996117
v 2.96594357 5.91646767 -0.132546142
v 4.02726555 4.28586531 0.281393141
v 5.46035671 5.1000638 -0.185672432
v 4.39903498 6.73066616 -0.5996117
v 2.96594357 5.91646767 -0.132546142
v 4.02726555 4.28586531 0.281393141
v 5.46035671 5.1000638 -0.185672432
v 4.41377544 5.92872572 1.24809885
v 3.12227917 4.4378829 1.0147419
v 2.43615985 5.34620094 -0.990934372
v 3.72765613 6.83704376 -0.757577419
v 4.41377544 5.92872572 1.24809885
v 3.12227917 4.4378829 1.0147419
v 2.43615985 5.34620094 -0.990934372
v 3.72765613 6.83704376 -0.757577419
v 5.71079731 6.77302599 -1.62280214
v 4.11347246 5.15164804 -1.21479535
v 3.89982533 6.00080204 1.32323968
v 5.49714994 7.62217999 0.915232897
v 5.71079731 6.77302599 -1.62280214
v 4.11347246 5.15164804 -1.21479535
v 3.89982533 6.00080204 1.32323968
v 5.49714994 7.62217999 0.915232897
v 4.97507 5.12397861 1.52903819
v 3.66005945 4.04239607 0.39956066
v 2.648036 6.05363178 -0.348125488
v 3.96304655 7.13521385 0.781352043
v 4.97507 5.12397861 1.52903819
v 3.66005945 4.04239607 0.39956066
v 2.648036 6.05363178 -0.348125488
v 3.96304655 7.13521385 0.781352043
v 3.95867324 6.65961981 1.54857349
v 2.97585464 4.74652386 1.20958745
v 2.98988962 5.18061543 -1.28093588
v 3.97270823 7.09371138 -0.941949785
v 3.95867324 6.65961981 1.54857349
v 2.97585464 4.74652386 1.20958745
v 2.98988962 5.18061543 -1.28093588
v 3.97270823 7.09371138 -0.941949785
v 4.78851128 4.738204 -0.416723043
v 3.41012049 4.87414312 -0.720279038
v 3.08450127 5.13049841 0.873098016
v 4.46289206 4.99455929 1.17665398
v 4.78851128 4.738204 -0.416723043
v 3.41012049 4.87414312 -0.720279038
v 3.08450127 5.13049841 0.873098016
v 4.46289206 4.99455929 1.17665398
v 3.16730022 3.83669782 -4.18639088
v 2.09312868 3.9549005 -2.67981315
v 3.76109743 4.7139225 -1.55012298
v 4.83526897 4.59571981 -3.05670118
v 3.16730022 3.83669782 -4.18639088
v 2.09312868 3.9549005 -2.67981315
v 3.76109743 4.7139225 -1.55012298
v 4.83526897 4.59571981 -3.05670118
v 4.77604771 4.15443754 -4.20484686
v 3.36947131 2.89097381 -2.32914567
v 2.09771514 5.576756 -1.47369695
v 3.50429153 6.84021997 -3.3493979
v 4.77604771 4.15443754 -4.20484686
v 3.36947131 2.89097381 -2.32914567
v 2.09771514 5.576756 -1.47369695
v 3.50429153 6.84021997 -3.3493979
v 2.65800667 6.10019541 -2.98475456
v 2.70139599 5.11149216 -1.56288826
v 2.98754239 3.48093891 -2.70543551
v 2.94415307 4.46964216 -4.12730169
v 2.65800667 6.10019541 -2.98475456
v 2.70139599 5.11149216 -1.56288826
v 2.98754239 3.48093891 -2.70543551
v 2.94415307 4.46964216 -4.12730169
v 3.86173129 4.52957582 -3.94437933
v 3.44474292 3.75753736 -2.6410327
v 2.4709754 5.20126247 -2.09738493
v 2.88796377 5.97330093 -3.40073133
v 3.86173129 4.52957582 -3.94437933
v 3.44474292 3.75753736 -2.6410327
v 2.4709754 5.20126247 -2.09738493
v 2.88796377 5.97330093 -3.40073133
v 4.98501062 4.1842432 -4.44526863
v 3.42199397 3.03611374 -2.6053834
v 2.39477205 5.83227968 -1.73315775
v 3.95778871 6.98040915 -3.57304311
v 4.98501062 4.1842432 -4.44526863
v 3.42199397 3.03611374 -2.6053834
v 2.39477205 5.83227968 -1.73315775
v 3.95778871 6.98040915 -3.57304311
v 4.72659016 6.05638361 -4.00553226
v 4.34800863 4.26116371 -2.29267931
v 1.4704659 4.6774435 -2.49238777
v 1.84904778 6.4726634 -4.20524073
v 4.72659016 6.05638361 -4.00553226
v 4.34800863 4.26116371 -2.29267931
v 1.4704659 4.6774435 -2.49238777
v 1.84904778 6.4726634 -4.20524073
v 2.32937622 4.1049757 -4.56616259
v 2.13132286 4.23109961 -3.01192355
v 3.69387341 5.16612673 -2.88868713
v 3.89192677 5.04000282 -4.44292593
v 2.32937622 4.1049757 -4.56616259
v 2.13132286 4.23109961 -3.01192355
v 3.69387341 5.16612673 -2.88868713
v 3.89192677 5.04000282 -4.44292593
v 1.85344887 4.65706778 -4.56283569
v 2.17864799 3.89945841 -2.95883322
v 3.6509366 5.33886433 -2.57746243
v 3.32573748 6.09647369 -4.18146515
v 1.85344887 4.65706778 -4.56283569
v 2.17864799 3.89945841 -2.95883322
v 3.6509366 5.33886433 -2.57746243
v 3.32573748 6.09647369 -4.18146515
v 1.6002866 5.95747805 -3.80836082
v 2.56314349 5.44336557 -2.14664674
v 3.24054193 3.47663474 -3.14763665
v 2.27768493 3.99074769 -4.80935049
v 1.6002866 5.95747805 -3.80836082
v 2.56314349 5.44336557 -2.14664674
v 3.24054193 3.47663474 -3.14763665
v 2.27768493 3.99074769 -4.80935049
v 6.27954626 4.1481657 -0.827536702
v 4.50611734 3.90400648 -0.618895471
v 4.14561701 5.06969547 -2.31898427
v 5.91904593 5.31385469 -2.52762532
v 6.27954626 4.1481657 -0.827536702
v 4.50611734 3.90400648 -0.618895471
v 4.14561701 5.06969547 -2.31898427
v 5.91904593 5.31385469 -2.52762532
v 6.19935179 4.87018585 -0.779991329
v 4.69716597 4.45731831 -0.588449061
v 4.43162012 4.58924055 -2.3866601
v 5.93380594 5.0021081 -2.57820249
v 6.19935179 4.87018585 -0.779991329
v 4.69716597 4.45731831 -0.588449061
v 4.43162012 4.58924055 -2.3866601
v 5.93380594 5.0021081 -2.57820249
v 6.49758911 3.90523911 -0.665535212
v 4.84584332 3.53219008 -1.44720364
v 4.36373377 5.64333677 -1.43599319
v 6.01547956 6.01638556 -0.65432477
v 6.49758911 3.90523911 -0.665535212
v 4.84584332 3.53219008 -1.44720364
v 4.36373377 5.64333677 -1.43599319
v 6.01547956 6.01638556 -0.65432477
v 5.20550442 4.95284367 -0.655893326
v 3.68933415 4.19687271 -0.61408782
v 3.39269662 4.68771601 -2.49637818
v 4.90886688 5.44368696 -2.53818369
v 5.20550442 4.95284367 -0.655893326
v 3.68933415 4.19687271 -0.61408782
v 3.39269662 4.68771601 -2.49637818
v 4.90886688 5.44368696 -2.53818369
v 5.24524069 5.14323521 -0.305837065
v 4.11492682 4.206954 -0.662184775
v 4.08599281 4.86107302 -2.28906512
v 5.21630669 5.79735422 -1.93271744
v 5.24524069 5.14323521 -0.305837065
v 4.11492682 4.206954 -0.662184775
v 4.08599281 4.86107302 -2.28906512
v 5.21630669 5.79735422 -1.93271744
v 6.09012222 4.40064049 -0.448304802
v 4.29630756 4.2246933 -0.460072637
v 4.26013613 4.72929478 -2.49085283
v 6.05395079 4.90524197 -2.47908521
v 6.09012222 4.40064049 -0.448304802
v 4.29630756 4.2246933 -0.460072637
v 4.26013613 4.72929478 -2.49085283
v 6.05395079 4.90524197 -2.47908521
v 5.75953436 5.49911547 -2.37622547
v 4.21370506 5.23829126 -1.87792301
v 4.77478981 3.65730286 -0.964860678
v 6.32061911 3.91812706 -1.46316314
v 5.75953436 5.49911547 -2.37622547
v 4.21370506 5.23829126 -1.87792301
v 4.77478981 3.65730286 -0.964860678
v 6.32061911 3.91812706 -1.46316314
v 6.45176697 2.92051983 -1.10755777
v 4.11244535 3.3711884 -2.42619348
v 3.43774915 5.72408772 -0.425101668
v 5.77707052 5.2734189 0.893533945
v 6.45176697 2.92051983 -1.10755777
v 4.11244535 3.3711884 -2.42619348
v 3.43774915 5.72408772 -0.425101668
v 5.77707052 5.2734189 0.893533945
v 5.57068539 3.84947872 -1.13745856
v 4.21732807 3.79943132 -1.12340426
v 4.15774965 5.22464895 -1.78530157
v 5.51110697 5.27469635 -1.79935586
v 5.57068539 3.84947872 -1.13745856
v 4.21732807 3.79943132 -1.12340426
v 4.15774965 5.22464895 -1.78530157
v 5.51110697 5.27469635 -1.79935586
v -0.786229491 7.11810589 4.36009502
v -0.151665866 5.53151894 3.55283093
v -0.589389801 6.36496973 1.57069564
v -1.22395337 7.95155668 2.37795925
v -0.786229491 7.11810589 4.36009502
v -0.151665866 5.53151894 3.55283093
v -0.589389801 6.36496973 1.57069564
v -1.22395337 7.95155668 2.37795925
v -2.51928878 7.53420877 3.21657944
v -1.557603 5.69502687 3.03745079
v 0.539895773 6.83083916 2.63645577
v -0.421789855 8.67002106 2.81558442
v -2.51928878 7.53420877 3.21657944
v -1.557603 5.69502687 3.03745079
v 0.539895773 6.83083916 2.63645577
v -0.421789855 8.67002106 2.81558442
v -2.24891591 6.28567219 3.78699994
v -1.05741048 5.00703478 2.75618339
v 0.472115308 6.75402069 2.35715747
v -0.719390333 8.03265858 3.38797426
v -2.24891591 6.28567219 3.78699994
v -1.05741048 5.00703478 2.75618339
v 0.472115308 6.75402069 2.35715747
v -0.719390333 8.03265858 3.38797426
v -1.94646156 9.13411713 3.3138504
v -1.71235073 6.89149904 2.36761475
v 0.627561331 6.47984028 3.92218757
v 0.393450409 8.72245884 4.86842346
v -1.94646156 9.13411713 3.3138504
v -1.71235073 6.89149904 2.36761475
v 0.627561331 6.47984028 3.92218757
v 0.393450409 8.72245884 4.86842346
v -2.65448475 8.1951046 2.90831804
v -1.27894127 6.37487936 1.5245198
v 0.416627139 5.74406004 4.0397439
v -0.958916426 7.56428528 5.42354202
v -2.65448475 8.1951046 2.90831804
v -1.27894127 6.37487936 1.5245198
v 0.416627139 5.74406004 4.0397439
v -0.958916426 7.56428528 5.42354202
v -1.98820329 9.69303513 3.77331328
v -1.69855583 7.34616518 2.17386532
v 0.641834795 6.22830105 4.23793173
v 0.352187216 8.57517052 5.83737993
v -1.98820329 9.69303513 3.77331328
v -1.69855583 7.34616518 2.17386532
v 0.641834795 6.22830105 4.23793173
v 0.352187216 8.57517052 5.83737993
v -2.10260749 8.65724182 3.58550429
v -1.45472562 6.95434523 3.86198258
v 0.327266872 7.45828962 2.79008508
v -0.320615053 9.16118622 2.51360679
v -2.10260749 8.65724182 3.58550429
v -1.45472562 6.95434523 3.86198258
v 0.327266872 7.45828962 2.79008508
v -0.320615053 9.16118622 2.51360679
v -0.635738313 9.61696243 3.32575345
v -0.88863045 7.79510593 2.45403075
v -0.286379367 6.74123001 4.48186111
v -0.0334872529 8.56308651 5.35358381
v -0.635738313 9.61696243 3.32575345
v -0.88863045 7.79510593 2.45403075
v -0.286379367 6.74123001 4.48186111
v -0.0334872529 8.56308651 5.35358381
v -2.02329564 7.53257847 4.11714745
v -1.00717485 6.20777178 3.81591415
v -0.185477927 7.17986202 2.3124702
v -1.20159864 8.50466824 2.61370397
v -2.02329564 7.53257847 4.11714745
v -1.00717485 6.20777178 3.81591415
v -0.185477927 7.17986202 2.3124702
v -1.20159864 8.50466824 2.61370397
v 0.496175766 7.74251461 4.97949123
v 0.769398272 6.7947998 3.16599035
v -0.644704044 5.00026083 3.89074707
v -0.91792655 5.94797611 5.70424747
v 0.496175766 7.74251461 4.97949123
v 0.769398272 6.7947998 3.16599035
v -0.644704044 5.00026083 3.89074707
v -0.91792655 5.94797611 5.70424747
v -1.05412984 6.37714624 4.8295908
v -0.639929473 5.57229805 3.65092683
v 0.801634073 6.51110172 3.51645374
v 0.387433589 7.31594992 4.69511747
v -1.05412984 6.37714624 4.8295908
v -0.639929473 5.57229805 3.65092683
v 0.801634073 6.51110172 3.51645374
v 0.387433589 7.31594992 4.69511747
v 0.862057269 7.29929781 4.91943836
v 0.869254708 6.57804298 3.0684917
v -0.659020841 4.96633911 3.6905787
v -0.666218281 5.68759394 5.54152489
v 0.862057269 7.29929781 4.91943836
v 0.869254708 6.57804298 3.0684917
v -0.659020841 4.96633911 3.6905787
v -0.666218281 5.68759394 5.54152489
v 1.21800005 7.74715376 5.10737848
v 0.606847048 7.01325512 3.14343572
v -0.589549601 5.06673193 4.24312735
v 0.0216034986 5.80063057 6.20706987
v 1.21800005 7.74715376 5.10737848
v 0.606847048 7.01325512 3.14343572
v -0.589549601 5.06673193 4.24312735
v 0.0216034986 5.80063057 6.20706987
v -1.23368847 7.05239248 4.62767076
v -0.961490333 5.29882193 3.43192482
v 1.09768212 6.28600931 2.45295572
v 0.825484037 8.03957939 3.64870191
v -1.23368847 7.05239248 4.62767076
v -0.961490333 5.29882193 3.43192482
v 1.09768212 6.28600931 2.45295572
v 0.825484037 8.03957939 3.64870191
v -2.66699982 7.49030876 6.45959663
v -1.78064454 5.99594259 4.23934412
v 1.29650307 6.94347239 4.83003807
v 0.410147727 8.43783855 7.05029058
v -2.66699982 7.49030876 6.45959663
v -1.78064454 5.99594259 4.23934412
v 1.29650307 6.94347239 4.83003807
v 0.410147727 8.43783855 7.05029058
v -0.464586407 7.90794516 4.71017027
v -0.397320688 6.84159517 3.01513791
v 0.584841609 5.07424736 4.16595793
v 0.51757592 6.14059734 5.86099005
v -0.464586407 7.90794516 4.71017027
v -0.397320688 6.84159517 3.01513791
v 0.584841609 5.07424736 4.16595793
v 0.51757592 6.14059734 5.86099005
v -2.55089712 7.07105923 6.4863472
v -1.45978236 5.50891304 4.60083771
v 0.953510463 7.4620533 4.37919378
v -0.137604341 9.02419949 6.26470327
v -2.55089712 7.07105923 6.4863472
v -1.45978236 5.50891304 4.60083771
v 0.953510463 7.4620533 4.37919378
v -0.137604341 9.02419949 6.26470327
v -0.217875555 8.84545708 4.96222687
v -0.332930863 7.25976372 2.83200955
v 0.405478239 4.83697557 4.59560537
v 0.520533502 6.42266846 6.72582245
v -0.217875555 8.84545708 4.96222687
v -0.332930863 7.25976372 2.83200955
v 0.405478239 4.83697557 4.59560537
v 0.520533502 6.42266846 6.72582245
v 1.61050367 8.59655857 4.27733755
v 0.941184223 7.99431896 2.97674274
v 2.54492426 7.23458719 2.50321031
v 3.21424365 7.8368268 3.80380511
v 1.61050367 8.59655857 4.27733755
v 0.941184223 7.99431896 2.97674274
v 2.54492426 7.23458719 2.50321031
v 3.21424365 7.8368268 3.80380511
v 3.48776817 9.29427338 3.62806821
v 2.00129724 8.64410496 2.08980966
v 1.43634903 6.55249071 3.51979113
v 2.92281985 7.20266008 5.05804968
v 3.48776817 9.29427338 3.62806821
v 2.00129724 8.64410496 2.08980966
v 1.43634903 6.55249071 3.51979113
v 2.92281985 7.20266008 5.05804968
v 3.42314482 7.79178905 3.18580008
v 2.29153037 6.97596407 1.77172244
v 0.399163574 7.51576853 2.97465777
v 1.53077805 8.33159351 4.38873577
v 3.42314482 7.79178905 3.18580008
v 2.29153037 6.97596407 1.77172244
v 0.399163574 7.51576853 2.97465777
v 1.53077805 8.33159351 4.38873577
v 1.06262481 9.91056347 3.11786127
v 0.439012468 7.67927885 3.12662554
v 2.56600332 7.07879162 1.59309292
v 3.18961549 9.31007671 1.58432877
v 1.06262481 9.91056347 3.11786127
v 0.439012468 7.67927885 3.12662554
v 2.56600332 7.07879162 1.59309292
v 3.18961549 9.31007671 1.58432877
v 1.27664983 8.83232594 3.55581117
v 0.548080444 6.97869492 3.12589955
v 1.95350063 6.86691904 1.22608137
v 2.68207002 8.72054958 1.6559931
v 1.27664983 8.83232594 3.55581117
v 0.548080444 6.97869492 3.12589955
v 1.95350063 6.86691904 1.22608137
v 2.68207002 8.72054958 1.6559931
v 2.10242891 7.76676369 5.56570053
v 1.52819347 6.41161585 3.46279049
v 1.77998626 8.87607384 1.80590034
v 2.35422182 10.2312212 3.90881062
v 2.10242891 7.76676369 5.56570053
v 1.52819347 6.41161585 3.46279049
v 1.77998626 8.87607384 1.80590034
v 2.35422182 10.2312212 3.90881062
v 2.11453462 8.48369026 4.2747798
v 0.879925907 6.82926846 3.40684938
v 1.77927375 7.40219545 1.03545308
v 3.01388264 9.05661774 1.90338302
v 2.11453462 8.48369026 4.2747798
v 0.879925907 6.82926846 3.40684938
v 1.77927375 7.40219545 1.03545308
v 3.01388264 9.05661774 1.90338302
v 1.17228889 10.275775 1.61704981
v -0.0219711103 7.86014128 2.18436456
v 2.8576088 6.48708153 2.39969182
v 4.05186892 8.90271568 1.83237708
v 1.17228889 10.275775 1.61704981
v -0.0219711103 7.86014128 2.18436456
v 2.8576088 6.48708153 2.39969182
v 4.05186892 8.90271568 1.83237708
v 2.34140635 9.24877548 2.92187285
v 1.19007635 8.29029942 2.72579193
v 2.30762577 6.93880367 2.77020502
v 3.45895576 7.89728022 2.96628594
v 2.34140635 9.24877548 2.92187285
v 1.19007635 8.29029942 2.72579193
v 2.30762577 6.93880367 2.77020502
v 3.45895576 7.89728022 2.96628594
v 0.897931218 9.14427376 1.02931082
v 0.669489861 7.88059711 1.40630901
v 2.1998055 7.64134932 1.53165483
v 2.42824674 8.90502548 1.15465665
v 0.897931218 9.14427376 1.02931082
v 0.669489861 7.88059711 1.40630901
v 2.1998055 7.64134932 1.53165483
v 2.42824674 8.90502548 1.15465665
v 2.94956088 8.55543041 0.788819253
v 1.92896664 7.24253368 0.904869676
v 0.816625595 8.21756458 2.15317202
v 1.83721995 9.53046131 2.03712153
v 2.94956088 8.55543041 0.788819253
v 1.92896664 7.24253368 0.904869676
v 0.816625595 8.21756458 2.15317202
v 1.83721995 9.53046131 2.03712153
v 0.827186048 9.2142334 0.900239766
v 0.408711493 7.70523262 1.54358256
v 2.31264949 7.23667955 1.68301451
v 2.73112416 8.74568081 1.03967178
v 0.827186048 9.2142334 0.900239766
v 0.408711493 7.70523262 1.54358256
v 2.31264949 7.23667955 1.68301451
v 2.73112416 8.74568081 1.03967178
v 2.74409866 9.29001999 2.4961853
v 1.89120436 6.96144819 2.85838866
v 0.345265716 7.14528084 0.399951905
v 1.19816005 9.47385311 0.0377485193
v 2.74409866 9.29001999 2.4961853
v 1.89120436 6.96144819 2.85838866
v 0.345265716 7.14528084 0.399951905
v 1.19816005 9.47385311 0.0377485193
v 2.50674605 8.50632668 1.42458975
v 2.06869197 7.08782291 1.71233618
v 0.388119072 7.58693123 1.61435246
v 0.826172948 9.00543499 1.32660604
v 2.50674605 8.50632668 1.42458975
v 2.06869197 7.08782291 1.71233618
v 0.388119072 7.58693123 1.61435246
v 0.826172948 9.00543499 1.32660604
v 1.70671904 7.95834064 -0.216900855
v 0.485391229 7.13072538 0.913450837
v 1.97568512 7.06101322 2.4726491
v 3.19701314 7.88862848 1.34229732
v 1.70671904 7.95834064 -0.216900855
v 0.485391229 7.13072538 0.913450837
v 1.97568512 7.06101322 2.4726491
v 3.19701314 7.88862848 1.34229732
v 1.19590592 9.48089886 -0.719118893
v 0.189949527 7.52358627 0.693543553
v 2.61354733 7.59707642 2.52121067
v 3.61950374 9.554389 1.10854805
v 1.19590592 9.48089886 -0.719118893
v 0.189949527 7.52358627 0.693543553
v 2.61354733 7.59707642 2.52121067
v 3.61950374 9.554389 1.10854805
v 2.54576468 8.78682137 1.42918622
v 2.12096429 7.43672132 1.43205261
v 0.56498903 7.92672062 1.63086677
v 0.989789367 9.27682114 1.62800038
v 2.54576468 8.78682137 1.42918622
v 2.12096429 7.43672132 1.43205261
v 0.56498903 7.92672062 1.63086677
v 0.989789367 9.27682114 1.62800038
v 1.78027225 9.39995003 3.36098599
v 2.07144332 7.00361347 2.74344349
v 0.209853902 7.34145689 0.554721773
v -0.0813172236 9.73779297 1.17226422
v 1.78027225 9.39995003 3.36098599
v 2.07144332 7.00361347 2.74344349
v 0.209853902 7.34145689 0.554721773
v -0.0813172236 9.73779297 1.17226422
v 3.30608678 6.93058062 0.131278619
v 1.72056568 6.91326714 0.799159288
v 2.37752914 5.81088781 2.33018565
v 3.96305013 5.82820129 1.66230512
v 3.30608678 6.93058062 0.131278619
v 1.72056568 6.91326714 0.799159288
v 2.37752914 5.81088781 2.33018565
v 3.96305013 5.82820129 1.66230512
v 3.04305696 8.04698563 2.02689385
v 1.47995639 7.05309963 2.2144773
v 2.25516486 5.57468891 0.840993345
v 3.81826544 6.56857491 0.653409898
v 3.04305696 8.04698563 2.02689385
v 1.47995639 7.05309963 2.2144773
v 2.25516486 5.57468891 0.840993345
v 3.81826544 6.56857491 0.653409898
v 3.01926112 8.16367626 0.793862164
v 1.00039756 7.26138639 1.13728523
v 2.12136698 5.06874847 1.96625841
v 4.14023066 5.97103882 1.62283528
v 3.01926112 8.16367626 0.793862164
v 1.00039756 7.26138639 1.13728523
v 2.12136698 5.06874847 1.96625841
v 4.14023066 5.97103882 1.62283528
v 3.8854363 8.34569931 1.59596658
v 2.07059169 7.56612635 1.17435312
v 2.78386235 5.47727919 1.96638918
v 4.5987072 6.25685215 2.38800263
v 3.8854363 8.34569931 1.59596658
v 2.07059169 7.56612635 1.17435312
v 2.78386235 5.47727919 1.96638918
v 4.5987072 6.25685215 2.38800263
v 4.14597988 7.20221806 3.32531428
v 1.5890708 6.42032528 3.04506445
v 2.00266814 6.17323208 -0.0390828736
v 4.55957747 6.95512486 0.241167039
v 4.14597988 7.20221806 3.32531428
v 1.5890708 6.42032528 3.04506445
v 2.00266814 6.17323208 -0.0390828736
v 4.55957747 6.95512486 0.241167039
v 3.97379851 8.52731705 1.08380759
v 2.22002101 7.50880766 0.915262818
v 3.08321452 5.79441738 2.29337168
v 4.83699274 6.81292677 2.46191645
v 3.97379851 8.52731705 1.08380759
v 2.22002101 7.50880766 0.915262818
v 3.08321452 5.79441738 2.29337168
v 4.83699274 6.81292677 2.46191645
v 3.22973561 7.51794147 2.28072739
v 2.15926647 6.79388285 2.1890099
v 2.60819292 6.3009963 0.840484262
v 3.67866206 7.02505493 0.932201624
v 3.22973561 7.51794147 2.28072739
v 2.15926647 6.79388285 2.1890099
v 2.60819292 6.3009963 0.840484262
v 3.67866206 7.02505493 0.932201624
v 3.24594808 5.73921776 2.59503841
v 1.69777262 4.85586548 1.46377897
v 0.301222235 6.83720827 1.82787013
v 1.84939778 7.72056055 2.95912957
v 3.24594808 5.73921776 2.59503841
v 1.69777262 4.85586548 1.46377897
v 0.301222235 6.83720827 1.82787013
v 1.84939778 7.72056055 2.95912957
v 2.67384863 7.68852806 2.49660325
v 1.66951823 6.31128359 2.5045507
v 1.67580664 6.29527712 0.525447845
v 2.68013716 7.67252159 0.517500341
v 2.67384863 7.68852806 2.49660325
v 1.66951823 6.31128359 2.5045507
v 1.67580664 6.29527712 0.525447845
v 2.68013716 7.67252159 0.517500341
v -3.43355966 6.34113836 -0.288777381
v -1.96864939 5.48910141 1.02708972
v -0.268584907 7.09963369 0.17730023
v -1.73349524 7.95167017 -1.13856697
v -3.43355966 6.34113836 -0.288777381
v -1.96864939 5.48910141 1.02708972
v -0.268584907 7.09963369 0.17730023
v -1.73349524 7.95167017 -1.13856697
v -2.8354969 7.87619925 1.2808814
v -1.04977334 7.17719412 1.22463751
v -1.71262133 5.59848976 -0.200264186
v -3.4983449 6.29749489 -0.144020304
v -2.8354969 7.87619925 1.2808814
v -1.04977334 7.17719412 1.22463751
v -1.71262133 5.59848976 -0.200264186
v -3.4983449 6.29749489 -0.144020304
v -1.57628798 9.0293541 0.877683342
v 0.444797695 7.03318691 0.547081172
v -1.84780991 4.65542698 0.88842541
v -3.86889577 6.65159416 1.21902752
v -1.57628798 9.0293541 0.877683342
v 0.444797695 7.03318691 0.547081172
v -1.84780991 4.65542698 0.88842541
v -3.86889577 6.65159416 1.21902752
v -2.92325068 8.11257839 1.47738588
v -1.7298981 6.74179745 1.45944786
v -1.53123009 6.9421196 -0.631960928
v -2.72458267 8.31290054 -0.614022911
v -2.92325068 8.11257839 1.47738588
v -1.7298981 6.74179745 1.45944786
v -1.53123009 6.9421196 -0.631960928
v -2.72458267 8.31290054 -0.614022911
v -3.37743831 8.28161144 1.52165389
v -0.84161073 7.45626688 1.46842885
v -1.66900086 5.02584839 -0.263600051
v -4.20482874 5.85119295 -0.210374981
v -3.37743831 8.28161144 1.52165389
v -0.84161073 7.45626688 1.46842885
v -1.66900086 5.02584839 -0.263600051
v -4.20482874 5.85119295 -0.210374981
v -2.56266642 8.93364048 1.11917567
v -1.11012089 7.29199505 1.44284821
v -2.03265691 6.06828499 -0.623662949
v -3.48520231 7.7099309 -0.947335362
v -2.56266642 8.93364048 1.11917567
v -1.11012089 7.29199505 1.44284821
v -2.03265691 6.06828499 -0.623662949
v -3.48520231 7.7099309 -0.947335362
v -1.88214457 7.99940777 -0.191449016
v -0.42669189 6.94349623 0.282783061
v -1.76874447 5.45170403 1.08005905
v -3.22419715 6.50761557 0.605827034
v -1.88214457 7.99940777 -0.191449016
v -0.42669189 6.94349623 0.282783061
v -1.76874447 5.45170403 1.08005905
v -3.22419715 6.50761557 0.605827034
v -2.79806709 7.58340073 -1.2268281
v -0.914839566 6.09967422 -0.683853745
v -1.43160403 6.4624114 2.09968138
v -3.3148315 7.94613791 1.55670702
v -2.79806709 7.58340073 -1.2268281
v -0.914839566 6.09967422 -0.683853745
v -1.43160403 6.4624114 2.09968138
v -3.3148315 7.94613791 1.55670702
v -2.41438556 7.10890436 -1.06163204
v -1.49210477 5.85372782 -0.248724759
v -1.19555068 7.09988928 1.33896637
v -2.11783147 8.35506535 0.526059091
v -2.41438556 7.10890436 -1.06163204
v -1.49210477 5.85372782 -0.248724759
v -1.19555068 7.09988928 1.33896637
v -2.11783147 8.35506535 0.526059091
v -1.08282185 9.50789642 2.65797782
v -1.00936329 8.04809093 1.72056043
v 0.557164252 7.41902971 2.82293153
v 0.48370567 8.87883472 3.76034904
v -1.08282185 9.50789642 2.65797782
v -1.00936329 8.04809093 1.72056043
v 0.557164252 7.41902971 2.82293153
v 0.48370567 8.87883472 3.76034904
v -0.629840672 9.62558651 4.25076532
v -0.0956170186 7.77628803 3.49128032
v -0.430224568 8.59682751 1.25795579
v -0.964448214 10.446125 2.0174408
v -0.629840672 9.62558651 4.25076532
v -0.0956170186 7.77628803 3.49128032
v -0.430224568 8.59682751 1.25795579
v -0.964448214 10.446125 2.0174408
v 0.995417237 9.76111126 3.53905106
v 1.08655798 7.87335062 1.97444308
v -1.68444896 7.37717056 2.41168761
v -1.7755897 9.26493073 3.97629547
v 0.995417237 9.76111126 3.53905106
v 1.08655798 7.87335062 1.97444308
v -1.68444896 7.37717056 2.41168761
v -1.7755897 9.26493073 3.97629547
v -1.09131396 8.53529739 2.26411533
v -0.905444622 7.26127672 1.84413719
v 0.640743196 7.40532923 2.09144282
v 0.45487386 8.67935085 2.51142097
v -1.09131396 8.53529739 2.26411533
v -0.905444622 7.26127672 1.84413719
v 0.640743196 7.40532923 2.09144282
v 0.45487386 8.67935085 2.51142097
v 0.348436236 10.3997231 1.68157804
v -0.552933991 8.14789486 0.874704003
v 0.179758251 6.92227459 3.47667193
v 1.08112848 9.17410278 4.28354597
v 0.348436236 10.3997231 1.68157804
v -0.552933991 8.14789486 0.874704003
v 0.179758251 6.92227459 3.47667193
v 1.08112848 9.17410278 4.28354597
v -0.858803451 10.5475769 1.44377291
v -1.33999431 8.29170132 1.732373
v 0.947263896 7.98284245 3.1317544
v 1.42845476 10.238718 2.84315443
v -0.858803451 10.5475769 1.44377291
v -1.33999431 8.29170132 1.732373
v 0.947263896 7.98284245 3.1317544
v 1.42845476 10.238718 2.84315443
v -1.91396022 8.07346153 3.0764873
v -0.635647058 6.39150381 2.68430614
v 0.37443158 7.6090045 0.755129278
v -0.903881609 9.29096317 1.14731061
v -1.91396022 8.07346153 3.0764873
v -0.635647058 6.39150381 2.68430614
v 0.37443158 7.6090045 0.755129278
v -0.903881609 9.29096317 1.14731061
v -0.0730350241 9.8623848 1.92568958
v -0.693506122 8.02464581 1.18479824
v 0.370092124 6.91641998 3.04296136
v 0.990563154 8.75415897 3.78385282
v -0.0730350241 9.8623848 1.92568958
v -0.693506122 8.02464581 1.18479824
v 0.370092124 6.91641998 3.04296136
v 0.990563154 8.75415897 3.78385282
v 0.251139343 7.84758759 4.06320333
v 0.885578871 7.15635729 2.29795456
v -1.29392493 7.19293642 1.50030589
v -1.92836452 7.88416672 3.26555467
v 0.251139343 7.84758759 4.06320333
v 0.885578871 7.15635729 2.29795456
v -1.29392493 7.19293642 1.50030589
v -1.92836452 7.88416672 3.26555467
v -1.73615968 8.91324711 2.05085254
v -0.571321249 7.37247944 1.99552214
v -1.28289032 6.90910196 -0.0812108219
v -2.44772887 8.44986916 -0.025880415
v -1.73615968 8.91324711 2.05085254
v -0.571321249 7.37247944 1.99552214
v -1.28289032 6.90910196 -0.0812108219
v -2.44772887 8.44986916 -0.025880415
v -2.75183702 8.16424179 -0.0675935969
v -2.03868628 7.02923155 0.719175518
v -0.781156778 8.20084858 1.26951492
v -1.49430752 9.3358593 0.482745856
v -2.75183702 8.16424179 -0.0675935969
v -2.03868628 7.02923155 0.719175518
v -0.781156778 8.20084858 1.26951492
v -1.49430752 9.3358593 0.482745856
v -0.0535118654 8.49514198 1.09269512
v 0.153308332 6.71856308 0.313644767
v -1.07037973 5.83535528 2.0028863
v -1.27719986 7.61193419 2.78193665
v -0.0535118654 8.49514198 1.09269512
v 0.153308332 6.71856308 0.313644767
v -1.07037973 5.83535528 2.0028863
v -1.27719986 7.61193419 2.78193665
v -2.22302461 9.04562664 2.53914857
v -0.125140935 7.83200741 1.93885148
v -1.6034863 6.21608067 0.0393297896
v -3.70137 7.42969942 0.63962698
v -2.22302461 9.04562664 2.53914857
v -0.125140935 7.83200741 1.93885148
v -1.6034863 6.21608067 0.0393297896
v -3.70137 7.42969942 0.63962698
v -1.83859479 7.76968288 -0.0757699609
v -1.48807418 6.58294773 0.865133345
v 0.145693988 7.2939949 1.15331852
v -0.204826549 8.48073006 0.212415203
v -1.83859479 7.76968288 -0.0757699609
v -1.48807418 6.58294773 0.865133345
v 0.145693988 7.2939949 1.15331852
v -0.204826549 8.48073006 0.212415203
v -2.3243413 8.50230312 2.41658664
v -0.832616448 8.15831661 1.50865793
v -1.81911004 6.68599319 0.445669502
v -3.31083465 7.02997971 1.35359836
v -2.3243413 8.50230312 2.41658664
v -0.832616448 8.15831661 1.50865793
v -1.81911004 6.68599319 0.445669502
v -3.31083465 7.02997971 1.35359836
v -1.98863828 9.15842628 0.568647027
v -0.932163715 7.97025299 0.351216823
v -1.76867867 6.98134947 1.69064224
v -2.82515335 8.16952324 1.90807259
v -1.98863828 9.15842628 0.568647027
v -0.932163715 7.97025299 0.351216823
v -1.76867867 6.98134947 1.69064224
v -2.82515335 8.16952324 1.90807259
v -2.00049686 9.59298897 0.210770935
v -0.96905601 7.73858309 -0.132330343
v -1.46464825 7.02976847 2.20882964
v -2.49608898 8.88417435 2.5519309
v -2.00049686 9.59298897 0.210770935
v -0.96905601 7.73858309 -0.132330343
v -1.46464825 7.02976847 2.20882964
v -2.49608898 8.88417435 2.5519309
v -0.67200613 8.19652843 1.72549868
v -0.00499542896 6.94840956 1.41027582
v -1.39042521 6.40712738 0.621905804
v -2.05743575 7.65524578 0.937128663
v -0.67200613 8.19652843 1.72549868
v -0.00499542896 6.94840956 1.41027582
v -1.39042521 6.40712738 0.621905804
v -2.05743575 7.65524578 0.937128663
v 0.0630084649 6.64504004 -4.00231934
v 0.478495866 4.62171078 -2.48266649
v -2.44270325 4.42983055 -1.93946087
v -2.85819054 6.45315981 -3.45911384
v 0.0630084649 6.64504004 -4.00231934
v 0.478495866 4.62171078 -2.48266649
v -2.44270325 4.42983055 -1.93946087
v -2.85819054 6.45315981 -3.45911384
v -1.04624808 5.97206688 -5.09187984
v -0.150217891 4.63184404 -3.55427146
v -2.29160953 4.8466835 -2.11913157
v -3.18763971 6.18690634 -3.65673995
v -1.04624808 5.97206688 -5.09187984
v -0.150217891 4.63184404 -3.55427146
v -2.29160953 4.8466835 -2.11913157
v -3.18763971 6.18690634 -3.65673995
v -0.569174588 3.83616138 -3.81425285
v -1.02783191 3.52200127 -2.22413158
v -0.538381636 5.34792185 -1.72220647
v -0.0797243714 5.6620822 -3.31232786
v -0.569174588 3.83616138 -3.81425285
v -1.02783191 3.52200127 -2.22413158
v -0.538381636 5.34792185 -1.72220647
v -0.0797243714 5.6620822 -3.31232786
v -1.72689271 6.22445583 -2.22102618
v -0.492275715 5.08141756 -0.863842189
v -0.92918843 3.00949383 -2.21138883
v -2.16380548 4.1525321 -3.56857276
v -1.72689271 6.22445583 -2.22102618
v -0.492275715 5.08141756 -0.863842189
v -0.92918843 3.00949383 -2.21138883
v -2.16380548 4.1525321 -3.56857276
v -0.957754433 6.7249198 -4.52728796
v -0.319211602 5.14581633 -3.49952602
v -2.42759013 4.88304281 -2.59333968
v -3.06613302 6.46214628 -3.62110162
v -0.957754433 6.7249198 -4.52728796
v -0.319211602 5.14581633 -3.49952602
v -2.42759013 4.88304281 -2.59333968
v -3.06613302 6.46214628 -3.62110162
v -1.8808893 5.22104645 -3.07663226
v -1.53526473 4.74194145 -1.92919207
v -0.257723808 4.23458338 -2.52584815
v -0.603348315 4.71368837 -3.67328835
v -1.8808893 5.22104645 -3.07663226
v -1.53526473 4.74194145 -1.92919207
v -0.257723808 4.23458338 -2.52584815
v -0.603348315 4.71368837 -3.67328835
v -3.17978716 5.68023205 -3.91307759
v -2.22281814 4.54277468 -2.73535562
v -0.329395801 5.4538312 -3.39396358
v -1.28636479 6.59128857 -4.57168579
v -3.17978716 5.68023205 -3.91307759
v -2.22281814 4.54277468 -2.73535562
v -0.329395801 5.4538312 -3.39396358
v -1.28636479 6.59128857 -4.57168579
v -2.23215842 4.63983917 -4.63034296
v -2.00875235 4.16690159 -2.87964892
v -0.189427853 5.25641727 -2.81748748
v -0.412833899 5.72935486 -4.56818151
v -2.23215842 4.63983917 -4.63034296
v -2.00875235 4.16690159 -2.87964892
v -0.189427853 5.25641727 -2.81748748
v -0.412833899 5.72935486 -4.56818151
v -2.62315702 5.14775753 -4.18057537
v -2.03265476 4.07764864 -2.58741903
v 0.0473265797 5.12894917 -2.6522131
v -0.543175757 6.19905806 -4.24536943
v -2.62315702 5.14775753 -4.18057537
v -2.03265476 4.07764864 -2.58741903
v 0.0473265797 5.12894917 -2.6522131
v -0.543175757 6.19905806 -4.24536943
v -2.71128631 3.50020528 -4.08811569
v -2.09892392 3.3501091 -2.82012129
v -1.12718928 4.63807535 -3.13694835
v -1.73955154 4.78817129 -4.40494299
v -2.71128631 3.50020528 -4.08811569
v -2.09892392 3.3501091 -2.82012129
v -1.12718928 4.63807535 -3.13694835
v -1.73955154 4.78817129 -4.40494299
v -1.85185516 3.31723022 -5.0479517
v -1.66463327 2.9445107 -3.20436549
v -1.61725998 5.09611177 -2.77418518
v -1.80448186 5.46883154 -4.61777115
v -1.85185516 3.31723022 -5.0479517
v -1.66463327 2.9445107 -3.20436549
v -1.61725998 5.09611177 -2.77418518
v -1.80448186 5.46883154 -4.61777115
v -1.33898425 3.65646386 -5.15368938
v -1.04403806 3.05219293 -3.2603159
v -2.13236618 4.96287584 -2.48098302
v -2.42731237 5.56714725 -4.37435627
v -1.33898425 3.65646386 -5.15368938
v -1.04403806 3.05219293 -3.2603159
v -2.13236618 4.96287584 -2.48098302
v -2.42731237 5.56714725 -4.37435627
v -3.60642529 3.71587205 -2.01352048
v -1.69449496 3.10974598 -0.820755303
v -0.186558232 4.66659355 -2.44674563
v -2.09848857 5.27271986 -3.63951087
v -3.60642529 3.71587205 -2.01352048
v -1.69449496 3.10974598 -0.820755303
v -0.186558232 4.66659355 -2.44674563
v -2.09848857 5.27271986 -3.63951087
v -1.78865039 4.5902791 -3.94144273
v -0.355699211 3.51745272 -2.64345074
v -1.68735325 4.24453783 -0.572381079
v -3.12030435 5.31736422 -1.87037301
v -1.78865039 4.5902791 -3.94144273
v -0.355699211 3.51745272 -2.64345074
v -1.68735325 4.24453783 -0.572381079
v -3.12030435 5.31736422 -1.87037301
v -3.24754882 3.94344354 -3.84075499
v -2.38426018 4.32771397 -2.68724871
v -1.02909076 3.56339741 -3.44684386
v -1.89237928 3.17912722 -4.60035038
v -3.24754882 3.94344354 -3.84075499
v -2.38426018 4.32771397 -2.68724871
v -1.02909076 3.56339741 -3.44684386
v -1.89237928 3.17912722 -4.60035038
v -1.50803697 3.59334588 -5.05114269
v -0.65672791 2.60791683 -2.70934415
v -1.86941898 5.06446123 -1.23478353
v -2.72072816 6.04989052 -3.57658243
v -1.50803697 3.59334588 -5.05114269
v -0.65672791 2.60791683 -2.70934415
v -1.86941898 5.06446123 -1.23478353
v -2.72072816 6.04989052 -3.57658243
v -2.81409502 5.1452446 -4.36169004
v -1.71570623 4.97138548 -2.94503951
v -1.76035094 2.89238334 -3.16557145
v -2.85873961 3.06624269 -4.58222151
v -2.81409502 5.1452446 -4.36169004
v -1.71570623 4.97138548 -2.94503951
v -1.76035094 2.89238334 -3.16557145
v -2.85873961 3.06624269 -4.58222151
v -3.41670132 3.69934821 -4.10287905
v -2.55532002 3.91772723 -2.32538438
v -0.48143205 3.96231937 -3.33587766
v -1.34281313 3.74394035 -5.11337185
v -3.41670132 3.69934821 -4.10287905
v -2.55532002 3.91772723 -2.32538438
v -0.48143205 3.96231937 -3.33587766
v -1.34281313 3.74394035 -5.11337185
v -4.43178606 3.7543292 -2.38549471
v -2.80729818 3.70750952 -2.01801133
v -2.82113767 5.61795521 -1.71343088
v -4.44562578 5.66477442 -2.08091426
v -4.43178606 3.7543292 -2.38549471
v -2.80729818 3.70750952 -2.01801133
v -2.82113767 5.61795521 -1.71343088
v -4.44562578 5.66477442 -2.08091426
v -4.50322437 5.50218773 -0.358301431
v -2.408566 5.51751995 -1.07203889
v -2.95846152 3.62993622 -2.72640538
v -5.05311966 3.61460423 -2.01266789
v -4.50322437 5.50218773 -0.358301431
v -2.408566 5.51751995 -1.07203889
v -2.95846152 3.62993622 -2.72640538
v -5.05311966 3.61460423 -2.01266789
v -3.45488381 4.21004057 -2.98133063
v -2.13235521 3.44438863 -2.00859976
v -1.44192052 5.35020971 -1.4472152
v -2.76444912 6.11586189 -2.41994619
v -3.45488381 4.21004057 -2.98133063
v -2.13235521 3.44438863 -2.00859976
v -1.44192052 5.35020971 -1.4472152
v -2.76444912 6.11586189 -2.41994619
v -3.92606068 4.63565826 -0.456091344
v -2.35352826 5.23710394 -1.11456168
v -2.50016785 3.87725902 -2.70684099
v -4.07270002 3.27581334 -2.0483706
v -3.92606068 4.63565826 -0.456091344
v -2.35352826 5.23710394 -1.11456168
v -2.50016785 3.87725902 -2.70684099
v -4.07270002 3.27581334 -2.0483706
v -3.35933018 7.00229311 -1.12408745
v -0.396274805 5.63017225 -1.38194239
v -2.00895262 2.19508243 -1.63438547
v -4.97200775 3.56720328 -1.37653053
v -3.35933018 7.00229311 -1.12408745
v -0.396274805 5.63017225 -1.38194239
v -2.00895262 2.19508243 -1.63438547
v -4.97200775 3.56720328 -1.37653053
v -4.30015278 3.98377299 -2.30905366
v -1.97221494 2.71469712 -1.72166431
v -0.533262432 5.50214005 -1.40214002
v -2.86119962 6.77121592 -1.98952961
v -4.30015278 3.98377299 -2.30905366
v -1.97221494 2.71469712 -1.72166431
v -0.533262432 5.50214005 -1.40214002
v -2.86119962 6.77121592 -1.98952961
v -4.52232647 4.97379494 -0.6553936
v -2.67699623 4.82211399 -0.855017364
v -2.93911338 4.40385056 -2.9602282
v -4.78444338 4.5555315 -2.76060438
v -4.52232647 4.97379494 -0.6553936
v -2.67699623 4.82211399 -0.855017364
v -2.93911338 4.40385056 -2.9602282
v -4.78444338 4.5555315 -2.76060438
v -2.8694315 6.03249788 -1.99647784
v -1.56754982 5.21432972 -1.80337727
v -2.51142216 3.68637538 -1.91375399
v -3.81330371 4.50454378 -2.10685444
v -2.8694315 6.03249788 -1.99647784
v -1.56754982 5.21432972 -1.80337727
v -2.51142216 3.68637538 -1.91375399
v -3.81330371 4.50454378 -2.10685444
v -2.85539579 6.11006737 -4.1734581
v -1.62367618 3.97729707 -3.18903661
v -2.19783425 4.96564627 -0.329362303
v -3.42955399 7.09841681 -1.31378376
v -2.85539579 6.11006737 -4.1734581
v -1.62367618 3.97729707 -3.18903661
v -2.19783425 4.96564627 -0.329362303
v -3.42955399 7.09841681 -1.31378376
v -4.5872879 5.65509081 2.24605703
v -3.49139762 5.58623409 0.872253537
v -2.59820509 3.93112493 1.66771352
v -3.69409513 3.9999814 3.04151678
v -4.5872879 5.65509081 2.24605703
v -3.49139762 5.58623409 0.872253537
v -2.59820509 3.93112493 1.66771352
v -3.69409513 3.9999814 3.04151678
v -3.32948637 3.60873151 2.91148281
v -1.78475475 4.66207457 1.83276057
v -3.35490108 4.99303484 -0.0925165191
v -4.89963245 3.93969178 0.986205816
v -3.32948637 3.60873151 2.91148281
v -1.78475475 4.66207457 1.83276057
v -3.35490108 4.99303484 -0.0925165191
v -4.89963245 3.93969178 0.986205816
v -4.15545797 4.45621634 1.06693208
v -2.72176266 4.19951057 0.246443003
v -1.86105204 5.56633997 1.32278109
v -3.29474735 5.82304573 2.14327025
v -4.15545797 4.45621634 1.06693208
v -2.72176266 4.19951057 0.246443003
v -1.86105204 5.56633997 1.32278109
v -3.29474735 5.82304573 2.14327025
v -4.17953062 5.04449224 1.21121216
v -3.18932819 4.78403091 0.495158464
v -2.32299423 4.89248419 1.65372849
v -3.3131969 5.15294552 2.36978221
v -4.17953062 5.04449224 1.21121216
v -3.18932819 4.78403091 0.495158464
v -2.32299423 4.89248419 1.65372849
v -3.3131969 5.15294552 2.36978221
v -4.29800749 5.55438137 1.15749538
v -3.17984557 5.01036215 0.353339046
v -2.31113839 4.66334343 1.7960186
v -3.42930031 5.20736265 2.6001749
v -4.29800749 5.55438137 1.15749538
v -3.17984557 5.01036215 0.353339046
v -2.31113839 4.66334343 1.7960186
v -3.42930031 5.20736265 2.6001749
v -3.50541592 4.50070858 3.47411704
v -2.37689781 5.62160015 1.9045248
v -3.16389132 3.91238379 0.118085191
v -4.29240894 2.79149246 1.6876775
v -3.50541592 4.50070858 3.47411704
v -2.37689781 5.62160015 1.9045248
v -3.16389132 3.91238379 0.118085191
v -4.29240894 2.79149246 1.6876775
v -5.76299334 3.92186451 1.60013151
v -3.35199523 3.60442924 0.334797055
v -2.21861839 6.16228533 1.8526684
v -4.62961674 6.47972107 3.11800289
v -5.76299334 3.92186451 1.60013151
v -3.35199523 3.60442924 0.334797055
v -2.21861839 6.16228533 1.8526684
v -4.62961674 6.47972107 3.11800289
v -4.48288918 5.51812315 1.63014126
v -3.3389492 5.36647511 0.697433114
v -2.6415062 4.18926477 1.74422896
v -3.78544617 4.34091282 2.6769371
v -4.48288918 5.51812315 1.63014126
v -3.3389492 5.36647511 0.697433114
v -2.6415062 4.18926477 1.74422896
v -3.78544617 4.34091282 2.6769371
v -5.41707659 4.62386322 1.29979837
v -3.63087225 5.13561058 0.239414409
v -2.26836324 4.42036057 2.18936038
v -4.05456781 3.9086132 3.24974442
v -5.41707659 4.62386322 1.29979837
v -3.63087225 5.13561058 0.239414409
v -2.26836324 4.42036057 2.18936038
v -4.05456781 3.9086132 3.24974442
v -5.1453166 7.97545099 0.477107465
v -3.51963806 6.87236643 0.143886521
v -3.93651867 5.67361021 2.07838678
v -5.56219721 6.77669477 2.41160774
v -5.1453166 7.97545099 0.477107465
v -3.51963806 6.87236643 0.143886521
v -3.93651867 5.67361021 2.07838678
v -5.56219721 6.77669477 2.41160774
v -6.12673569 6.74511957 1.25574124
v -4.49595928 5.55178738 0.579547167
v -2.90544319 7.13516045 1.62108791
v -4.5362196 8.32849312 2.29728198
v -6.12673569 6.74511957 1.25574124
v -4.49595928 5.55178738 0.579547167
v -2.90544319 7.13516045 1.62108791
v -4.5362196 8.32849312 2.29728198
v -4.5406847 7.46900225 3.00250578
v -2.73711967 5.81672621 2.24897027
v -3.76414323 5.9656415 -0.53570646
v -5.56770849 7.61791754 0.217829064
v -4.5406847 7.46900225 3.00250578
v -2.73711967 5.81672621 2.24897027
v -3.76414323 5.9656415 -0.53570646
v -5.56770849 7.61791754 0.217829064
v -5.8448863 6.52019691 1.24648511
v -4.13092661 5.00206232 0.474320799
v -2.15346575 6.79188871 1.34471929
v -3.86742568 8.31002331 2.11688352
v -5.8448863 6.52019691 1.24648511
v -4.13092661 5.00206232 0.474320799
v -2.15346575 6.79188871 1.34471929
v -3.86742568 8.31002331 2.11688352
v -5.5527091 6.1635766 0.928317547
v -4.02648354 5.33254242 1.22142577
v -3.00726485 7.05708647 0.803825736
v -4.53349066 7.88812017 0.510717511
v -5.5527091 6.1635766 0.928317547
v -4.02648354 5.33254242 1.22142577
v -3.00726485 7.05708647 0.803825736
v -4.53349066 7.88812017 0.510717511
v -4.45225 6.23650455 1.87685227
v -3.63290834 5.37385702 1.29286253
v -2.90190744 6.53727198 0.599907637
v -3.72124934 7.39991951 1.1838975
v -4.45225 6.23650455 1.87685227
v -3.63290834 5.37385702 1.29286253
v -2.90190744 6.53727198 0.599907637
v -3.72124934 7.39991951 1.1838975
v -5.76884174 6.21248722 1.84591663
v -4.08185053 5.08108234 1.18788958
v -2.80295658 7.17930079 0.858947098
v -4.4899478 8.31070518 1.51697421
v -5.76884174 6.21248722 1.84591663
v -4.08185053 5.08108234 1.18788958
v -2.80295658 7.17930079 0.858947098
v -4.4899478 8.31070518 1.51697421
v -5.7834816 6.60176706 1.71588278
v -4.29915237 5.31507969 1.08256137
v -2.75203037 7.14311552 0.994656146
v -4.2363596 8.42980194 1.62797749
v -5.7834816 6.60176706 1.71588278
v -4.29915237 5.31507969 1.08256137
v -2.75203037 7.14311552 0.994656146
v -4.2363596 8.42980194 1.62797749
v -4.22317696 8.54969501 1.61822236
v -2.71220279 6.97724104 1.41410565
v -4.50502586 5.35754108 0.620425344
v -6.01599979 6.92999601 0.824541986
v -4.22317696 8.54969501 1.61822236
v -2.71220279 6.97724104 1.41410565
v -4.50502586 5.35754108 0.620425344
v -6.01599979 6.92999601 0.824541986
v -4.91899061 6.11996698 2.283813
v -3.81295633 6.22501564 1.37347996
v -4.45969629 4.99894428 0.446222007
v -5.56573057 4.89389563 1.3565551
v -4.91899061 6.11996698 2.283813
v -3.81295633 6.22501564 1.37347996
v -4.45969629 4.99894428 0.446222007
v -5.56573057 4.89389563 1.3565551
v -5.18207359 5.0174098 2.76611209
v -3.52003908 5.17731476 1.71992397
v -4.69063473 6.14308214 0.00786223914
v -6.35266924 5.98317719 1.05405045
v -5.18207359 5.0174098 2.76611209
v -3.52003908 5.17731476 1.71992397
v -4.69063473 6.14308214 0.00786223914
v -6.35266924 5.98317719 1.05405045
v -5.84826803 4.95826721 0.802313924
v -3.82284117 4.77843618 -0.218663141
v -2.82286215 6.56564379 1.45031464
v -4.84828901 6.74547482 2.47129178
v -5.84826803 4.95826721 0.802313924
v -3.82284117 4.77843618 -0.218663141
v -2.82286215 6.56564379 1.45031464
v -4.84828901 6.74547482 2.47129178
v -4.88032961 5.51402712 2.09873104
v -3.17448783 5.294559 1.51897788
v -3.72078753 6.04559374 -0.372737408
v -5.42662907 6.26506186 0.207015827
v -4.88032961 5.51402712 2.09873104
v -3.17448783 5.294559 1.51897788
v -3.72078753 6.04559374 -0.372737408
v -5.42662907 6.26506186 0.207015827
v -5.16255713 4.45030308 1.06731594
v -3.90398431 4.96794462 1.20272183
v -4.41175604 6.35498762 0.619851589
v -5.67032909 5.83734608 0.484445691
v -5.16255713 4.45030308 1.06731594
v -3.90398431 4.96794462 1.20272183
v -4.41175604 6.35498762 0.619851589
v -5.67032909 5.83734608 0.484445691
v -6.15434742 6.87307024 1.29933739
v -4.55237722 6.22258806 -0.0722544864
v -3.3783803 5.02648306 1.86618805
v -4.98035049 5.67696524 3.23777986
v -6.15434742 6.87307024 1.29933739
v -4.55237722 6.22258806 -0.0722544864
v -3.3783803 5.02648306 1.86618805
v -4.98035049 5.67696524 3.23777986
v -4.68850422 5.05215931 0.253404468
v -2.90428948 4.47304869 0.438778728
v -2.22279859 6.55188799 0.373788208
v -4.00701332 7.13099861 0.188413918
v -4.68850422 5.05215931 0.253404468
v -2.90428948 4.47304869 0.438778728
v -2.22279859 6.55188799 0.373788208
v -4.00701332 7.13099861 0.188413918
v -3.88008261 6.25737667 1.95626748
v -3.12058091 6.28924322 0.858637273
v -3.73685551 4.94504833 0.393182755
v -4.49635744 4.91318178 1.49081302
v -3.88008261 6.25737667 1.95626748
v -3.12058091 6.28924322 0.858637273
v -3.73685551 4.94504833 0.393182755
v -4.49635744 4.91318178 1.49081302
v -4.75844574 6.52178717 0.545722842
v -3.50112247 6.12334538 -0.0434619784
v -3.20085311 5.12637901 1.27152193
v -4.45817661 5.5248208 1.86070669
v -4.75844574 6.52178717 0.545722842
v -3.50112247 6.12334538 -0.0434619784
v -3.20085311 5.12637901 1.27152193
v -4.45817661 5.5248208 1.86070669
v 0.432932913 7.14987612 -1.03451848
v -0.0708129928 5.71885729 -1.65554464
v -1.55911648 5.72786951 -0.469071895
v -1.05537057 7.15888834 0.151954323
v 0.432932913 7.14987612 -1.03451848
v -0.0708129928 5.71885729 -1.65554464
v -1.55911648 5.72786951 -0.469071895
v -1.05537057 7.15888834 0.151954323
v -1.37092018 9.32360744 -0.684453428
v -0.854965866 7.18737507 -0.0308872797
v -0.795737982 6.42182446 -2.57990694
v -1.31169236 8.55805683 -3.23347306
v -1.37092018 9.32360744 -0.684453428
v -0.854965866 7.18737507 -0.0308872797
v -0.795737982 6.42182446 -2.57990694
v -1.31169236 8.55805683 -3.23347306
v -1.0572958 7.34985542 -2.69737577
v -1.51082027 5.74628735 -1.88410437
v -0.00498115737 6.08205986 -0.382307231
v 0.448543429 7.68562794 -1.19557881
v -1.0572958 7.34985542 -2.69737577
v -1.51082027 5.74628735 -1.88410437
v -0.00498115737 6.08205986 -0.382307231
v 0.448543429 7.68562794 -1.19557881
v -1.84921384 8.50993824 -1.32140875
v -1.24661469 7.2438674 -0.542074442
v -0.336308897 6.7284832 -2.08321452
v -0.9389081 7.99455404 -2.86254883
v -1.84921384 8.50993824 -1.32140875
v -1.24661469 7.2438674 -0.542074442
v -0.336308897 6.7284832 -2.08321452
v -0.9389081 7.99455404 -2.86254883
v -1.5011431 9.03342533 -2.34942627
v -1.42104661 6.93723822 -2.24590802
v -0.118302323 7.08854723 -0.189968884
v -0.198398754 9.18473434 -0.293487072
v -1.5011431 9.03342533 -2.34942627
v -1.42104661 6.93723822 -2.24590802
v -0.118302323 7.08854723 -0.189968884
v -0.198398754 9.18473434 -0.293487072
v -1.67855453 9.10869312 0.232432619
v -1.49601233 6.16263342 0.364990145
v -0.06452097 6.11106634 -2.75235558
v -0.247063115 9.05712605 -2.88491321
v -1.67855453 9.10869312 0.232432619
v -1.49601233 6.16263342 0.364990145
v -0.06452097 6.11106634 -2.75235558
v -0.247063115 9.05712605 -2.88491321
v -1.56950998 8.54641724 -2.8052423
v -1.85674167 7.11984682 -1.48257995
v 0.390386909 7.03414488 -1.08702362
v 0.677618563 8.46071529 -2.40968609
v -1.56950998 8.54641724 -2.8052423
v -1.85674167 7.11984682 -1.48257995
v 0.390386909 7.03414488 -1.08702362
v 0.677618563 8.46071529 -2.40968609
v -1.06227887 8.02252579 -2.35727024
v -1.23673737 6.53785133 -1.95901644
v -0.360535502 6.84724569 -0.421778858
v -0.186076954 8.33191967 -0.820032477
v -1.06227887 8.02252579 -2.35727024
v -1.23673737 6.53785133 -1.95901644
v -0.360535502 6.84724569 -0.421778858
v -0.186076954 8.33191967 -0.820032477
v -1.35567486 8.27582169 -0.13842462
v -0.660151005 6.10786104 0.104265735
v -1.0257287 5.69936085 -2.49717712
v -1.72125244 7.86732244 -2.73986745
v -1.35567486 8.27582169 -0.13842462
v -0.660151005 6.10786104 0.104265735
v -1.0257287 5.69936085 -2.49717712
v -1.72125244 7.86732244 -2.73986745
v -0.675655186 7.94255733 -3.16664433
v -1.50378346 6.35481071 -2.65510297
v -1.3770535 6.95662403 -0.58200413
v -0.548925221 8.54437065 -1.09354544
v -0.675655186 7.94255733 -3.16664433
v -1.50378346 6.35481071 -2.65510297
v -1.3770535 6.95662403 -0.58200413
v -0.548925221 8.54437065 -1.09354544
v -2.8805306 9.33407307 -1.7193203
v -1.90292358 7.41158342 -0.566608727
v -1.12946343 6.30668831 -3.06531692
v -2.10707045 8.22917747 -4.21802855
v -2.8805306 9.33407307 -1.7193203
v -1.90292358 7.41158342 -0.566608727
v -1.12946343 6.30668831 -3.06531692
v -2.10707045 8.22917747 -4.21802855
v -2.36628008 8.91604996 -4.05414486
v -1.85814834 6.04485893 -3.19564223
v -1.03196812 7.16119909 0.0488667339
v -1.54009998 10.0323915 -0.809636235
v -2.36628008 8.91604996 -4.05414486
v -1.85814834 6.04485893 -3.19564223
v -1.03196812 7.16119909 0.0488667339
v -1.54009998 10.0323915 -0.809636235
v -1.92358351 8.99943066 -2.00852275
v -1.91969633 7.58793259 -1.23982453
v -1.18950784 6.76810169 -2.74890566
v -1.19339502 8.17959976 -3.51760387
v -1.92358351 8.99943066 -2.00852275
v -1.91969633 7.58793259 -1.23982453
v -1.18950784 6.76810169 -2.74890566
v -1.19339502 8.17959976 -3.51760387
v -2.92957973 8.21711445 -4.00146389
v -2.77832532 6.97595167 -2.16085315
v -0.291663796 7.63474274 -1.92096078
v -0.44291833 8.87590599 -3.76157188
v -2.92957973 8.21711445 -4.00146389
v -2.77832532 6.97595167 -2.16085315
v -0.291663796 7.63474274 -1.92096078
v -0.44291833 8.87590599 -3.76157188
v 0.0871525034 9.18122673 -2.19910789
v -0.241795197 6.60151196 -2.42366767
v -2.80782437 6.78927326 -0.821785867
v -2.47887659 9.36898804 -0.597226202
v 0.0871525034 9.18122673 -2.19910789
v -0.241795197 6.60151196 -2.42366767
v -2.80782437 6.78927326 -0.821785867
v -2.47887659 9.36898804 -0.597226202
v -3.91342354 8.93010235 -3.02520347
v -2.6792171 7.60577965 -1.09077787
v -0.410946071 6.87717772 -3.0367918
v -1.64515245 8.20149994 -4.97121763
v -3.91342354 8.93010235 -3.02520347
v -2.6792171 7.60577965 -1.09077787
v -0.410946071 6.87717772 -3.0367918
v -1.64515245 8.20149994 -4.97121763
v -1.96123064 7.56919527 -3.44433904
v -2.13407707 6.85365295 -2.32148075
v -0.960894525 7.62800264 -1.64743257
v -0.78804791 8.34354496 -2.77029085
v -1.96123064 7.56919527 -3.44433904
v -2.13407707 6.85365295 -2.32148075
v -0.960894525 7.62800264 -1.64743257
v -0.78804791 8.34354496 -2.77029085
v -0.487735957 9.36078548 -1.81767821
v -0.0795429349 6.69747257 -2.17630696
v -2.9100647 6.09412622 -0.917345464
v -3.31825781 8.75743961 -0.558716536
v -0.487735957 9.36078548 -1.81767821
v -0.0795429349 6.69747257 -2.17630696
v -2.9100647 6.09412622 -0.917345464
v -3.31825781 8.75743961 -0.558716536
v -1.65875185 7.83234787 -3.63832974
v -0.952112913 6.14099741 -2.66991663
v -2.52043033 6.50977087 -0.881466329
v -3.22706914 8.20112038 -1.84987938
v -1.65875185 7.83234787 -3.63832974
v -0.952112913 6.14099741 -2.66991663
v -2.52043033 6.50977087 -0.881466329
v -3.22706914 8.20112038 -1.84987938
v -2.0993154 6.39226389 -5.42178583
v -2.29719281 5.28083611 -2.98557472
v -1.84306347 8.07289505 -1.67491937
v -1.64518595 9.18432236 -4.11113024
v -2.0993154 6.39226389 -5.42178583
v -2.29719281 5.28083611 -2.98557472
v -1.84306347 8.07289505 -1.67491937
v -1.64518595 9.18432236 -4.11113024
v -2.97861862 6.58331108 -3.88640094
v -2.38828778 5.77177858 -2.57366943
v -1.63590837 7.40421534 -1.90283751
v -2.2262392 8.21574688 -3.2155695
v -2.97861862 6.58331108 -3.88640094
v -2.38828778 5.77177858 -2.57366943
v -1.63590837 7.40421534 -1.90283751
v -2.2262392 8.21574688 -3.2155695
v -3.35215402 6.42022848 -4.18079901
v -1.74856901 5.10041714 -2.63502192
v -1.54893422 7.48062706 -0.809858084
v -3.15251923 8.80043793 -2.35563517
v -3.35215402 6.42022848 -4.18079901
v -1.74856901 5.10041714 -2.63502192
v -1.54893422 7.48062706 -0.809858084
v -3.15251923 8.80043793 -2.35563517
v -3.2962811 6.33344889 -3.99984002
v -1.58056688 5.29797792 -2.69093204
v -1.80463219 7.32004929 -0.797576189
v -3.5203464 8.35552025 -2.10648394
v -3.2962811 6.33344889 -3.99984002
v -1.58056688 5.29797792 -2.69093204
v -1.80463219 7.32004929 -0.797576189
v -3.5203464 8.35552025 -2.10648394
v -2.1596365 8.51974106 -2.41973805
v -0.824339867 6.95257378 -2.142555
v -2.62568927 5.55799007 -1.34961307
v -3.96098566 7.12515688 -1.62679589
v -2.1596365 8.51974106 -2.41973805
v -0.824339867 6.95257378 -2.142555
v -2.62568927 5.55799007 -1.34961307
v -3.96098566 7.12515688 -1.62679589
v -2.06269813 7.41534853 -3.70745277
v -1.19867778 6.35124016 -2.67601538
v -2.6477778 6.49212313 -1.31677854
v -3.51179838 7.5562315 -2.34821582
v -2.06269813 7.41534853 -3.70745277
v -1.19867778 6.35124016 -2.67601538
v -2.6477778 6.49212313 -1.31677854
v -3.51179838 7.5562315 -2.34821582
v -3.51615119 6.12698221 -3.90021467
v -2.74782443 5.61386967 -2.00601459
v -1.04703808 7.35979939 -2.22294068
v -1.81536484 7.87291193 -4.11714029
v -3.51615119 6.12698221 -3.90021467
v -2.74782443 5.61386967 -2.00601459
v -1.04703808 7.35979939 -2.22294068
v -1.81536484 7.87291193 -4.11714029
v -3.82825065 5.92831087 -3.5654726
v -2.92277288 5.95693731 -1.5666765
v -0.760080755 6.86785889 -2.55944729
v -1.6655587 6.83923244 -4.55824327
v -3.82825065 5.92831087 -3.5654726
v -2.92277288 5.95693731 -1.5666765
v -0.760080755 6.86785889 -2.55944729
v -1.6655587 6.83923244 -4.55824327
v 1.95106232 5.74134731 -1.23815823
v 2.99180651 7.42982292 -1.24796724
v 1.67249739 7.49903011 -0.317388356
v 1.46751761 5.95477343 -0.818945348
v 1.95106232 5.74134731 -1.23815823
v 2.99180651 7.42982292 -1.24796724
v 1.67249739 7.49903011 -0.317388356
v 1.46751761 5.95477343 -0.818945348
v 2.37651658 7.13790035 -0.780222595
v 3.97546077 8.2834549 -0.960946202
v 3.32017255 7.87973118 -2.37420559
v 2.25308371 7.07916355 -1.43798184
v 2.37651658 7.13790035 -0.780222595
v 3.97546077 8.2834549 -0.960946202
v 3.32017255 7.87973118 -2.37420559
v 2.25308371 7.07916355 -1.43798184
v 1.26550734 5.55799294 -1.36110806
v 2.36775494 7.22160292 -1.63257074
v 2.6680541 6.47147751 -0.204465002
v 1.52005124 5.39870548 -0.745430291
v 1.26550734 5.55799294 -1.36110806
v 2.36775494 7.22160292 -1.63257074
v 2.6680541 6.47147751 -0.204465002
v 1.52005124 5.39870548 -0.745430291
v 1.53335547 5.49135542 -0.532339931
v 3.03004408 6.86180925 -0.567079544
v 2.41128349 6.53283024 -2.06481242
v 1.4153868 5.49063921 -1.21249926
v 1.53335547 5.49135542 -0.532339931
v 3.03004408 6.86180925 -0.567079544
v 2.41128349 6.53283024 -2.06481242
v 1.4153868 5.49063921 -1.21249926
v 1.9033823 5.65668201 -0.677706063
v 3.15693212 7.19883823 -0.771394253
v 1.8759805 7.35492468 -1.75232208
v 1.46012044 5.89355803 -1.13082397
v 1.9033823 5.65668201 -0.677706063
v 3.15693212 7.19883823 -0.771394253
v 1.8759805 7.35492468 -1.75232208
v 1.46012044 5.89355803 -1.13082397
v 2.25064349 6.44377279 -0.846970797
v 3.6924367 7.43741179 -1.76912081
v 2.25101972 7.61029148 -2.47054386
v 1.75522125 6.62905312 -1.26324081
v 2.25064349 6.44377279 -0.846970797
v 3.6924367 7.43741179 -1.76912081
v 2.25101972 7.61029148 -2.47054386
v 1.75522125 6.62905312 -1.26324081
v 0.915034294 5.37996864 -0.838304698
v 1.06048954 7.36645222 -1.13561213
v 2.44006658 6.55483055 -1.4961834
v 1.55377674 5.22774363 -1.03322363
v 0.915034294 5.37996864 -0.838304698
v 1.06048954 7.36645222 -1.13561213
v 2.44006658 6.55483055 -1.4961834
v 1.55377674 5.22774363 -1.03322363
v 0.665673792 5.98775101 -1.10415375
v 0.197911277 7.85958004 -0.565400302
v 1.56114137 7.30722332 0.141726002
v 1.23087335 5.94024611 -0.726672709
v 0.665673792 5.98775101 -1.10415375
v 0.197911277 7.85958004 -0.565400302
v 1.56114137 7.30722332 0.141726002
v 1.23087335 5.94024611 -0.726672709
v 1.0904566 5.22115469 -1.3691411
v 0.72991091 7.12708855 -1.66771054
v 1.24786234 6.80668879 -0.189308241
v 1.28547621 5.28208637 -0.733672798
v 1.0904566 5.22115469 -1.3691411
v 0.72991091 7.12708855 -1.66771054
v 1.24786234 6.80668879 -0.189308241
v 1.28547621 5.28208637 -0.733672798
v 0.743650258 6.98824549 -0.96195519
v -0.189998403 8.58562469 -0.208001718
v 0.968906343 7.9968462 0.771712363
v 1.16630709 6.89468098 -0.438149214
v 0.743650258 6.98824549 -0.96195519
v -0.189998403 8.58562469 -0.208001718
v 0.968906343 7.9968462 0.771712363
v 1.16630709 6.89468098 -0.438149214
v 0.942826629 6.26377487 -0.363438696
v 0.801460862 8.05692673 0.37443909
v 1.11799383 8.04253292 -1.17749238
v 1.07052827 6.45073843 -0.984717369
v 0.942826629 6.26377487 -0.363438696
v 0.801460862 8.05692673 0.37443909
v 1.11799383 8.04253292 -1.17749238
v 1.07052827 6.45073843 -0.984717369
v 1.09213853 5.48974657 -0.505395651
v 1.6699053 7.34359026 -0.0881701335
v 1.79501045 6.97364807 -1.65844464
v 1.21097434 5.52268362 -1.16955376
v 1.09213853 5.48974657 -0.505395651
v 1.6699053 7.34359026 -0.0881701335
v 1.79501045 6.97364807 -1.65844464
v 1.21097434 5.52268362 -1.16955376
v 0.786533713 6.22231627 -0.434938163
v 1.46499574 7.785779 0.550708175
v 2.15892792 7.59059906 -0.882201076
v 1.1731292 6.3028512 -0.975731909
v 0.786533713 6.22231627 -0.434938163
v 1.46499574 7.785779 0.550708175
v 2.15892792 7.59059906 -0.882201076
v 1.1731292 6.3028512 -0.975731909
v 0.58129847 6.9821806 -0.555878103
v 0.24549526 8.66673565 0.480583459
v 1.81863737 8.4499321 0.0937155411
v 1.25553644 7.06601381 -0.618772626
v 0.58129847 6.9821806 -0.555878103
v 0.24549526 8.66673565 0.480583459
v 1.81863737 8.4499321 0.0937155411
v 1.25553644 7.06601381 -0.618772626
v 1.89841628 5.87180519 -1.80205691
v 2.10497522 6.57264805 -3.63867044
v 0.621543169 6.77297497 -3.0448761
v 1.25074935 6.03789186 -1.73203814
v 1.89841628 5.87180519 -1.80205691
v 2.10497522 6.57264805 -3.63867044
v 0.621543169 6.77297497 -3.0448761
v 1.25074935 6.03789186 -1.73203814
v 1.21422374 5.96580744 -1.18512201
v 2.20710063 7.61302328 -1.609501
v 2.74054933 6.32807112 -2.40899301
v 1.56226325 5.56321144 -1.5919776
v 1.21422374 5.96580744 -1.18512201
v 2.20710063 7.61302328 -1.609501
v 2.74054933 6.32807112 -2.40899301
v 1.56226325 5.56321144 -1.5919776
v 1.12465668 5.96930838 -1.28590906
v 1.92998922 7.76842117 -1.50009012
v 2.82791209 6.58759022 -2.13943172
v 1.61706722 5.63012409 -1.59775865
v 1.12465668 5.96930838 -1.28590906
v 1.92998922 7.76842117 -1.50009012
v 2.82791209 6.58759022 -2.13943172
v 1.61706722 5.63012409 -1.59775865
v 1.50907707 5.95079279 -2.20447659
v 1.69232011 7.48336601 -3.47045994
v 1.7631315 7.92926359 -1.9080013
v 1.56082726 6.31752062 -1.63542092
v 1.50907707 5.95079279 -2.20447659
v 1.69232011 7.48336601 -3.47045994
v 1.7631315 7.92926359 -1.9080013
v 1.56082726 6.31752062 -1.63542092
v 1.22834921 5.98862171 -2.08742738
v 0.665131748 7.67150116 -3.0085237
v 1.82042992 7.90907669 -1.88497877
v 1.68934309 6.27748251 -1.67938542
v 1.22834921 5.98862171 -2.08742738
v 0.665131748 7.67150116 -3.0085237
v 1.82042992 7.90907669 -1.88497877
v 1.68934309 6.27748251 -1.67938542
v 1.75799549 5.33078957 -1.11673379
v 2.37964964 6.59324741 -2.45711923
v 0.801788628 6.48143578 -2.38795948
v 1.11246693 5.41649961 -1.23011422
v 1.75799549 5.33078957 -1.11673379
v 2.37964964 6.59324741 -2.45711923
v 0.801788628 6.48143578 -2.38795948
v 1.11246693 5.41649961 -1.23011422
v 0.917621017 5.46428585 -1.29113042
v 1.05524457 6.87503386 -2.70035195
v 2.50080037 6.41312742 -2.10979843
v 1.58531594 5.40788412 -1.17646384
v 0.917621017 5.46428585 -1.29113042
v 1.05524457 6.87503386 -2.70035195
v 2.50080037 6.41312742 -2.10979843
v 1.58531594 5.40788412 -1.17646384
v 2.98384428 4.18840647 -0.155863732
v 4.63682175 3.55031967 -0.970253229
v 3.66207695 4.26126337 -2.00394082
v 2.72196674 4.44064188 -0.710565925
v 2.98384428 4.18840647 -0.155863732
v 4.63682175 3.55031967 -0.970253229
v 3.66207695 4.26126337 -2.00394082
v 2.72196674 4.44064188 -0.710565925
v 2.04363489 3.94239855 -0.617230952
v 4.0105648 4.30675888 -0.870028913
v 3.28539658 5.35309267 0.168144509
v 1.92834449 4.45425797 -0.175642014
v 2.04363489 3.94239855 -0.617230952
v 4.0105648 4.30675888 -0.870028913
v 3.28539658 5.35309267 0.168144509
v 1.92834449 4.45425797 -0.175642014
v 2.0041728 4.80407238 -0.304350793
v 3.74350286 5.76122236 -0.4754107
v 3.88585496 4.14802217 -0.58887589
v 2.25611901 4.17878056 -0.374050021
v 2.0041728 4.80407238 -0.304350793
v 3.74350286 5.76122236 -0.4754107
v 3.88585496 4.14802217 -0.58887589
v 2.25611901 4.17878056 -0.374050021
v 2.47802281 4.81182575 -0.360624373
v 4.19937706 5.65804815 -0.69795233
v 4.22674513 4.08348846 -0.891861558
v 2.67610025 4.19201708 -0.484592706
v 2.47802281 4.81182575 -0.360624373
v 4.19937706 5.65804815 -0.69795233
v 4.22674513 4.08348846 -0.891861558
v 2.67610025 4.19201708 -0.484592706
v 3.58237767 4.80958605 -1.28618073
v 5.17464352 5.29469013 -2.38246036
v 5.46907854 5.30324268 -0.785593331
v 3.88714123 4.86578655 -0.683276176
v 3.58237767 4.80958605 -1.28618073
v 5.17464352 5.29469013 -2.38246036
v 5.46907854 5.30324268 -0.785593331
v 3.88714123 4.86578655 -0.683276176
v 3.71637392 4.80144119 -0.402672023
v 5.32088804 5.82253933 -0.895192385
v 4.28273726 5.65602589 -2.10200858
v 3.42063212 4.83640623 -1.00083649
v 3.71637392 4.80144119 -0.402672023
v 5.32088804 5.82253933 -0.895192385
v 4.28273726 5.65602589 -2.10200858
v 3.42063212 4.83640623 -1.00083649
v 3.23924255 4.78982162 -0.263968885
v 5.08436251 5.35604906 -0.725257993
v 4.42301464 4.37602282 -1.82796037
v 3.13963294 4.40830898 -0.811743617
v 3.23924255 4.78982162 -0.263968885
v 5.08436251 5.35604906 -0.725257993
v 4.42301464 4.37602282 -1.82796037
v 3.13963294 4.40830898 -0.811743617
v 1.92000759 4.88845301 -0.242135495
v 2.09946918 6.50586557 0.851970613
v 2.93712258 5.26743555 1.41496968
v 2.31767368 4.5036521 0.130171418
v 1.92000759 4.88845301 -0.242135495
v 2.09946918 6.50586557 0.851970613
v 2.93712258 5.26743555 1.41496968
v 2.31767368 4.5036521 0.130171418
v 2.54539895 6.21904945 0.60435015
v 3.26485515 7.72076321 1.63590777
v 4.37198782 6.96101952 0.773472428
v 3.12302828 6.03795147 0.326149195
v 2.54539895 6.21904945 0.60435015
v 3.26485515 7.72076321 1.63590777
v 4.37198782 6.96101952 0.773472428
v 3.12302828 6.03795147 0.326149195
v 2.85607696 5.67637539 -0.111797392
v 3.50443077 7.5973196 -0.0854387432
v 2.77843952 7.13468647 1.32440746
v 2.59815335 5.67469072 0.527765989
v 2.85607696 5.67637539 -0.111797392
v 3.50443077 7.5973196 -0.0854387432
v 2.77843952 7.13468647 1.32440746
v 2.59815335 5.67469072 0.527765989
v 2.52769446 5.69337034 0.705482244
v 4.00790453 6.69723988 1.55900884
v 4.28986692 6.34039927 0.00984123349
v 2.81473541 5.64052057 0.0979290679
v 2.52769446 5.69337034 0.705482244
v 4.00790453 6.69723988 1.55900884
v 4.28986692 6.34039927 0.00984123349
v 2.81473541 5.64052057 0.0979290679
v 2.74734569 6.35471392 0.0493492819
v 2.339746 8.17161369 0.648214102
v 3.12567687 7.31215429 1.73592067
v 3.05831456 6.16258812 0.605194688
v 2.74734569 6.35471392 0.0493492819
v 2.339746 8.17161369 0.648214102
v 3.12567687 7.31215429 1.73592067
v 3.05831456 6.16258812 0.605194688
v 3.04714847 5.69531584 0.0570776165
v 3.34625244 7.55250263 -0.45975101
v 2.25421214 7.38736439 0.683160067
v 2.58622789 5.82110786 0.517482221
v 3.04714847 5.69531584 0.0570776165
v 3.34625244 7.55250263 -0.45975101
v 2.25421214 7.38736439 0.683160067
v 2.58622789 5.82110786 0.517482221
v 2.32980943 4.75264692 -0.434492379
v 3.16013741 6.52661848 0.0309940744
v 2.51078272 5.75612497 1.32519174
v 2.1261301 4.59606838 0.200218961
v 2.32980943 4.75264692 -0.434492379
v 3.16013741 6.52661848 0.0309940744
v 2.51078272 5.75612497 1.32519174
v 2.1261301 4.59606838 0.200218961
v 3.1160326 5.22855663 -0.328255206
v 4.21584797 6.7525425 0.0904919505
v 4.19532585 5.67239046 1.22790587
v 3.22542357 4.90515804 0.230606273
v 3.1160326 5.22855663 -0.328255206
v 4.21584797 6.7525425 0.0904919505
v 4.19532585 5.67239046 1.22790587
v 3.22542357 4.90515804 0.230606273
v 3.79799724 5.84778881 -0.236134872
v 4.7995491 7.48062658 0.208449692
v 5.37355995 6.17041397 0.929938734
v 4.16529179 5.43223381 0.137672782
v 3.79799724 5.84778881 -0.236134872
v 4.7995491 7.48062658 0.208449692
v 5.37355995 6.17041397 0.929938734
v 4.16529179 5.43223381 0.137672782
v 2.22057605 5.01536798 -0.0960436165
v 3.87008786 6.07840395 0.328531057
v 4.05945015 4.47080994 0.56414932
v 2.48406267 4.40403223 0.0561745726
v 2.22057605 5.01536798 -0.0960436165
v 3.87008786 6.07840395 0.328531057
v 4.05945015 4.47080994 0.56414932
v 2.48406267 4.40403223 0.0561745726
v 3.4432838 5.38354254 -0.313376606
v 4.55645609 6.97784567 -0.534297049
v 4.86299133 6.17752218 0.810152948
v 3.70182252 5.19410753 0.269973308
v 3.4432838 5.38354254 -0.313376606
v 4.55645609 6.97784567 -0.534297049
v 4.86299133 6.17752218 0.810152948
v 3.70182252 5.19410753 0.269973308
v 3.63243771 5.39582348 0.489211619
v 5.39483786 6.42731857 0.535986006
v 5.05247927 5.77909327 -0.957980216
v 3.66796637 5.21435785 -0.180451974
v 3.63243771 5.39582348 0.489211619
v 5.39483786 6.42731857 0.535986006
v 5.05247927 5.77909327 -0.957980216
v 3.66796637 5.21435785 -0.180451974
v 3.3088026 5.5352993 -0.0448334813
v 4.52028799 6.82522583 0.876123428
v 4.91990185 5.2715292 1.13675809
v 3.6199851 4.97278404 0.172237545
v 3.3088026 5.5352993 -0.0448334813
v 4.52028799 6.82522583 0.876123428
v 4.91990185 5.2715292 1.13675809
v 3.6199851 4.97278404 0.172237545
v 3.26312828 4.74928999 0.34764576
v 5.08781004 4.31777191 -0.241275564
v 4.23703861 5.10585833 -1.34529817
v 3.07576537 5.05865145 -0.214495555
v 3.26312828 4.74928999 0.34764576
v 5.08781004 4.31777191 -0.241275564
v 4.23703861 5.10585833 -1.34529817
v 3.07576537 5.05865145 -0.214495555
v 3.10089278 4.27804327 -2.99296713
v 2.67812228 4.86586237 -4.8417201
v 2.01771641 5.80857134 -3.70514894
v 2.75702524 4.76721239 -2.67912745
v 3.10089278 4.27804327 -2.99296713
v 2.67812228 4.86586237 -4.8417201
v 2.01771641 5.80857134 -3.70514894
v 2.75702524 4.76721239 -2.67912745
v 2.91891599 4.06892824 -2.69882369
v 1.50111628 4.375875 -4.06788778
v 1.77637064 5.6723814 -3.12756872
v 2.8902607 4.68757725 -2.42186236
v 2.91891599 4.06892824 -2.69882369
v 1.50111628 4.375875 -4.06788778
v 1.77637064 5.6723814 -3.12756872
v 2.8902607 4.68757725 -2.42186236
v 3.13673043 3.9814868 -2.11205411
v 3.87583208 4.40901613 -3.90829539
v 2.70761704 5.42864561 -3.43803954
v 2.68887925 4.48810196 -2.09347248
v 3.13673043 3.9814868 -2.11205411
v 3.87583208 4.40901613 -3.90829539
v 2.70761704 5.42864561 -3.43803954
v 2.68887925 4.48810196 -2.09347248
v 3.32766128 4.5922718 -2.87243819
v 3.17057037 5.43613958 -4.7550025
v 1.68150735 5.22680664 -3.99322438
v 2.63821697 4.58877707 -2.73151183
v 3.32766128 4.5922718 -2.87243819
v 3.17057037 5.43613958 -4.7550025
v 1.68150735 5.22680664 -3.99322438
v 2.63821697 4.58877707 -2.73151183
v 3.0683825 5.1080575 -2.87389255
v 2.66191196 6.49246168 -4.2729578
v 2.04521084 5.01710463 -4.62513447
v 2.7460115 4.59111547 -3.18388939
v 3.0683825 5.1080575 -2.87389255
v 2.66191196 6.49246168 -4.2729578
v 2.04521084 5.01710463 -4.62513447
v 2.7460115 4.59111547 -3.18388939
v 2.55401778 4.21844864 -2.38393307
v 2.12725472 5.81412888 -3.46456003
v 3.38767385 6.02676201 -2.48876452
v 3.077209 4.48663664 -2.05983019
v 2.55401778 4.21844864 -2.38393307
v 2.12725472 5.81412888 -3.46456003
v 3.38767385 6.02676201 -2.48876452
v 3.077209 4.48663664 -2.05983019
v 2.57501078 4.23645687 -2.7046392
v 1.82324922 5.25476694 -4.20380354
v 3.09711528 5.95626974 -3.54021335
v 3.06921077 4.66313744 -2.5666914
v 2.57501078 4.23645687 -2.7046392
v 1.82324922 5.25476694 -4.20380354
v 3.09711528 5.95626974 -3.54021335
v 3.06921077 4.66313744 -2.5666914
v 4.87665367 4.33319664 -1.18725598
v 6.76802635 4.2050705 -1.69464219
v 5.93445635 5.21216679 -2.61504507
v 4.70425463 4.77420092 -1.65767348
v 4.87665367 4.33319664 -1.18725598
v 6.76802635 4.2050705 -1.69464219
v 5.93445635 5.21216679 -2.61504507
v 4.70425463 4.77420092 -1.65767348
v 3.59754252 4.64319277 -1.91860116
v 5.55581141 5.04653883 -2.23832822
v 5.2674284 4.33487797 -0.778329313
v 3.67858005 4.36530733 -1.29372692
v 3.59754252 4.64319277 -1.91860116
v 5.55581141 5.04653883 -2.23832822
v 5.2674284 4.33487797 -0.778329313
v 3.67858005 4.36530733 -1.29372692
v 4.20094872 4.8926897 -1.49907994
v 5.71460485 5.58166265 -0.423054606
v 5.58467054 3.97358727 -0.383422852
v 4.30557585 4.24077845 -1.3650887
v 4.20094872 4.8926897 -1.49907994
v 5.71460485 5.58166265 -0.423054606
v 5.58467054 3.97358727 -0.383422852
v 4.30557585 4.24077845 -1.3650887
v 4.42122793 4.7005291 -1.80121028
v 5.66941833 6.16706896 -1.33339274
v 5.46543503 5.09868383 -0.140122205
v 4.46377182 4.37624645 -1.21182847
v 4.42122793 4.7005291 -1.80121028
v 5.66941833 6.16706896 -1.33339274
v 5.46543503 5.09868383 -0.140122205
v 4.46377182 4.37624645 -1.21182847
v 4.91020203 4.41729116 -1.15079546
v 6.72412014 4.10718489 -1.71216929
v 5.87891531 4.90552998 -2.76347232
v 4.72419214 4.74438524 -1.6861552
v 4.91020203 4.41729116 -1.15079546
v 6.72412014 4.10718489 -1.71216929
v 5.87891531 4.90552998 -2.76347232
v 4.72419214 4.74438524 -1.6861552
v 3.0378015 4.43073797 -1.08564651
v 4.85916853 3.76377559 -0.810776949
v 4.30402374 3.49199533 -2.28227067
v 2.98359275 4.23603678 -1.72055173
v 3.0378015 4.43073797 -1.08564651
v 4.85916853 3.76377559 -0.810776949
v 4.30402374 3.49199533 -2.28227067
v 2.98359275 4.23603678 -1.72055173
v 2.84049273 4.58722544 -1.14996362
v 4.76192713 5.15400839 -0.967742562
v 4.523736 4.04592419 -2.15147018
v 2.94022417 4.14793921 -1.66490269
v 2.84049273 4.58722544 -1.14996362
v 4.76192713 5.15400839 -0.967742562
v 4.523736 4.04592419 -2.15147018
v 2.94022417 4.14793921 -1.66490269
v -0.536603212 6.12967157 3.30518103
v -0.0940315276 7.7813859 4.23796511
v -0.246617451 7.96919346 2.6695857
v -0.557765424 6.392694 2.69750261
v -0.536603212 6.12967157 3.30518103
v -0.0940315276 7.7813859 4.23796511
v -0.246617451 7.96919346 2.6695857
v -0.557765424 6.392694 2.69750261
v -0.259453833 6.20752144 3.20010614
v -0.142637461 7.93256521 4.08863211
v -1.22836435 7.89511204 2.93621612
v -0.737190068 6.37672234 2.77551126
v -0.259453833 6.20752144 3.20010614
v -0.142637461 7.93256521 4.08863211
v -1.22836435 7.89511204 2.93621612
v -0.737190068 6.37672234 2.77551126
v -0.720869839 7.03495884 3.76661444
v -0.329037577 8.59940624 4.98066473
v 0.0172243882 8.90051746 3.40135956
v -0.522214949 7.33973646 3.18434739
v -0.720869839 7.03495884 3.76661444
v -0.329037577 8.59940624 4.98066473
v 0.0172243882 8.90051746 3.40135956
v -0.522214949 7.33973646 3.18434739
v -0.999091506 7.33521414 3.22844768
v -1.61666167 8.49856377 4.75779676
v -0.114628151 7.86952305 4.98613167
v -0.387367785 7.1766386 3.49657106
v -0.999091506 7.33521414 3.22844768
v -1.61666167 8.49856377 4.75779676
v -0.114628151 7.86952305 4.98613167
v -0.387367785 7.1766386 3.49657106
v -0.275141954 5.86142111 3.03905153
v -0.00066524453 7.62617016 3.84499335
v -0.419943094 7.69442987 2.30621123
v -0.43488428 6.0826478 2.43105483
v -0.275141954 5.86142111 3.03905153
v -0.00066524453 7.62617016 3.84499335
v -0.419943094 7.69442987 2.30621123
v -0.43488428 6.0826478 2.43105483
v -0.572950482 5.47811985 2.39249778
v -1.6831857 6.68651915 3.49540854
v -0.115758926 7.05654287 3.52783036
v 0.0151525438 5.77560616 2.52613354
v -0.572950482 5.47811985 2.39249778
v -1.6831857 6.68651915 3.49540854
v -0.115758926 7.05654287 3.52783036
v 0.0151525438 5.77560616 2.52613354
v -0.34047094 6.62314892 2.72151065
v -1.09833467 8.42244434 3.11016965
v -1.85269701 7.22517872 3.9025569
v -0.76292479 6.27656221 3.1213038
v -0.34047094 6.62314892 2.72151065
v -1.09833467 8.42244434 3.11016965
v -1.85269701 7.22517872 3.9025569
v -0.76292479 6.27656221 3.1213038
v 0.138218284 6.38858032 4.53276491
v 0.00360998744 6.79372311 6.46431732
v -1.42244089 6.79311895 5.71347857
v -0.520342588 6.43201828 4.40206432
v 0.138218284 6.38858032 4.53276491
v 0.00360998744 6.79372311 6.46431732
v -1.42244089 6.79311895 5.71347857
v -0.520342588 6.43201828 4.40206432
v -0.409473658 5.98384285 4.40801096
v -1.12369215 6.33726025 6.19856739
v -0.45489043 7.61977863 5.52224588
v -0.184484378 6.60118818 4.29575157
v -0.409473658 5.98384285 4.40801096
v -1.12369215 6.33726025 6.19856739
v -0.45489043 7.61977863 5.52224588
v -0.184484378 6.60118818 4.29575157
v 0.188372672 5.49380732 3.65427899
v 1.05557549 6.28684425 5.25646496
v 0.709307432 7.37754822 4.11150265
v 0.12555261 6.07195568 3.31004739
v 0.188372672 5.49380732 3.65427899
v 1.05557549 6.28684425 5.25646496
v 0.709307432 7.37754822 4.11150265
v 0.12555261 6.07195568 3.31004739
v 0.182439685 6.23490381 3.22496152
v 0.0469612889 7.39514017 4.78484535
v -0.125145525 5.85546637 5.13206244
v 0.0900954306 5.66472912 3.55006909
v 0.182439685 6.23490381 3.22496152
v 0.0469612889 7.39514017 4.78484535
v -0.125145525 5.85546637 5.13206244
v 0.0900954306 5.66472912 3.55006909
v 0.291255146 5.99388075 2.70240235
v -0.102813087 7.53751945 3.82166696
v -1.0325017 6.28902817 4.12688541
v -0.171130091 5.59657621 2.96100378
v 0.291255146 5.99388075 2.70240235
v -0.102813087 7.53751945 3.82166696
v -1.0325017 6.28902817 4.12688541
v -0.171130091 5.59657621 2.96100378
v 0.42558825 5.50323057 3.13294792
v 0.804715335 6.00892353 5.0059042
v -0.497507125 6.73863983 4.4014945
v -0.12162178 5.88734674 3.06205606
v 0.42558825 5.50323057 3.13294792
v 0.804715335 6.00892353 5.0059042
v -0.497507125 6.73863983 4.4014945
v -0.12162178 5.88734674 3.06205606
v 0.417264998 5.73377609 3.70974231
v 0.385692388 6.95060778 5.25218725
v -0.685854435 7.33078146 4.12529182
v -0.0700769946 6.03675604 3.36722469
v 0.417264998 5.73377609 3.70974231
v 0.385692388 6.95060778 5.25218725
v -0.685854435 7.33078146 4.12529182
v -0.0700769946 6.03675604 3.36722469
v 1.14076602 6.57844591 2.58272362
v 2.90894961 7.15369272 3.39631701
v 2.68047094 7.72406673 1.86116481
v 1.22834945 6.89810371 1.97719193
v 1.14076602 6.57844591 2.58272362
v 2.90894961 7.15369272 3.39631701
v 2.68047094 7.72406673 1.86116481
v 1.22834945 6.89810371 1.97719193
v 1.46393514 7.00655746 1.87349856
v 2.69354439 8.35849285 2.50155902
v 1.67350698 7.88587284 3.60369587
v 1.13592517 6.938972 2.43901086
v 1.46393514 7.00655746 1.87349856
v 2.69354439 8.35849285 2.50155902
v 1.67350698 7.88587284 3.60369587
v 1.13592517 6.938972 2.43901086
v 0.571015477 6.70460415 2.13326931
v 0.854751468 8.58837795 2.56538343
v 2.17454815 7.85272741 2.06564665
v 1.1976788 6.57560825 1.95419741
v 0.571015477 6.70460415 2.13326931
v 0.854751468 8.58837795 2.56538343
v 2.17454815 7.85272741 2.06564665
v 1.1976788 6.57560825 1.95419741
v 0.875962257 7.08465147 2.41447353
v 1.81103313 8.0349884 3.8762157
v 2.80232596 7.17646694 2.93901467
v 1.42453837 6.79945469 2.14891934
v 0.875962257 7.08465147 2.41447353
v 1.81103313 8.0349884 3.8762157
v 2.80232596 7.17646694 2.93901467
v 1.42453837 6.79945469 2.14891934
v 1.01738644 7.2679081 2.03982854
v 1.95247877 8.80990887 2.80894256
v 2.5277338 7.40778303 3.31332898
v 1.37807238 6.80104208 2.3506012
v 1.01738644 7.2679081 2.03982854
v 1.95247877 8.80990887 2.80894256
v 2.5277338 7.40778303 3.31332898
v 1.37807238 6.80104208 2.3506012
v 1.78621864 7.10913324 2.22913527
v 2.76150179 8.67251968 3.05557084
v 1.12691796 8.7678299 3.21707678
v 1.15322602 7.32085133 2.3912394
v 1.78621864 7.10913324 2.22913527
v 2.76150179 8.67251968 3.05557084
v 1.12691796 8.7678299 3.21707678
v 1.15322602 7.32085133 2.3912394
v 1.1153909 7.04425287 1.83680785
v 2.53300619 8.37780094 2.34127212
v 2.39819145 7.14244127 3.40847635
v 1.2074523 6.63021231 2.373209
v 1.1153909 7.04425287 1.83680785
v 2.53300619 8.37780094 2.34127212
v 2.39819145 7.14244127 3.40847635
v 1.2074523 6.63021231 2.373209
v 1.0494287 7.92348909 1.70183873
v 1.08601737 9.72507668 0.720419645
v 2.2492907 8.65417767 0.177700818
v 1.57873785 7.63422012 1.35084867
v 1.0494287 7.92348909 1.70183873
v 1.08601737 9.72507668 0.720419645
v 2.2492907 8.65417767 0.177700818
v 1.57873785 7.63422012 1.35084867
v 1.22561216 6.94220304 2.11898303
v 3.05931497 7.69494581 1.98148322
v 2.34110928 7.49517155 0.544549763
v 1.09909248 6.93319368 1.45519531
v 1.22561216 6.94220304 2.11898303
v 3.05931497 7.69494581 1.98148322
v 2.34110928 7.49517155 0.544549763
v 1.09909248 6.93319368 1.45519531
v 0.972241938 7.21793747 2.04354644
v 1.93865764 8.97291279 2.00054884
v 2.36219096 7.97385311 0.780722797
v 1.26778626 6.9560833 1.4880054
v 0.972241938 7.21793747 2.04354644
v 1.93865764 8.97291279 2.00054884
v 2.36219096 7.97385311 0.780722797
v 1.26778626 6.9560833 1.4880054
v 1.35716009 6.58295202 1.53641844
v 1.75503516 8.03503323 0.28011179
v 0.454204828 8.30691051 1.16677201
v 0.812601447 6.86240339 1.80131173
v 1.35716009 6.58295202 1.53641844
v 1.75503516 8.03503323 0.28011179
v 0.454204828 8.30691051 1.16677201
v 0.812601447 6.86240339 1.80131173
v 1.57014239 7.76279545 1.89492476
v 2.230304 9.56227112 1.40162838
v 1.41661346 8.83519554 0.214454904
v 1.27388561 7.62857676 1.3055476
v 1.57014239 7.76279545 1.89492476
v 2.230304 9.56227112 1.40162838
v 1.41661346 8.83519554 0.214454904
v 1.27388561 7.62857676 1.3055476
v 1.60071719 7.67967653 1.89068985
v 2.26093793 9.42790127 1.39793563
v 1.28687108 8.80704021 0.327959955
v 1.23203719 7.58789778 1.35430038
v 1.60071719 7.67967653 1.89068985
v 2.26093793 9.42790127 1.39793563
v 1.28687108 8.80704021 0.327959955
v 1.23203719 7.58789778 1.35430038
v 0.789824843 7.06542921 1.97368264
v 1.39510751 8.93608665 1.88582504
v 2.27453184 7.94324589 0.984767795
v 1.25229752 6.8188653 1.55726516
v 0.789824843 7.06542921 1.97368264
v 1.39510751 8.93608665 1.88582504
v 2.27453184 7.94324589 0.984767795
v 1.25229752 6.8188653 1.55726516
v 2.30339599 6.13647461 1.28993976
v 3.54790807 7.29703903 0.246169463
v 2.61206794 8.12935638 1.2837801
v 2.01501942 6.6375823 1.64593637
v 2.30339599 6.13647461 1.28993976
v 3.54790807 7.29703903 0.246169463
v 2.61206794 8.12935638 1.2837801
v 2.01501942 6.6375823 1.64593637
v 1.81192255 5.90458202 1.763767
v 3.57903099 5.64966583 0.926984787
v 2.75987172 6.88820171 0.314124346
v 1.63262475 6.43643045 1.39670432
v 1.81192255 5.90458202 1.763767
v 3.57903099 5.64966583 0.926984787
v 2.75987172 6.88820171 0.314124346
v 1.63262475 6.43643045 1.39670432
v 1.37982368 6.2208209 1.09596741
v 2.79782772 7.70171547 0.946011424
v 2.55626678 7.17424202 2.51719999
v 1.42371798 6.14237595 1.78937411
v 1.37982368 6.2208209 1.09596741
v 2.79782772 7.70171547 0.946011424
v 2.55626678 7.17424202 2.51719999
v 1.42371798 6.14237595 1.78937411
v 0.865435839 6.20639133 1.41650343
v 2.18390059 7.64164686 1.75319016
v 2.65482831 6.20296478 2.30528879
v 1.22036719 5.71149874 1.7021693
v 0.865435839 6.20639133 1.41650343
v 2.18390059 7.64164686 1.75319016
v 2.65482831 6.20296478 2.30528879
v 1.22036719 5.71149874 1.7021693
v 2.16222119 6.27859211 1.96768641
v 4.20849895 6.32817364 2.10778356
v 3.63668585 6.82885838 0.619053245
v 2.12475038 6.51006222 1.31045616
v 2.16222119 6.27859211 1.96768641
v 4.20849895 6.32817364 2.10778356
v 3.63668585 6.82885838 0.619053245
v 2.12475038 6.51006222 1.31045616
v 1.21140444 6.13891268 1.12541163
v 2.37013602 7.80171919 1.07238269
v 2.24410892 7.14262915 2.58169389
v 1.27950346 6.02065277 1.80133045
v 1.21140444 6.13891268 1.12541163
v 2.37013602 7.80171919 1.07238269
v 2.24410892 7.14262915 2.58169389
v 1.27950346 6.02065277 1.80133045
v 2.70509624 6.62811184 2.0005939
v 4.15707731 7.89038515 2.38016081
v 3.69663286 7.90019274 0.850301087
v 2.65380335 6.76872826 1.35062504
v 2.70509624 6.62811184 2.0005939
v 4.15707731 7.89038515 2.38016081
v 3.69663286 7.90019274 0.850301087
v 2.65380335 6.76872826 1.35062504
v -0.788357675 6.14279509 1.15691125
v -2.04715419 7.69986916 1.4305135
v -1.82913625 7.311059 -0.154419854
v -0.825707555 6.13519239 0.470637262
v -0.788357675 6.14279509 1.15691125
v -2.04715419 7.69986916 1.4305135
v -1.82913625 7.311059 -0.154419854
v -0.825707555 6.13519239 0.470637262
v -0.964121819 5.67863083 0.888046265
v -2.23678517 6.99097013 1.65374756
v -0.957186341 7.67985153 0.949872553
v -0.523532987 6.1313343 0.652771533
v -0.964121819 5.67863083 0.888046265
v -2.23678517 6.99097013 1.65374756
v -0.957186341 7.67985153 0.949872553
v -0.523532987 6.1313343 0.652771533
v -0.570526779 6.47920799 0.648248374
v -1.50051522 7.61667347 -0.728372395
v -2.30143023 6.22586107 -0.389394462
v -1.03257549 5.97380638 0.652814806
v -0.570526779 6.47920799 0.648248374
v -1.50051522 7.61667347 -0.728372395
v -2.30143023 6.22586107 -0.389394462
v -1.03257549 5.97380638 0.652814806
v 0.109889612 5.38151693 0.466026336
v -0.73873502 7.00466299 -0.260360211
v -0.950505793 6.83259058 1.32157302
v -0.07730937 5.47892666 1.10209441
v 0.109889612 5.38151693 0.466026336
v -0.73873502 7.00466299 -0.260360211
v -0.950505793 6.83259058 1.32157302
v -0.07730937 5.47892666 1.10209441
v -1.99576378 6.63948202 0.606397927
v -3.00770688 8.3777504 0.93269068
v -1.46425712 8.61388397 0.368806243
v -1.4078846 6.93366766 0.386938334
v -1.99576378 6.63948202 0.606397927
v -3.00770688 8.3777504 0.93269068
v -1.46425712 8.61388397 0.368806243
v -1.4078846 6.93366766 0.386938334
v 0.0126334671 5.75458193 1.14387286
v -1.10317183 7.40285206 1.22201002
v -1.62989235 6.3237834 0.130263895
v -0.345630318 5.44508171 0.659245014
v 0.0126334671 5.75458193 1.14387286
v -1.10317183 7.40285206 1.22201002
v -1.62989235 6.3237834 0.130263895
v -0.345630318 5.44508171 0.659245014
v -0.732177317 6.03525877 0.263673842
v -2.72125745 6.26473236 -0.0729568973
v -2.34796953 6.06902695 1.52661693
v -0.778194129 5.97163153 0.949759603
v -0.732177317 6.03525877 0.263673842
v -2.72125745 6.26473236 -0.0729568973
v -2.34796953 6.06902695 1.52661693
v -0.778194129 5.97163153 0.949759603
v 0.238441959 6.84750843 1.97892666
v 1.18299592 8.55233479 2.15912318
v -0.211896241 8.68292046 1.3974613
v -0.28961584 7.09041834 1.6543839
v 0.238441959 6.84750843 1.97892666
v 1.18299592 8.55233479 2.15912318
v -0.211896241 8.68292046 1.3974613
v -0.28961584 7.09041834 1.6543839
v -0.434394062 8.1986208 2.02887082
v -0.148656592 9.99097824 2.7127924
v 0.388843209 8.86169815 3.67862368
v -0.160818279 7.88198996 2.53885126
v -0.434394062 8.1986208 2.02887082
v -0.148656592 9.99097824 2.7127924
v 0.388843209 8.86169815 3.67862368
v -0.160818279 7.88198996 2.53885126
v 0.122190207 8.07780266 2.62360501
v 0.746112525 9.94278049 2.68681431
v -0.660344899 9.77106953 1.93710184
v -0.445683688 8.20146751 2.29183698
v 0.122190207 8.07780266 2.62360501
v 0.746112525 9.94278049 2.68681431
v -0.660344899 9.77106953 1.93710184
v -0.445683688 8.20146751 2.29183698
v 0.085698925 7.61256266 1.75473154
v -0.212489873 9.33516884 2.64799142
v -1.04805231 8.1349926 3.2958045
v -0.323832273 7.25638723 2.14367318
v 0.085698925 7.61256266 1.75473154
v -0.212489873 9.33516884 2.64799142
v -1.04805231 8.1349926 3.2958045
v -0.323832273 7.25638723 2.14367318
v 0.167214781 6.34989262 1.07463288
v 0.47994113 8.190238 1.81586719
v -0.962121189 7.55348492 2.25479531
v -0.450314164 6.26087523 1.35283506
v 0.167214781 6.34989262 1.07463288
v 0.47994113 8.190238 1.81586719
v -0.962121189 7.55348492 2.25479531
v -0.450314164 6.26087523 1.35283506
v -0.581493974 8.24970913 2.16600657
v -0.830652714 10.0738459 2.77711368
v 0.360238314 9.33001137 3.50251436
v -0.0705415606 8.11058331 2.55954719
v -0.581493974 8.24970913 2.16600657
v -0.830652714 10.0738459 2.77711368
v 0.360238314 9.33001137 3.50251436
v -0.0705415606 8.11058331 2.55954719
v -0.526468515 6.98817301 1.63598824
v -1.06525683 7.52914429 3.44525909
v 0.418038845 6.93312311 3.37964988
v 0.0852925405 6.77736139 1.80156028
v -0.526468515 6.98817301 1.63598824
v -1.06525683 7.52914429 3.44525909
v 0.418038845 6.93312311 3.37964988
v 0.0852925405 6.77736139 1.80156028
v -0.96839267 7.07184935 1.44025528
v -1.8276881 8.91582775 1.54746509
v -1.1786449 8.58107185 0.057042025
v -0.767979205 7.11961317 0.778712213
v -0.96839267 7.07184935 1.44025528
v -1.8276881 8.91582775 1.54746509
v -1.1786449 8.58107185 0.057042025
v -0.767979205 7.11961317 0.778712213
v -1.03307331 6.53165531 0.890733719
v -2.27178407 7.99096107 1.22416079
v -0.780321419 8.33215523 1.63024735
v -0.493138731 6.84319115 1.11010551
v -1.03307331 6.53165531 0.890733719
v -2.27178407 7.99096107 1.22416079
v -0.780321419 8.33215523 1.63024735
v -0.493138731 6.84319115 1.11010551
v -1.27980721 7.5617156 1.42110991
v -1.57879281 9.55208111 1.3882035
v -1.62383485 8.8659277 -0.100663394
v -1.33240688 7.46657372 0.745152533
v -1.27980721 7.5617156 1.42110991
v -1.57879281 9.55208111 1.3882035
v -1.62383485 8.8659277 -0.100663394
v -1.33240688 7.46657372 0.745152533
v -0.79475981 6.11569834 0.949306905
v -1.97086358 7.25165749 2.04701447
v -0.427274674 7.33649921 2.47663021
v -0.224529088 6.27657413 1.26176333
v -0.79475981 6.11569834 0.949306905
v -1.97086358 7.25165749 2.04701447
v -0.427274674 7.33649921 2.47663021
v -0.224529088 6.27657413 1.26176333
v -0.943511546 7.69666624 0.839317679
v -2.44003177 8.92325687 0.452192962
v -2.91908264 7.49472094 1.012941
v -1.32132208 7.18384314 1.05079758
v -0.943511546 7.69666624 0.839317679
v -2.44003177 8.92325687 0.452192962
v -2.91908264 7.49472094 1.012941
v -1.32132208 7.18384314 1.05079758
v -1.30912495 6.91039085 0.880004883
v -3.02779555 7.91607046 0.969175339
v -1.73048997 8.83246899 1.30745399
v -0.90865922 7.43276024 1.04240012
v -1.30912495 6.91039085 0.880004883
v -3.02779555 7.91607046 0.969175339
v -1.73048997 8.83246899 1.30745399
v -0.90865922 7.43276024 1.04240012
v -1.00163233 6.40333271 1.16405714
v -2.22826838 7.91322803 0.699590206
v -0.67610538 8.19703007 0.292932808
v -0.432981253 6.69440699 0.930289626
v -1.00163233 6.40333271 1.16405714
v -2.22826838 7.91322803 0.699590206
v -0.67610538 8.19703007 0.292932808
v -0.432981253 6.69440699 0.930289626
v -0.943070054 5.12618828 -3.24714541
v -1.67915738 6.79472685 -4.13777161
v -2.80903006 5.97571945 -3.25083017
v -1.5327636 4.9363246 -2.94267178
v -0.943070054 5.12618828 -3.24714541
v -1.67915738 6.79472685 -4.13777161
v -2.80903006 5.97571945 -3.25083017
v -1.5327636 4.9363246 -2.94267178
v -0.907724142 4.64617252 -1.56678414
v -1.62731874 5.68441868 -3.12049484
v -0.966599941 4.2562108 -3.55083919
v -0.686965346 4.1131773 -1.9287678
v -0.907724142 4.64617252 -1.56678414
v -1.62731874 5.68441868 -3.12049484
v -0.966599941 4.2562108 -3.55083919
v -0.686965346 4.1131773 -1.9287678
v -0.436241239 4.5458374 -1.96649241
v -0.850836873 5.29119968 -3.69701862
v -2.04213333 4.48068523 -3.0689292
v -1.01898944 4.26020765 -1.86953938
v -0.436241239 4.5458374 -1.96649241
v -0.850836873 5.29119968 -3.69701862
v -2.04213333 4.48068523 -3.0689292
v -1.01898944 4.26020765 -1.86953938
v -1.45737457 4.62712574 -2.48931885
v -2.12409353 6.10508585 -3.61280775
v -0.59510994 5.71576262 -3.91839814
v -0.83878237 4.61075544 -2.74854422
v -1.45737457 4.62712574 -2.48931885
v -2.12409353 6.10508585 -3.61280775
v -0.59510994 5.71576262 -3.91839814
v -0.83878237 4.61075544 -2.74854422
v -1.35760677 4.30447388 -2.83765745
v -2.82166481 5.29662657 -3.67372084
v -1.67472255 6.23832798 -3.09250927
v -0.997578382 4.83681202 -2.66537166
v -1.35760677 4.30447388 -2.83765745
v -2.82166481 5.29662657 -3.67372084
v -1.67472255 6.23832798 -3.09250927
v -0.997578382 4.83681202 -2.66537166
v -1.38542259 4.36745644 -2.36709046
v -2.49859381 5.37914181 -3.67993045
v -0.91057539 5.71282148 -3.79273295
v -0.788336754 4.62730503 -2.55967736
v -1.38542259 4.36745644 -2.36709046
v -2.49859381 5.37914181 -3.67993045
v -0.91057539 5.71282148 -3.79273295
v -0.788336754 4.62730503 -2.55967736
v -0.702798665 3.92281151 -2.01474023
v -1.93160284 4.19031811 -3.55404544
v -1.9946543 5.39125013 -2.46948409
v -0.863850236 4.49404192 -1.69100285
v -0.702798665 3.92281151 -2.01474023
v -1.93160284 4.19031811 -3.55404544
v -1.9946543 5.39125013 -2.46948409
v -0.863850236 4.49404192 -1.69100285
v -1.67988706 3.52431607 -1.88915062
v -3.23323512 3.99255967 -3.10267067
v -1.84672225 4.80699444 -3.47529292
v -1.22129655 3.9426527 -2.18836236
v -1.67988706 3.52431607 -1.88915062
v -3.23323512 3.99255967 -3.10267067
v -1.84672225 4.80699444 -3.47529292
v -1.22129655 3.9426527 -2.18836236
v -1.21371281 3.39540887 -1.7837801
v -2.78230572 3.70884347 -2.96168923
v -1.98048997 5.06496334 -2.59109306
v -1.02082992 4.04168081 -1.74349511
v -1.21371281 3.39540887 -1.7837801
v -2.78230572 3.70884347 -2.96168923
v -1.98048997 5.06496334 -2.59109306
v -1.02082992 4.04168081 -1.74349511
v -1.3720969 3.3450613 -1.82239568
v -3.31121922 3.48516607 -2.42543077
v -2.46455503 4.89920998 -2.6095407
v -1.19893599 3.99879265 -1.97060561
v -1.3720969 3.3450613 -1.82239568
v -3.31121922 3.48516607 -2.42543077
v -2.46455503 4.89920998 -2.6095407
v -1.19893599 3.99879265 -1.97060561
v -1.48523521 3.94561863 -1.62289751
v -3.08771777 4.32043886 -2.7858429
v -1.84806013 3.61451864 -3.59846926
v -1.0982691 3.66724801 -2.11536908
v -1.48523521 3.94561863 -1.62289751
v -3.08771777 4.32043886 -2.7858429
v -1.84806013 3.61451864 -3.59846926
v -1.0982691 3.66724801 -2.11536908
v -1.13230264 3.5610714 -2.36366248
v -2.20268822 3.84466124 -3.99328136
v -2.81937933 4.56307507 -2.6970768
v -1.526299 3.91612077 -1.95408607
v -1.13230264 3.5610714 -2.36366248
v -2.20268822 3.84466124 -3.99328136
v -2.81937933 4.56307507 -2.6970768
v -1.526299 3.91612077 -1.95408607
v -1.9462173 3.77671719 -2.56108069
v -2.99239254 3.9681735 -4.27925014
v -1.44192219 4.50858116 -4.39875221
v -1.35886073 4.04143429 -2.8004241
v -1.9462173 3.77671719 -2.56108069
v -2.99239254 3.9681735 -4.27925014
v -1.44192219 4.50858116 -4.39875221
v -1.35886073 4.04143429 -2.8004241
v -0.786171734 3.78626227 -2.02391958
v -2.30974436 3.78296614 -3.27632284
v -2.75591922 3.86425495 -1.73483086
v -1.15205336 3.82261872 -1.46286774
v -0.786171734 3.78626227 -2.02391958
v -2.30974436 3.78296614 -3.27632284
v -2.75591922 3.86425495 -1.73483086
v -1.15205336 3.82261872 -1.46286774
v -2.74070048 4.38896084 -2.23910117
v -4.67518044 4.55489635 -2.58457851
v -4.20144224 5.31582451 -1.25117064
v -2.73546052 4.75051641 -1.67417657
v -2.74070048 4.38896084 -2.23910117
v -4.67518044 4.55489635 -2.58457851
v -4.20144224 5.31582451 -1.25117064
v -2.73546052 4.75051641 -1.67417657
v -0.964107215 3.50837469 -1.67929888
v -2.80951953 3.66827631 -2.44783378
v -2.38194084 4.94722223 -1.52536762
v -0.970104694 4.10322809 -1.34560895
v -0.964107215 3.50837469 -1.67929888
v -2.80951953 3.66827631 -2.44783378
v -2.38194084 4.94722223 -1.52536762
v -0.970104694 4.10322809 -1.34560895
v -1.17544091 3.91667438 -1.98791873
v -3.02223372 4.43206406 -2.63117576
v -2.82536459 4.61416101 -1.00548184
v -1.28578126 4.0545187 -1.32311857
v -1.17544091 3.91667438 -1.98791873
v -3.02223372 4.43206406 -2.63117576
v -2.82536459 4.61416101 -1.00548184
v -1.28578126 4.0545187 -1.32311857
v -1.26052439 4.28547001 -1.9410429
v -2.89859366 4.90061998 -2.74120045
v -3.11598873 4.16290951 -1.37529302
v -1.53543675 4.01867151 -1.41049635
v -1.26052439 4.28547001 -1.9410429
v -2.89859366 4.90061998 -2.74120045
v -3.11598873 4.16290951 -1.37529302
v -1.53543675 4.01867151 -1.41049635
v -0.91347146 4.36239624 -1.54975855
v -2.06971741 5.06487322 -3.05982232
v -2.30411291 3.45904136 -2.75185204
v -1.14407766 3.71295547 -1.57359302
v -0.91347146 4.36239624 -1.54975855
v -2.06971741 5.06487322 -3.05982232
v -2.30411291 3.45904136 -2.75185204
v -1.14407766 3.71295547 -1.57359302
v -1.11093533 4.40974808 -1.73059189
v -2.4932735 4.81750011 -3.14914942
v -2.72399402 3.36021876 -2.41601872
v -1.36427486 3.79559827 -1.55254149
v -1.11093533 4.40974808 -1.73059189
v -2.4932735 4.81750011 -3.14914942
v -2.72399402 3.36021876 -2.41601872
v -1.36427486 3.79559827 -1.55254149
v -1.54401195 4.15725994 -1.15922284
v -2.33728361 5.96866846 -1.03890347
v -1.71061468 5.64260674 -2.49017334
v -1.34657979 4.20543575 -1.80166888
v -1.54401195 4.15725994 -1.15922284
v -2.33728361 5.96866846 -1.03890347
v -1.71061468 5.64260674 -2.49017334
v -1.34657979 4.20543575 -1.80166888
v -2.32888699 4.57367516 0.342738658
v -3.55237389 3.68658948 1.63787889
v -2.50574088 4.70602798 2.34115338
v -1.98820531 4.93836975 0.800086975
v -2.32888699 4.57367516 0.342738658
v -3.55237389 3.68658948 1.63787889
v -2.50574088 4.70602798 2.34115338
v -1.98820531 4.93836975 0.800086975
v -2.1308322 4.49618721 0.969418108
v -2.68075037 4.79512548 2.84394383
v -3.15308881 5.96881628 1.84808898
v -2.4034822 5.05850601 0.721909821
v -2.1308322 4.49618721 0.969418108
v -2.68075037 4.79512548 2.84394383
v -3.15308881 5.96881628 1.84808898
v -2.4034822 5.05850601 0.721909821
v -2.19482827 4.52912998 0.342808574
v -3.63188624 4.90319633 1.65190494
v -2.41465259 5.95880651 1.7236979
v -1.80014169 5.0462265 0.516470671
v -2.19482827 4.52912998 0.342808574
v -3.63188624 4.90319633 1.65190494
v -2.41465259 5.95880651 1.7236979
v -1.80014169 5.0462265 0.516470671
v -1.79684103 5.27304697 0.197769523
v -3.58656335 5.93768787 0.63219589
v -3.41219544 4.37531996 0.902685642
v -1.91118598 4.63915348 0.366799384
v -1.79684103 5.27304697 0.197769523
v -3.58656335 5.93768787 0.63219589
v -3.41219544 4.37531996 0.902685642
v -1.91118598 4.63915348 0.366799384
v -2.6691637 4.40278244 1.05082738
v -3.68646836 4.07785225 2.68718386
v -3.64175725 5.6133666 2.26942945
v -2.75872827 5.06119967 1.03870666
v -2.6691637 4.40278244 1.05082738
v -3.68646836 4.07785225 2.68718386
v -3.64175725 5.6133666 2.26942945
v -2.75872827 5.06119967 1.03870666
v -2.51739311 4.43994427 1.13070822
v -3.43057871 4.34319019 2.92725229
v -3.74669504 5.73557901 2.11277771
v -2.75868249 5.05834103 0.956702113
v -2.51739311 4.43994427 1.13070822
v -3.43057871 4.34319019 2.92725229
v -3.74669504 5.73557901 2.11277771
v -2.75868249 5.05834103 0.956702113
v -2.11817288 4.53831911 1.00173128
v -2.72121072 4.90086985 2.80592966
v -3.28500199 5.92218733 1.74372053
v -2.43785596 5.03868532 0.716668189
v -2.11817288 4.53831911 1.00173128
v -2.72121072 4.90086985 2.80592966
v -3.28500199 5.92218733 1.74372053
v -2.43785596 5.03868532 0.716668189
v -3.35667706 5.52451038 0.598808587
v -4.72308636 5.19653511 1.99318659
v -3.47061634 6.06492519 2.52085447
v -2.93845463 5.88131094 0.987555444
v -3.35667706 5.52451038 0.598808587
v -4.72308636 5.19653511 1.99318659
v -3.47061634 6.06492519 2.52085447
v -2.93845463 5.88131094 0.987555444
v -3.80977893 6.18588781 1.49438167
v -5.25669622 7.32393742 2.17036486
v -4.90310764 7.59772444 0.636542261
v -3.80619812 6.43232059 0.87460351
v -3.80977893 6.18588781 1.49438167
v -5.25669622 7.32393742 2.17036486
v -4.90310764 7.59772444 0.636542261
v -3.80619812 6.43232059 0.87460351
v -3.32130432 6.00029325 0.502533317
v -5.21050358 6.58954954 0.845492721
v -4.467134 5.99613285 2.17695689
v -3.18940735 5.79586744 1.14085555
v -3.32130432 6.00029325 0.502533317
v -5.21050358 6.58954954 0.845492721
v -4.467134 5.99613285 2.17695689
v -3.18940735 5.79586744 1.14085555
v -3.08170867 5.50234413 1.13591576
v -4.03893518 6.67530441 2.31479621
v -3.69145989 7.3317976 0.939242661
v -3.02805614 5.92538309 0.6418733
v -3.08170867 5.50234413 1.13591576
v -4.03893518 6.67530441 2.31479621
v -3.69145989 7.3317976 0.939242661
v -3.02805614 5.92538309 0.6418733
v -3.11392522 5.9354763 1.36203527
v -3.40061164 7.89640379 1.73383224
v -3.83741117 7.45400906 0.21327287
v -3.3421247 5.94724512 0.715428412
v -3.11392522 5.9354763 1.36203527
v -3.40061164 7.89640379 1.73383224
v -3.83741117 7.45400906 0.21327287
v -3.3421247 5.94724512 0.715428412
v -2.85928297 5.25056553 0.376159698
v -4.46561432 6.31526661 0.95937413
v -3.0403111 7.03427124 1.33677423
v -2.38889027 5.69015598 0.609525561
v -2.85928297 5.25056553 0.376159698
v -4.46561432 6.31526661 0.95937413
v -3.0403111 7.03427124 1.33677423
v -2.38889027 5.69015598 0.609525561
v -2.6302197 5.38160706 0.967437923
v -3.23260641 6.85013962 2.08399081
v -3.21151781 7.20525885 0.543454945
v -2.6856873 5.70042753 0.392160952
v -2.6302197 5.38160706 0.967437923
v -3.23260641 6.85013962 2.08399081
v -3.21151781 7.20525885 0.543454945
v -2.6856873 5.70042753 0.392160952
v -3.87522888 5.30060244 1.09058738
v -5.27159595 5.17376328 2.47166014
v -5.51238966 6.37428999 1.43644202
v -4.13463116 5.82910347 0.772062957
v -3.87522888 5.30060244 1.09058738
v -5.27159595 5.17376328 2.47166014
v -5.51238966 6.37428999 1.43644202
v -4.13463116 5.82910347 0.772062957
v -2.52693486 5.56413269 0.849568486
v -4.30404949 6.4817934 0.893028975
v -3.88349247 5.96397972 -0.594060898
v -2.52873492 5.42928219 0.182652891
v -2.52693486 5.56413269 0.849568486
v -4.30404949 6.4817934 0.893028975
v -3.88349247 5.96397972 -0.594060898
v -2.52873492 5.42928219 0.182652891
v -4.04190636 5.88449574 0.484371543
v -5.69760513 6.17658806 1.3875494
v -4.70662022 5.2902565 2.19378948
v -3.77298808 5.5157218 0.945932508
v -4.04190636 5.88449574 0.484371543
v -5.69760513 6.17658806 1.3875494
v -4.70662022 5.2902565 2.19378948
v -3.77298808 5.5157218 0.945932508
v -3.1679306 5.39410877 0.860461056
v -4.99084663 5.86552095 1.50667465
v -4.69749689 6.37035084 -0.00642021466
v -3.23212171 5.67296267 0.246832207
v -3.1679306 5.39410877 0.860461056
v -4.99084663 5.86552095 1.50667465
v -4.69749689 6.37035084 -0.00642021466
v -3.23212171 5.67296267 0.246832207
v -3.29957747 5.62380934 0.0416475981
v -5.22206545 5.1539278 0.126985356
v -4.46503639 4.99986649 1.54394412
v -3.1651032 5.50353575 0.690786421
v -3.29957747 5.62380934 0.0416475981
v -5.22206545 5.1539278 0.126985356
v -4.46503639 4.99986649 1.54394412
v -3.1651032 5.50353575 0.690786421
v -3.34843516 6.02480602 0.366690874
v -4.88943291 6.93394756 1.2309463
v -4.60702562 5.45370626 1.82233655
v -3.38715172 5.45438242 0.727021277
v -3.34843516 6.02480602 0.366690874
v -4.88943291 6.93394756 1.2309463
v -4.60702562 5.45370626 1.82233655
v -3.38715172 5.45438242 0.727021277
v -3.82782793 6.06249285 0.851477325
v -5.52690697 6.32302332 1.75440621
v -5.28366566 4.82720041 1.30083454
v -3.90128851 5.41505289 0.744051039
v -3.82782793 6.06249285 0.851477325
v -5.52690697 6.32302332 1.75440621
v -5.28366566 4.82720041 1.30083454
v -3.90128851 5.41505289 0.744051039
v -1.13845086 5.60452509 -0.814631939
v -1.07274652 7.49969912 -0.217551261
v 0.0858428031 7.1252923 -1.28572369
v -0.608115971 5.63990498 -1.23262441
v -1.13845086 5.60452509 -0.814631939
v -1.07274652 7.49969912 -0.217551261
v 0.0858428031 7.1252923 -1.28572369
v -0.608115971 5.63990498 -1.23262441
v -0.761337817 6.24885225 -1.56107712
v -1.36966491 8.05683899 -2.1440053
v -1.44550955 7.84234047 -0.534932673
v -0.861223638 6.34704399 -0.897274554
v -0.761337817 6.24885225 -1.56107712
v -1.36966491 8.05683899 -2.1440053
v -1.44550955 7.84234047 -0.534932673
v -0.861223638 6.34704399 -0.897274554
v -0.407993585 5.28548336 -1.1785624
v -0.620244443 7.22546005 -1.52807653
v -1.96281624 6.52907133 -0.960992575
v -1.03723013 5.18028259 -0.960163116
v -0.407993585 5.28548336 -1.1785624
v -0.620244443 7.22546005 -1.52807653
v -1.96281624 6.52907133 -0.960992575
v -1.03723013 5.18028259 -0.960163116
v -1.24251115 6.53307247 -1.27792525
v -1.69598091 8.44394207 -1.09721076
v -0.156146705 8.12357521 -0.768427908
v -0.596010983 6.59455156 -1.10994184
v -1.24251115 6.53307247 -1.27792525
v -1.69598091 8.44394207 -1.09721076
v -0.156146705 8.12357521 -0.768427908
v -0.596010983 6.59455156 -1.10994184
v -0.373667181 6.27580738 -1.15910506
v -0.00737921428 8.02352142 -1.94984889
v -1.55764723 7.7523489 -1.71603668
v -1.03428555 6.34190035 -1.13882351
v -0.373667181 6.27580738 -1.15910506
v -0.00737921428 8.02352142 -1.94984889
v -1.55764723 7.7523489 -1.71603668
v -1.03428555 6.34190035 -1.13882351
v -1.18603599 5.44654131 -1.32859254
v -2.10707951 7.19330263 -0.957997322
v -0.702272117 7.01647615 -0.136581153
v -0.650963724 5.5551405 -0.917638183
v -1.18603599 5.44654131 -1.32859254
v -2.10707951 7.19330263 -0.957997322
v -0.702272117 7.01647615 -0.136581153
v -0.650963724 5.5551405 -0.917638183
v -0.501270473 5.84899521 -1.44071472
v -0.361107498 7.80565977 -1.70956147
v -1.45706582 7.39213514 -0.600460947
v -0.981108665 5.87334251 -0.968824923
v -0.501270473 5.84899521 -1.44071472
v -0.361107498 7.80565977 -1.70956147
v -1.45706582 7.39213514 -0.600460947
v -0.981108665 5.87334251 -0.968824923
v -1.56069982 6.47795153 -1.18733525
v -1.60572183 8.45697689 -1.41142702
v -1.10779905 7.67261314 -2.74227405
v -1.34068358 6.33723164 -1.81255412
v -1.56069982 6.47795153 -1.18733525
v -1.60572183 8.45697689 -1.41142702
v -1.10779905 7.67261314 -2.74227405
v -1.34068358 6.33723164 -1.81255412
v -1.83081901 6.47344351 -1.83560848
v -2.45782852 8.33595276 -1.97107422
v -1.04937208 8.19502926 -1.21473324
v -1.26237524 6.61074543 -1.50864267
v -1.83081901 6.47344351 -1.83560848
v -2.45782852 8.33595276 -1.97107422
v -1.04937208 8.19502926 -1.21473324
v -1.26237524 6.61074543 -1.50864267
v -1.91245174 6.99197674 -2.14760947
v -2.55004501 8.80249977 -2.76111722
v -1.21816564 8.87452126 -1.80384743
v -1.37973392 7.219841 -1.78147554
v -1.91245174 6.99197674 -2.14760947
v -2.55004501 8.80249977 -2.76111722
v -1.21816564 8.87452126 -1.80384743
v -1.37973392 7.219841 -1.78147554
v -1.07110965 6.44976425 -1.81492054
v -1.48673689 8.21889877 -2.54668546
v -2.65811467 7.61967039 -1.64317179
v -1.64497328 6.37001085 -1.48582304
v -1.07110965 6.44976425 -1.81492054
v -1.48673689 8.21889877 -2.54668546
v -2.65811467 7.61967039 -1.64317179
v -1.64497328 6.37001085 -1.48582304
v -1.78949654 7.00592136 -2.30322623
v -3.24086928 8.26471138 -2.7884326
v -2.24733806 8.84375858 -1.65537763
v -1.49738359 7.40324354 -1.84386122
v -1.78949654 7.00592136 -2.30322623
v -3.24086928 8.26471138 -2.7884326
v -2.24733806 8.84375858 -1.65537763
v -1.49738359 7.40324354 -1.84386122
v -1.38313174 6.08416843 -1.97059071
v -2.42437243 7.7783103 -2.41547441
v -2.28701735 7.50284481 -0.784120798
v -1.43343878 6.14254332 -1.28183186
v -1.38313174 6.08416843 -1.97059071
v -2.42437243 7.7783103 -2.41547441
v -2.28701735 7.50284481 -0.784120798
v -1.43343878 6.14254332 -1.28183186
v -1.83086622 6.27348852 -1.75110185
v -2.4450233 8.05498314 -2.45142007
v -0.9511289 8.10361099 -1.78179908
v -1.22245002 6.48765612 -1.52424288
v -1.83086622 6.27348852 -1.75110185
v -2.4450233 8.05498314 -2.45142007
v -0.9511289 8.10361099 -1.78179908
v -1.22245002 6.48765612 -1.52424288
v -1.39399588 6.35147667 -2.10810971
v -2.45682001 7.55347443 -3.28381467
v -3.26497483 7.07030869 -1.96483576
v -1.87364578 6.26295185 -1.63927507
v -1.39399588 6.35147667 -2.10810971
v -2.45682001 7.55347443 -3.28381467
v -3.26497483 7.07030869 -1.96483576
v -1.87364578 6.26295185 -1.63927507
v -1.79833853 6.59934807 -2.66533756
v -2.82209158 7.2256732 -4.19467592
v -3.66383839 7.18342495 -2.85371947
v -2.28894401 6.64784193 -2.22473073
v -1.79833853 6.59934807 -2.66533756
v -2.82209158 7.2256732 -4.19467592
v -3.66383839 7.18342495 -2.85371947
v -2.28894401 6.64784193 -2.22473073
v -1.69394958 5.95511532 -2.10443878
v -3.50175762 6.30481195 -2.95159197
v -3.16460061 7.318964 -1.69277704
v -1.73672652 6.45085907 -1.62732816
v -1.69394958 5.95511532 -2.10443878
v -3.50175762 6.30481195 -2.95159197
v -3.16460061 7.318964 -1.69277704
v -1.73672652 6.45085907 -1.62732816
v -2.4276197 6.33462095 -2.39740252
v -3.8117485 7.24237204 -3.48225617
v -2.48462296 8.13291836 -3.26913762
v -1.97759271 6.83475018 -2.41819835
v -2.4276197 6.33462095 -2.39740252
v -3.8117485 7.24237204 -3.48225617
v -2.48462296 8.13291836 -3.26913762
v -1.97759271 6.83475018 -2.41819835
v -1.38038301 6.52818489 -1.58284879
v -1.79659593 7.6344614 -3.18926859
v -2.34038115 6.10755396 -3.30351782
v -1.67087448 5.95795441 -1.80776346
v -1.38038301 6.52818489 -1.58284879
v -1.79659593 7.6344614 -3.18926859
v -2.34038115 6.10755396 -3.30351782
v -1.67087448 5.95795441 -1.80776346
v -2.31823397 6.74770308 -1.99770677
v -3.21936393 8.04038048 -3.1356082
v -2.12569189 7.18880987 -3.90130591
v -1.92152917 6.50258112 -2.46628237
v -2.31823397 6.74770308 -1.99770677
v -3.21936393 8.04038048 -3.1356082
v -2.12569189 7.18880987 -3.90130591
v -1.92152917 6.50258112 -2.46628237
v -2.15268755 6.13178825 -1.79402721
v -3.57844472 7.12069988 -2.6184032
v -2.16072583 7.70793056 -2.92615247
v -1.66623783 6.50368929 -2.02195597
v -2.15268755 6.13178825 -1.79402721
v -3.57844472 7.12069988 -2.6184032
v -2.16072583 7.70793056 -2.92615247
v -1.66623783 6.50368929 -2.02195597
vt 0.650390625 0
vt 0.630554199 0
vt 0.610717773 0
vt 0.590881348 0
vt 0.571044922 0
vt 0.551208496 0
vt 0.53137207 0
vt 0.511535645 0
vt 0.491699219 0
vt 0.471862793 0
vt 0.452026367 0
vt 0.432189941 0
vt 0.412353516 0
vt 0.39251709 0
vt 0.372680664 0
vt 0.352844238 0
vt 0.333007812 0
vt 0.313171387 0
vt 0.293334961 0
vt 0.273498535 0
vt 0.253662109 0
vt 0.233825684 0
vt 0.213989258 0
vt 0.194152832 0
vt 0.174316406 0
vt 0.15447998 0
vt 0.134643555 0
vt 0.114807129 0
vt 0.0949707031 0
vt 0.0751342773 0
vt 0.0552978516 0
vt 0.0354614258 0
vt 0.015625 0
vt 0.650390625 0.12244992
vt 0.615125835 0.12244992
vt 0.579861104 0.12244992
vt 0.544596314 0.12244992
vt 0.509331584 0.12244992
vt 0.474066824 0.12244992
vt 0.438802093 0.12244992
vt 0.403537333 0.12244992
vt 0.368272573 0.12244992
vt 0.333007812 0.12244992
vt 0.297743052 0.12244992
vt 0.262478292 0.12244992
vt 0.227213547 0.12244992
vt 0.191948786 0.12244992
vt 0.156684026 0.12244992
vt 0.121419273 0.12244992
vt 0.0861545131 0.12244992
vt 0.0508897565 0.12244992
vt 0.015625 0.12244992
vt 0.650390625 0.24569872
vt 0.597493529 0.24569872
vt 0.544596314 0.24569872
vt 0.491699219 0.24569872
vt 0.438802093 0.24569872
vt 0.385904938 0.24569872
vt 0.333007812 0.24569872
vt 0.280110657 0.24569872
vt 0.227213547 0.24569872
vt 0.174316406 0.24569872
vt 0.121419273 0.24569872
vt 0.0685221404 0.24569872
vt 0.015625 0.24569872
vt 0.650390625 0.502291083
vt 0.586914062 0.502291083
vt 0.5234375 0.502291083
vt 0.459960938 0.502291083
vt 0.396484405 0.502291083
vt 0.333007812 0.502291083
vt 0.26953125 0.502291083
vt 0.206054702 0.502291083
vt 0.142578125 0.502291083
vt 0.0791015625 0.502291083
vt 0.015625 0.502291083
vt 0.650390625 0.753972113
vt 0.586914062 0.753972113
vt 0.5234375 0.753972113
vt 0.459960938 0.753972113
vt 0.396484405 0.753972113
vt 0.333007812 0.753972113
vt 0.26953125 0.753972113
vt 0.206054702 0.753972113
vt 0.142578125 0.753972113
vt 0.0791015625 0.753972113
vt 0.015625 0.753972113
vt 0.650390625 0.759552717
vt 0.586914062 0.759552717
vt 0.5234375 0.759552717
vt 0.459960938 0.759552717
vt 0.396484405 0.759552717
vt 0.333007812 0.759552717
vt 0.26953125 0.759552717
vt 0.206054702 0.759552717
vt 0.142578125 0.759552717
vt 0.0791015625 0.759552717
vt 0.015625 0.759552717
vt 0.650390625 0.813476801
vt 0.586914062 0.813476801
vt 0.5234375 0.813476801
vt 0.459960938 0.813476801
vt 0.396484405 0.813476801
vt 0.333007812 0.813476801
vt 0.26953125 0.813476801
vt 0.206054702 0.813476801
vt 0.142578125 0.813476801
vt 0.0791015625 0.813476801
vt 0.015625 0.813476801
vt 0.650390625 0.813782334
vt 0.586914062 0.813782334
vt 0.5234375 0.813782334
vt 0.459960938 0.813782334
vt 0.396484405 0.813782334
vt 0.333007812 0.813782334
vt 0.26953125 0.813782334
vt 0.206054702 0.813782334
vt 0.142578125 0.813782334
vt 0.0791015625 0.813782334
vt 0.015625 0.813782334
vt 0.650390625 0.850061953
vt 0.586914062 0.850061953
vt 0.5234375 0.850061953
vt 0.459960938 0.850061953
vt 0.396484405 0.850061953
vt 0.333007812 0.850061953
vt 0.26953125 0.850061953
vt 0.206054702 0.850061953
vt 0.142578125 0.850061953
vt 0.0791015625 0.850061953
vt 0.015625 0.850061953
vt 0.650390625 0.873780847
vt 0.586914062 0.873780847
vt 0.5234375 0.873780847
vt 0.459960938 0.873780847
vt 0.396484405 0.873780847
vt 0.333007812 0.873780847
vt 0.26953125 0.873780847
vt 0.206054702 0.873780847
vt 0.142578125 0.873780847
vt 0.0791015625 0.873780847
vt 0.015625 0.873780847
vt 0.650390625 0.892625868
vt 0.586914062 0.892625868
vt 0.5234375 0.892625868
vt 0.459960938 0.892625868
vt 0.396484405 0.892625868
vt 0.333007812 0.892625868
vt 0.26953125 0.892625868
vt 0.206054702 0.892625868
vt 0.142578125 0.892625868
vt 0.0791015625 0.892625868
vt 0.015625 0.892625868
vt 0.650390625 0.934749424
vt 0.586914062 0.934749424
vt 0.5234375 0.934749424
vt 0.459960938 0.934749424
vt 0.396484405 0.934749424
vt 0.333007812 0.934749424
vt 0.26953125 0.934749424
vt 0.206054702 0.934749424
vt 0.142578125 0.934749424
vt 0.0791015625 0.934749424
vt 0.015625 0.934749424
vt 0.650390625 0
vt 0.544596314 0
vt 0.438802093 0
vt 0.333007812 0
vt 0.227213547 0
vt 0.121419273 0
vt 0.015625 0
vt 0.650390625 0.132413507
vt 0.544596314 0.132413507
vt 0.438802093 0.132413507
vt 0.333007812 0.132413507
vt 0.227213547 0.132413507
vt 0.121419273 0.132413507
vt 0.015625 0.132413507
vt 0.650390625 0.276843071
vt 0.491699219 0.276843071
vt 0.333007812 0.276843071
vt 0.174316406 0.276843071
vt 0.015625 0.276843071
vt 0.650390625 0.539667666
vt 0.491699219 0.539667666
vt 0.333007812 0.539667666
vt 0.174316406 0.539667666
vt 0.015625 0.539667666
vt 0.650390625 0.694252074
vt 0.491699219 0.694252074
vt 0.333007812 0.694252074
vt 0.174316406 0.694252074
vt 0.015625 0.694252074
vt 0.650390625 0.803000748
vt 0.491699219 0.803000748
vt 0.333007812 0.803000748
vt 0.174316406 0.803000748
vt 0.015625 0.803000748
vt 0.650390625 0.828508615
vt 0.491699219 0.828508615
vt 0.333007812 0.828508615
vt 0.174316406 0.828508615
vt 0.015625 0.828508615
vt 0.650390625 0.868619204
vt 0.491699219 0.868619204
vt 0.333007812 0.868619204
vt 0.174316406 0.868619204
vt 0.015625 0.868619204
vt 0.650390625 0.882686317
vt 0.491699219 0.882686317
vt 0.333007812 0.882686317
vt 0.174316406 0.882686317
vt 0.015625 0.882686317
vt 0.650390625 0.935165226
vt 0.491699219 0.935165226
vt 0.333007812 0.935165226
vt 0.174316406 0.935165226
vt 0.015625 0.935165226
vt 0.650390625 0
vt 0.544596314 0
vt 0.438802093 0
vt 0.333007812 0
vt 0.227213547 0
vt 0.121419273 0
vt 0.015625 0
vt 0.650390625 0.175684586
vt 0.544596314 0.175684586
vt 0.438802093 0.175684586
vt 0.333007812 0.175684586
vt 0.227213547 0.175684586
vt 0.121419273 0.175684586
vt 0.015625 0.175684586
vt 0.650390625 0.502656996
vt 0.491699219 0.502656996
vt 0.333007812 0.502656996
vt 0.174316406 0.502656996
vt 0.015625 0.502656996
vt 0.650390625 0.946078181
vt 0.491699219 0.946078181
vt 0.333007812 0.946078181
vt 0.174316406 0.946078181
vt 0.015625 0.946078181
vt 0.650390625 1.17210126
vt 0.491699219 1.17210126
vt 0.333007812 1.17210126
vt 0.174316406 1.17210126
vt 0.015625 1.17210126
vt 0.650390625 1.40683198
vt 0.491699219 1.40683198
vt 0.333007812 1.40683198
vt 0.174316406 1.40683198
vt 0.015625 1.40683198
vt 0.650390625 1.41629672
vt 0.491699219 1.41629672
vt 0.333007812 1.41629672
vt 0.174316406 1.41629672
vt 0.015625 1.41629672
vt 0.650390625 1.46206379
vt 0.491699219 1.46206379
vt 0.333007812 1.46206379
vt 0.174316406 1.46206379
vt 0.015625 1.46206379
vt 0.650390625 1.5064187
vt 0.491699219 1.5064187
vt 0.333007812 1.5064187
vt 0.174316406 1.5064187
vt 0.015625 1.5064187
vt 0.650390625 0
vt 0.544596314 0
vt 0.438802093 0
vt 0.333007812 0
vt 0.227213547 0
vt 0.121419273 0
vt 0.015625 0
vt 0.650390625 0.246855885
vt 0.491699219 0.246855885
vt 0.333007812 0.246855885
vt 0.174316406 0.246855885
vt 0.015625 0.246855885
vt 0.650390625 0.530754685
vt 0.491699219 0.530754685
vt 0.333007812 0.530754685
vt 0.174316406 0.530754685
vt 0.015625 0.530754685
vt 0.650390625 0.726565242
vt 0.491699219 0.726565242
vt 0.333007812 0.726565242
vt 0.174316406 0.726565242
vt 0.015625 0.726565242
vt 0.650390625 0.884680569
vt 0.491699219 0.884680569
vt 0.333007812 0.884680569
vt 0.174316406 0.884680569
vt 0.015625 0.884680569
vt 0.650390625 0.894865811
vt 0.491699219 0.894865811
vt 0.333007812 0.894865811
vt 0.174316406 0.894865811
vt 0.015625 0.894865811
vt 0.650390625 0.950805664
vt 0.491699219 0.950805664
vt 0.333007812 0.950805664
vt 0.174316406 0.950805664
vt 0.015625 0.950805664
vt 0.650390625 0.957749546
vt 0.491699219 0.957749546
vt 0.333007812 0.957749546
vt 0.174316406 0.957749546
vt 0.015625 0.957749546
vt 0.650390625 0.987528443
vt 0.491699219 0.987528443
vt 0.333007812 0.987528443
vt 0.174316406 0.987528443
vt 0.015625 0.987528443
vt 0.650390625 1.01695263
vt 0.491699219 1.01695263
vt 0.333007812 1.01695263
vt 0.174316406 1.01695263
vt 0.015625 1.01695263
vt 0.650390625 0
vt 0.491699219 0
vt 0.333007812 0
vt 0.174316406 0
vt 0.015625 0
vt 0.650390625 0.221378401
vt 0.491699219 0.221378401
vt 0.333007812 0.221378401
vt 0.174316406 0.221378401
vt 0.015625 0.221378401
vt 0.650390625 0.469724894
vt 0.491699219 0.469724894
vt 0.333007812 0.469724894
vt 0.174316406 0.469724894
vt 0.015625 0.469724894
vt 0.650390625 1.10748804
vt 0.491699219 1.10748804
vt 0.333007812 1.10748804
vt 0.174316406 1.10748804
vt 0.015625 1.10748804
vt 0.650390625 1.67691016
vt 0.491699219 1.67691016
vt 0.333007812 1.67691016
vt 0.174316406 1.67691016
vt 0.015625 1.67691016
vt 0.650390625 1.69450009
vt 0.491699219 1.69450009
vt 0.333007812 1.69450009
vt 0.174316406 1.69450009
vt 0.015625 1.69450009
vt 0.650390625 0
vt 0.491699219 0
vt 0.333007812 0
vt 0.174316406 0
vt 0.015625 0
vt 0.650390625 0.467502236
vt 0.491699219 0.467502236
vt 0.333007812 0.467502236
vt 0.174316406 0.467502236
vt 0.015625 0.467502236
vt 0.650390625 1.15699136
vt 0.491699219 1.15699136
vt 0.333007812 1.15699136
vt 0.174316406 1.15699136
vt 0.015625 1.15699136
vt 0.650390625 1.77427173
vt 0.491699219 1.77427173
vt 0.333007812 1.77427173
vt 0.174316406 1.77427173
vt 0.015625 1.77427173
vt 0.650390625 1.79227161
vt 0.491699219 1.79227161
vt 0.333007812 1.79227161
vt 0.174316406 1.79227161
vt 0.015625 1.79227161
vt 0.650390625 0
vt 0.491699219 0
vt 0.333007812 0
vt 0.174316406 0
vt 0.015625 0
vt 0.650390625 0.355251253
vt 0.491699219 0.355251253
vt 0.333007812 0.355251253
vt 0.174316406 0.355251253
vt 0.015625 0.355251253
vt 0.650390625 0.777451038
vt 0.491699219 0.777451038
vt 0.333007812 0.777451038
vt 0.174316406 0.777451038
vt 0.015625 0.777451038
vt 0.650390625 1.75311995
vt 0.491699219 1.75311995
vt 0.333007812 1.75311995
vt 0.174316406 1.75311995
vt 0.015625 1.75311995
vt 0.650390625 1.76987314
vt 0.491699219 1.76987314
vt 0.333007812 1.76987314
vt 0.174316406 1.76987314
vt 0.015625 1.76987314
vt 0.650390625 0
vt 0.491699219 0
vt 0.333007812 0
vt 0.174316406 0
vt 0.015625 0
vt 0.650390625 0.299688518
vt 0.491699219 0.299688518
vt 0.333007812 0.299688518
vt 0.174316406 0.299688518
vt 0.015625 0.299688518
vt 0.650390625 0.652649224
vt 0.491699219 0.652649224
vt 0.333007812 0.652649224
vt 0.174316406 0.652649224
vt 0.015625 0.652649224
vt 0.650390625 1.56250608
vt 0.491699219 1.56250608
vt 0.333007812 1.56250608
vt 0.174316406 1.56250608
vt 0.015625 1.56250608
vt 0.650390625 1.57888556
vt 0.491699219 1.57888556
vt 0.333007812 1.57888556
vt 0.174316406 1.57888556
vt 0.015625 1.57888556
vt 0.650390625 0
vt 0.491699219 0
vt 0.333007812 0
vt 0.174316406 0
vt 0.015625 0
vt 0.650390625 0.699341476
vt 0.491699219 0.699341476
vt 0.333007812 0.699341476
vt 0.174316406 0.699341476
vt 0.015625 0.699341476
vt 0.650390625 1.27613044
vt 0.491699219 1.27613044
vt 0.333007812 1.27613044
vt 0.174316406 1.27613044
vt 0.015625 1.27613044
vt 0.650390625 1.82550383
vt 0.491699219 1.82550383
vt 0.333007812 1.82550383
vt 0.174316406 1.82550383
vt 0.015625 1.82550383
vt 0.650390625 1.84173441
vt 0.491699219 1.84173441
vt 0.333007812 1.84173441
vt 0.174316406 1.84173441
vt 0.015625 1.84173441
vt 0.650390625 0
vt 0.491699219 0
vt 0.333007812 0
vt 0.174316406 0
vt 0.015625 0
vt 0.650390625 0.216901064
vt 0.491699219 0.216901064
vt 0.333007812 0.216901064
vt 0.174316406 0.216901064
vt 0.015625 0.216901064
vt 0.650390625 0.469170004
vt 0.491699219 0.469170004
vt 0.333007812 0.469170004
vt 0.174316406 0.469170004
vt 0.015625 0.469170004
vt 0.650390625 1.22510409
vt 0.491699219 1.22510409
vt 0.333007812 1.22510409
vt 0.174316406 1.22510409
vt 0.015625 1.22510409
vt 0.650390625 1.24174643
vt 0.491699219 1.24174643
vt 0.333007812 1.24174643
vt 0.174316406 1.24174643
vt 0.015625 1.24174643
vt 0.650390625 0
vt 0.544596314 0
vt 0.438802093 0
vt 0.333007812 0
vt 0.227213547 0
vt 0.121419273 0
vt 0.015625 0
vt 0.650390625 0.211256132
vt 0.491699219 0.211256132
vt 0.333007812 0.211256132
vt 0.174316406 0.211256132
vt 0.015625 0.211256132
vt 0.650390625 0.467245728
vt 0.491699219 0.467245728
vt 0.333007812 0.467245728
vt 0.174316406 0.467245728
vt 0.015625 0.467245728
vt 0.650390625 0.931570411
vt 0.491699219 0.931570411
vt 0.333007812 0.931570411
vt 0.174316406 0.931570411
vt 0.015625 0.931570411
vt 0.650390625 0.955382347
vt 0.491699219 0.955382347
vt 0.333007812 0.955382347
vt 0.174316406 0.955382347
vt 0.015625 0.955382347
vt 0.650390625 0
vt 0.491699219 0
vt 0.333007812 0
vt 0.174316406 0
vt 0.015625 0
vt 0.650390625 0.451376736
vt 0.491699219 0.451376736
vt 0.333007812 0.451376736
vt 0.174316406 0.451376736
vt 0.015625 0.451376736
vt 0.650390625 1.00561166
vt 0.491699219 1.00561166
vt 0.333007812 1.00561166
vt 0.174316406 1.00561166
vt 0.015625 1.00561166
vt 0.650390625 1.72383678
vt 0.491699219 1.72383678
vt 0.333007812 1.72383678
vt 0.174316406 1.72383678
vt 0.015625 1.72383678
vt 0.650390625 2.61166787
vt 0.491699219 2.61166787
vt 0.333007812 2.61166787
vt 0.174316406 2.61166787
vt 0.015625 2.61166787
vt 0.650390625 2.62913966
vt 0.491699219 2.62913966
vt 0.333007812 2.62913966
vt 0.174316406 2.62913966
vt 0.015625 2.62913966
vt 0.650390625 0
vt 0.491699219 0
vt 0.333007812 0
vt 0.174316406 0
vt 0.015625 0
vt 0.650390625 0.364240736
vt 0.491699219 0.364240736
vt 0.333007812 0.364240736
vt 0.174316406 0.364240736
vt 0.015625 0.364240736
vt 0.650390625 0.785069883
vt 0.491699219 0.785069883
vt 0.333007812 0.785069883
vt 0.174316406 0.785069883
vt 0.015625 0.785069883
vt 0.650390625 1.5523715
vt 0.491699219 1.5523715
vt 0.333007812 1.5523715
vt 0.174316406 1.5523715
vt 0.015625 1.5523715
vt 0.650390625 2.19487834
vt 0.491699219 2.19487834
vt 0.333007812 2.19487834
vt 0.174316406 2.19487834
vt 0.015625 2.19487834
vt 0.650390625 2.21277165
vt 0.491699219 2.21277165
vt 0.333007812 2.21277165
vt 0.174316406 2.21277165
vt 0.015625 2.21277165
vt 0.650390625 0
vt 0.491699219 0
vt 0.333007812 0
vt 0.174316406 0
vt 0.015625 0
vt 0.650390625 0.955683887
vt 0.491699219 0.955683887
vt 0.333007812 0.955683887
vt 0.174316406 0.955683887
vt 0.015625 0.955683887
vt 0.650390625 1.70094323
vt 0.491699219 1.70094323
vt 0.333007812 1.70094323
vt 0.174316406 1.70094323
vt 0.015625 1.70094323
vt 0.650390625 3.57039237
vt 0.491699219 3.57039237
vt 0.333007812 3.57039237
vt 0.174316406 3.57039237
vt 0.015625 3.57039237
vt 0.650390625 5.62442732
vt 0.491699219 5.62442732
vt 0.333007812 5.62442732
vt 0.174316406 5.62442732
vt 0.015625 5.62442732
vt 0.650390625 8.47987843
vt 0.491699219 8.47987843
vt 0.333007812 8.47987843
vt 0.174316406 8.47987843
vt 0.015625 8.47987843
vt 0.650390625 8.48361969
vt 0.491699219 8.48361969
vt 0.333007812 8.48361969
vt 0.174316406 8.48361969
vt 0.015625 8.48361969
vt 0.650390625 0
vt 0.491699219 0
vt 0.333007812 0
vt 0.174316406 0
vt 0.015625 0
vt 0.650390625 1.08628416
vt 0.491699219 1.08628416
vt 0.333007812 1.08628416
vt 0.174316406 1.08628416
vt 0.015625 1.08628416
vt 0.650390625 2.44512677
vt 0.491699219 2.44512677
vt 0.333007812 2.44512677
vt 0.174316406 2.44512677
vt 0.015625 2.44512677
vt 0.650390625 4.31424952
vt 0.491699219 4.31424952
vt 0.333007812 4.31424952
vt 0.174316406 4.31424952
vt 0.015625 4.31424952
vt 0.650390625 6.84414577
vt 0.491699219 6.84414577
vt 0.333007812 6.84414577
vt 0.174316406 6.84414577
vt 0.015625 6.84414577
vt 0.650390625 6.84785414
vt 0.491699219 6.84785414
vt 0.333007812 6.84785414
vt 0.174316406 6.84785414
vt 0.015625 6.84785414
vt 0.650390625 0
vt 0.491699219 0
vt 0.333007812 0
vt 0.174316406 0
vt 0.015625 0
vt 0.650390625 1.01309919
vt 0.491699219 1.01309919
vt 0.333007812 1.01309919
vt 0.174316406 1.01309919
vt 0.015625 1.01309919
vt 0.650390625 2.60360575
vt 0.491699219 2.60360575
vt 0.333007812 2.60360575
vt 0.174316406 2.60360575
vt 0.015625 2.60360575
vt 0.650390625 4.43446541
vt 0.491699219 4.43446541
vt 0.333007812 4.43446541
vt 0.174316406 4.43446541
vt 0.015625 4.43446541
vt 0.650390625 6.57322073
vt 0.491699219 6.57322073
vt 0.333007812 6.57322073
vt 0.174316406 6.57322073
vt 0.015625 6.57322073
vt 0.650390625 6.57693768
vt 0.491699219 6.57693768
vt 0.333007812 6.57693768
vt 0.174316406 6.57693768
vt 0.015625 6.57693768
vt 0.650390625 0
vt 0.491699219 0
vt 0.333007812 0
vt 0.174316406 0
vt 0.015625 0
vt 0.650390625 1.02559054
vt 0.491699219 1.02559054
vt 0.333007812 1.02559054
vt 0.174316406 1.02559054
vt 0.015625 1.02559054
vt 0.650390625 2.76848936
vt 0.491699219 2.76848936
vt 0.333007812 2.76848936
vt 0.174316406 2.76848936
vt 0.015625 2.76848936
vt 0.650390625 4.35514164
vt 0.491699219 4.35514164
vt 0.333007812 4.35514164
vt 0.174316406 4.35514164
vt 0.015625 4.35514164
vt 0.650390625 6.5406127
vt 0.491699219 6.5406127
vt 0.333007812 6.5406127
vt 0.174316406 6.5406127
vt 0.015625 6.5406127
vt 0.650390625 6.545825
vt 0.491699219 6.545825
vt 0.333007812 6.545825
vt 0.174316406 6.545825
vt 0.015625 6.545825
vt 0.650390625 0
vt 0.491699219 0
vt 0.333007812 0
vt 0.174316406 0
vt 0.015625 0
vt 0.650390625 1.41490316
vt 0.491699219 1.41490316
vt 0.333007812 1.41490316
vt 0.174316406 1.41490316
vt 0.015625 1.41490316
vt 0.650390625 2.76644325
vt 0.491699219 2.76644325
vt 0.333007812 2.76644325
vt 0.174316406 2.76644325
vt 0.015625 2.76644325
vt 0.650390625 4.41805983
vt 0.491699219 4.41805983
vt 0.333007812 4.41805983
vt 0.174316406 4.41805983
vt 0.015625 4.41805983
vt 0.650390625 6.72905445
vt 0.491699219 6.72905445
vt 0.333007812 6.72905445
vt 0.174316406 6.72905445
vt 0.015625 6.72905445
vt 0.650390625 6.73288727
vt 0.491699219 6.73288727
vt 0.333007812 6.73288727
vt 0.174316406 6.73288727
vt 0.015625 6.73288727
vt 0.650390625 0
vt 0.491699219 0
vt 0.333007812 0
vt 0.174316406 0
vt 0.015625 0
vt 0.650390625 1.1201998
vt 0.491699219 1.1201998
vt 0.333007812 1.1201998
vt 0.174316406 1.1201998
vt 0.015625 1.1201998
vt 0.650390625 2.17170024
vt 0.491699219 2.17170024
vt 0.333007812 2.17170024
vt 0.174316406 2.17170024
vt 0.015625 2.17170024
vt 0.650390625 3.37753177
vt 0.491699219 3.37753177
vt 0.333007812 3.37753177
vt 0.174316406 3.37753177
vt 0.015625 3.37753177
vt 0.650390625 4.87899971
vt 0.491699219 4.87899971
vt 0.333007812 4.87899971
vt 0.174316406 4.87899971
vt 0.015625 4.87899971
vt 0.650390625 7.30318785
vt 0.491699219 7.30318785
vt 0.333007812 7.30318785
vt 0.174316406 7.30318785
vt 0.015625 7.30318785
vt 0.650390625 7.30698109
vt 0.491699219 7.30698109
vt 0.333007812 7.30698109
vt 0.174316406 7.30698109
vt 0.015625 7.30698109
vt 0.650390625 0
vt 0.491699219 0
vt 0.333007812 0
vt 0.174316406 0
vt 0.015625 0
vt 0.650390625 0.935368657
vt 0.491699219 0.935368657
vt 0.333007812 0.935368657
vt 0.174316406 0.935368657
vt 0.015625 0.935368657
vt 0.650390625 1.89226079
vt 0.491699219 1.89226079
vt 0.333007812 1.89226079
vt 0.174316406 1.89226079
vt 0.015625 1.89226079
vt 0.650390625 2.86311126
vt 0.491699219 2.86311126
vt 0.333007812 2.86311126
vt 0.174316406 2.86311126
vt 0.015625 2.86311126
vt 0.650390625 4.17729378
vt 0.491699219 4.17729378
vt 0.333007812 4.17729378
vt 0.174316406 4.17729378
vt 0.015625 4.17729378
vt 0.650390625 7.08294535
vt 0.491699219 7.08294535
vt 0.333007812 7.08294535
vt 0.174316406 7.08294535
vt 0.015625 7.08294535
vt 0.650390625 7.08654547
vt 0.491699219 7.08654547
vt 0.333007812 7.08654547
vt 0.174316406 7.08654547
vt 0.015625 7.08654547
vt 0.650390625 0
vt 0.491699219 0
vt 0.333007812 0
vt 0.174316406 0
vt 0.015625 0
vt 0.650390625 1.17364275
vt 0.491699219 1.17364275
vt 0.333007812 1.17364275
vt 0.174316406 1.17364275
vt 0.015625 1.17364275
vt 0.650390625 2.11899495
vt 0.491699219 2.11899495
vt 0.333007812 2.11899495
vt 0.174316406 2.11899495
vt 0.015625 2.11899495
vt 0.650390625 3.09392571
vt 0.491699219 3.09392571
vt 0.333007812 3.09392571
vt 0.174316406 3.09392571
vt 0.015625 3.09392571
vt 0.650390625 4.3668375
vt 0.491699219 4.3668375
vt 0.333007812 4.3668375
vt 0.174316406 4.3668375
vt 0.015625 4.3668375
vt 0.650390625 6.53005934
vt 0.491699219 6.53005934
vt 0.333007812 6.53005934
vt 0.174316406 6.53005934
vt 0.015625 6.53005934
vt 0.650390625 9.14748001
vt 0.491699219 9.14748001
vt 0.333007812 9.14748001
vt 0.174316406 9.14748001
vt 0.015625 9.14748001
vt 0.650390625 9.15108013
vt 0.491699219 9.15108013
vt 0.333007812 9.15108013
vt 0.174316406 9.15108013
vt 0.015625 9.15108013
vt 0.650390625 0
vt 0.491699219 0
vt 0.333007812 0
vt 0.174316406 0
vt 0.015625 0
vt 0.650390625 1.43067992
vt 0.491699219 1.43067992
vt 0.333007812 1.43067992
vt 0.174316406 1.43067992
vt 0.015625 1.43067992
vt 0.650390625 3.36009932
vt 0.491699219 3.36009932
vt 0.333007812 3.36009932
vt 0.174316406 3.36009932
vt 0.015625 3.36009932
vt 0.650390625 5.66124249
vt 0.491699219 5.66124249
vt 0.333007812 5.66124249
vt 0.174316406 5.66124249
vt 0.015625 5.66124249
vt 0.650390625 8.49048996
vt 0.491699219 8.49048996
vt 0.333007812 8.49048996
vt 0.174316406 8.49048996
vt 0.015625 8.49048996
vt 0.650390625 8.49399948
vt 0.491699219 8.49399948
vt 0.333007812 8.49399948
vt 0.174316406 8.49399948
vt 0.015625 8.49399948
vt 0.650390625 0
vt 0.491699219 0
vt 0.333007812 0
vt 0.174316406 0
vt 0.015625 0
vt 0.650390625 1.1962949
vt 0.491699219 1.1962949
vt 0.333007812 1.1962949
vt 0.174316406 1.1962949
vt 0.015625 1.1962949
vt 0.650390625 2.48891282
vt 0.491699219 2.48891282
vt 0.333007812 2.48891282
vt 0.174316406 2.48891282
vt 0.015625 2.48891282
vt 0.650390625 4.17596245
vt 0.491699219 4.17596245
vt 0.333007812 4.17596245
vt 0.174316406 4.17596245
vt 0.015625 4.17596245
vt 0.650390625 6.36939478
vt 0.491699219 6.36939478
vt 0.333007812 6.36939478
vt 0.174316406 6.36939478
vt 0.015625 6.36939478
vt 0.650390625 9.76519203
vt 0.491699219 9.76519203
vt 0.333007812 9.76519203
vt 0.174316406 9.76519203
vt 0.015625 9.76519203
vt 0.650390625 9.76868439
vt 0.491699219 9.76868439
vt 0.333007812 9.76868439
vt 0.174316406 9.76868439
vt 0.015625 9.76868439
vt 0.650390625 0
vt 0.491699219 0
vt 0.333007812 0
vt 0.174316406 0
vt 0.015625 0
vt 0.650390625 1.14256012
vt 0.491699219 1.14256012
vt 0.333007812 1.14256012
vt 0.174316406 1.14256012
vt 0.015625 1.14256012
vt 0.650390625 2.54049873
vt 0.491699219 2.54049873
vt 0.333007812 2.54049873
vt 0.174316406 2.54049873
vt 0.015625 2.54049873
vt 0.650390625 4.34664488
vt 0.491699219 4.34664488
vt 0.333007812 4.34664488
vt 0.174316406 4.34664488
vt 0.015625 4.34664488
vt 0.650390625 7.01820469
vt 0.491699219 7.01820469
vt 0.333007812 7.01820469
vt 0.174316406 7.01820469
vt 0.015625 7.01820469
vt 0.650390625 7.021626
vt 0.491699219 7.021626
vt 0.333007812 7.021626
vt 0.174316406 7.021626
vt 0.015625 7.021626
vt 0.650390625 0
vt 0.491699219 0
vt 0.333007812 0
vt 0.174316406 0
vt 0.015625 0
vt 0.650390625 1.33483744
vt 0.491699219 1.33483744
vt 0.333007812 1.33483744
vt 0.174316406 1.33483744
vt 0.015625 1.33483744
vt 0.650390625 3.08794427
vt 0.491699219 3.08794427
vt 0.333007812 3.08794427
vt 0.174316406 3.08794427
vt 0.015625 3.08794427
vt 0.650390625 5.87339592
vt 0.491699219 5.87339592
vt 0.333007812 5.87339592
vt 0.174316406 5.87339592
vt 0.015625 5.87339592
vt 0.650390625 5.87682104
vt 0.491699219 5.87682104
vt 0.333007812 5.87682104
vt 0.174316406 5.87682104
vt 0.015625 5.87682104
vt 0.650390625 0
vt 0.491699219 0
vt 0.333007812 0
vt 0.174316406 0
vt 0.015625 0
vt 0.650390625 0.672865927
vt 0.491699219 0.672865927
vt 0.333007812 0.672865927
vt 0.174316406 0.672865927
vt 0.015625 0.672865927
vt 0.650390625 1.90114713
vt 0.491699219 1.90114713
vt 0.333007812 1.90114713
vt 0.174316406 1.90114713
vt 0.015625 1.90114713
vt 0.650390625 2.95014715
vt 0.491699219 2.95014715
vt 0.333007812 2.95014715
vt 0.174316406 2.95014715
vt 0.015625 2.95014715
vt 0.650390625 4.5159831
vt 0.491699219 4.5159831
vt 0.333007812 4.5159831
vt 0.174316406 4.5159831
vt 0.015625 4.5159831
vt 0.650390625 6.38872719
vt 0.491699219 6.38872719
vt 0.333007812 6.38872719
vt 0.174316406 6.38872719
vt 0.015625 6.38872719
vt 0.650390625 6.39419079
vt 0.491699219 6.39419079
vt 0.333007812 6.39419079
vt 0.174316406 6.39419079
vt 0.015625 6.39419079
vt 0.650390625 0
vt 0.491699219 0
vt 0.333007812 0
vt 0.174316406 0
vt 0.015625 0
vt 0.650390625 0.435415745
vt 0.491699219 0.435415745
vt 0.333007812 0.435415745
vt 0.174316406 0.435415745
vt 0.015625 0.435415745
vt 0.650390625 0.942754507
vt 0.491699219 0.942754507
vt 0.333007812 0.942754507
vt 0.174316406 0.942754507
vt 0.015625 0.942754507
vt 0.650390625 1.69798744
vt 0.491699219 1.69798744
vt 0.333007812 1.69798744
vt 0.174316406 1.69798744
vt 0.015625 1.69798744
vt 0.650390625 2.67912364
vt 0.491699219 2.67912364
vt 0.333007812 2.67912364
vt 0.174316406 2.67912364
vt 0.015625 2.67912364
vt 0.650390625 3.7451117
vt 0.491699219 3.7451117
vt 0.333007812 3.7451117
vt 0.174316406 3.7451117
vt 0.015625 3.7451117
vt 0.650390625 5.16136122
vt 0.491699219 5.16136122
vt 0.333007812 5.16136122
vt 0.174316406 5.16136122
vt 0.015625 5.16136122
vt 0.650390625 5.16744423
vt 0.491699219 5.16744423
vt 0.333007812 5.16744423
vt 0.174316406 5.16744423
vt 0.015625 5.16744423
vt 0.650390625 0
vt 0.491699219 0
vt 0.333007812 0
vt 0.174316406 0
vt 0.015625 0
vt 0.650390625 0.835390449
vt 0.491699219 0.835390449
vt 0.333007812 0.835390449
vt 0.174316406 0.835390449
vt 0.015625 0.835390449
vt 0.650390625 2.17023897
vt 0.491699219 2.17023897
vt 0.333007812 2.17023897
vt 0.174316406 2.17023897
vt 0.015625 2.17023897
vt 0.650390625 3.9714551
vt 0.491699219 3.9714551
vt 0.333007812 3.9714551
vt 0.174316406 3.9714551
vt 0.015625 3.9714551
vt 0.650390625 6.31329346
vt 0.491699219 6.31329346
vt 0.333007812 6.31329346
vt 0.174316406 6.31329346
vt 0.015625 6.31329346
vt 0.650390625 9.45583725
vt 0.491699219 9.45583725
vt 0.333007812 9.45583725
vt 0.174316406 9.45583725
vt 0.015625 9.45583725
vt 0.650390625 9.45931435
vt 0.491699219 9.45931435
vt 0.333007812 9.45931435
vt 0.174316406 9.45931435
vt 0.015625 9.45931435
vt 0.650390625 0
vt 0.491699219 0
vt 0.333007812 0
vt 0.174316406 0
vt 0.015625 0
vt 0.650390625 1.43729913
vt 0.491699219 1.43729913
vt 0.333007812 1.43729913
vt 0.174316406 1.43729913
vt 0.015625 1.43729913
vt 0.650390625 2.68693376
vt 0.491699219 2.68693376
vt 0.333007812 2.68693376
vt 0.174316406 2.68693376
vt 0.015625 2.68693376
vt 0.650390625 4.34665251
vt 0.491699219 4.34665251
vt 0.333007812 4.34665251
vt 0.174316406 4.34665251
vt 0.015625 4.34665251
vt 0.650390625 7.3089056
vt 0.491699219 7.3089056
vt 0.333007812 7.3089056
vt 0.174316406 7.3089056
vt 0.015625 7.3089056
vt 0.650390625 7.31249857
vt 0.491699219 7.31249857
vt 0.333007812 7.31249857
vt 0.174316406 7.31249857
vt 0.015625 7.31249857
vt 0.650390625 0
vt 0.491699219 0
vt 0.333007812 0
vt 0.174316406 0
vt 0.015625 0
vt 0.650390625 0.597818077
vt 0.491699219 0.597818077
vt 0.333007812 0.597818077
vt 0.174316406 0.597818077
vt 0.015625 0.597818077
vt 0.650390625 1.52125621
vt 0.491699219 1.52125621
vt 0.333007812 1.52125621
vt 0.174316406 1.52125621
vt 0.015625 1.52125621
vt 0.650390625 2.15400553
vt 0.491699219 2.15400553
vt 0.333007812 2.15400553
vt 0.174316406 2.15400553
vt 0.015625 2.15400553
vt 0.650390625 3.4901557
vt 0.491699219 3.4901557
vt 0.333007812 3.4901557
vt 0.174316406 3.4901557
vt 0.015625 3.4901557
vt 0.650390625 5.2555027
vt 0.491699219 5.2555027
vt 0.333007812 5.2555027
vt 0.174316406 5.2555027
vt 0.015625 5.2555027
vt 0.650390625 5.26167202
vt 0.491699219 5.26167202
vt 0.333007812 5.26167202
vt 0.174316406 5.26167202
vt 0.015625 5.26167202
vt 0.650390625 0
vt 0.491699219 0
vt 0.333007812 0
vt 0.174316406 0
vt 0.015625 0
vt 0.650390625 1.08479583
vt 0.491699219 1.08479583
vt 0.333007812 1.08479583
vt 0.174316406 1.08479583
vt 0.015625 1.08479583
vt 0.650390625 2.02018332
vt 0.491699219 2.02018332
vt 0.333007812 2.02018332
vt 0.174316406 2.02018332
vt 0.015625 2.02018332
vt 0.650390625 3.64491725
vt 0.491699219 3.64491725
vt 0.333007812 3.64491725
vt 0.174316406 3.64491725
vt 0.015625 3.64491725
vt 0.650390625 5.61549807
vt 0.491699219 5.61549807
vt 0.333007812 5.61549807
vt 0.174316406 5.61549807
vt 0.015625 5.61549807
vt 0.650390625 5.62089443
vt 0.491699219 5.62089443
vt 0.333007812 5.62089443
vt 0.174316406 5.62089443
vt 0.015625 5.62089443
vt 0.650390625 0
vt 0.491699219 0
vt 0.333007812 0
vt 0.174316406 0
vt 0.015625 0
vt 0.650390625 0.688310444
vt 0.491699219 0.688310444
vt 0.333007812 0.688310444
vt 0.174316406 0.688310444
vt 0.015625 0.688310444
vt 0.650390625 1.62758398
vt 0.491699219 1.62758398
vt 0.333007812 1.62758398
vt 0.174316406 1.62758398
vt 0.015625 1.62758398
vt 0.650390625 2.59757113
vt 0.491699219 2.59757113
vt 0.333007812 2.59757113
vt 0.174316406 2.59757113
vt 0.015625 2.59757113
vt 0.650390625 3.60997343
vt 0.491699219 3.60997343
vt 0.333007812 3.60997343
vt 0.174316406 3.60997343
vt 0.015625 3.60997343
vt 0.650390625 5.52458143
vt 0.491699219 5.52458143
vt 0.333007812 5.52458143
vt 0.174316406 5.52458143
vt 0.015625 5.52458143
vt 0.650390625 5.53023195
vt 0.491699219 5.53023195
vt 0.333007812 5.53023195
vt 0.174316406 5.53023195
vt 0.015625 5.53023195
vt 0.650390625 0
vt 0.491699219 0
vt 0.333007812 0
vt 0.174316406 0
vt 0.015625 0
vt 0.650390625 0.539734304
vt 0.491699219 0.539734304
vt 0.333007812 0.539734304
vt 0.174316406 0.539734304
vt 0.015625 0.539734304
vt 0.650390625 1.18179727
vt 0.491699219 1.18179727
vt 0.333007812 1.18179727
vt 0.174316406 1.18179727
vt 0.015625 1.18179727
vt 0.650390625 2.57875538
vt 0.491699219 2.57875538
vt 0.333007812 2.57875538
vt 0.174316406 2.57875538
vt 0.015625 2.57875538
vt 0.650390625 3.93259263
vt 0.491699219 3.93259263
vt 0.333007812 3.93259263
vt 0.174316406 3.93259263
vt 0.015625 3.93259263
vt 0.650390625 5.59568882
vt 0.491699219 5.59568882
vt 0.333007812 5.59568882
vt 0.174316406 5.59568882
vt 0.015625 5.59568882
vt 0.650390625 5.60038805
vt 0.491699219 5.60038805
vt 0.333007812 5.60038805
vt 0.174316406 5.60038805
vt 0.015625 5.60038805
vt 0.650390625 0
vt 0.491699219 0
vt 0.333007812 0
vt 0.174316406 0
vt 0.015625 0
vt 0.650390625 0.861847162
vt 0.491699219 0.861847162
vt 0.333007812 0.861847162
vt 0.174316406 0.861847162
vt 0.015625 0.861847162
vt 0.650390625 1.73510551
vt 0.491699219 1.73510551
vt 0.333007812 1.73510551
vt 0.174316406 1.73510551
vt 0.015625 1.73510551
vt 0.650390625 3.26533079
vt 0.491699219 3.26533079
vt 0.333007812 3.26533079
vt 0.174316406 3.26533079
vt 0.015625 3.26533079
vt 0.650390625 4.84366846
vt 0.491699219 4.84366846
vt 0.333007812 4.84366846
vt 0.174316406 4.84366846
vt 0.015625 4.84366846
vt 0.650390625 6.76895571
vt 0.491699219 6.76895571
vt 0.333007812 6.76895571
vt 0.174316406 6.76895571
vt 0.015625 6.76895571
vt 0.650390625 6.77262592
vt 0.491699219 6.77262592
vt 0.333007812 6.77262592
vt 0.174316406 6.77262592
vt 0.015625 6.77262592
vt 0.650390625 0
vt 0.491699219 0
vt 0.333007812 0
vt 0.174316406 0
vt 0.015625 0
vt 0.650390625 1.15582073
vt 0.491699219 1.15582073
vt 0.333007812 1.15582073
vt 0.174316406 1.15582073
vt 0.015625 1.15582073
vt 0.650390625 2.50990367
vt 0.491699219 2.50990367
vt 0.333007812 2.50990367
vt 0.174316406 2.50990367
vt 0.015625 2.50990367
vt 0.650390625 4.16101027
vt 0.491699219 4.16101027
vt 0.333007812 4.16101027
vt 0.174316406 4.16101027
vt 0.015625 4.16101027
vt 0.650390625 6.81390524
vt 0.491699219 6.81390524
vt 0.333007812 6.81390524
vt 0.174316406 6.81390524
vt 0.015625 6.81390524
vt 0.650390625 6.81757307
vt 0.491699219 6.81757307
vt 0.333007812 6.81757307
vt 0.174316406 6.81757307
vt 0.015625 6.81757307
vt 0.650390625 0
vt 0.491699219 0
vt 0.333007812 0
vt 0.174316406 0
vt 0.015625 0
vt 0.650390625 0.969006598
vt 0.491699219 0.969006598
vt 0.333007812 0.969006598
vt 0.174316406 0.969006598
vt 0.015625 0.969006598
vt 0.650390625 2.26989436
vt 0.491699219 2.26989436
vt 0.333007812 2.26989436
vt 0.174316406 2.26989436
vt 0.015625 2.26989436
vt 0.650390625 3.45389271
vt 0.491699219 3.45389271
vt 0.333007812 3.45389271
vt 0.174316406 3.45389271
vt 0.015625 3.45389271
vt 0.650390625 4.99015045
vt 0.491699219 4.99015045
vt 0.333007812 4.99015045
vt 0.174316406 4.99015045
vt 0.015625 4.99015045
vt 0.650390625 4.99547863
vt 0.491699219 4.99547863
vt 0.333007812 4.99547863
vt 0.174316406 4.99547863
vt 0.015625 4.99547863
vt 0.650390625 0
vt 0.491699219 0
vt 0.333007812 0
vt 0.174316406 0
vt 0.015625 0
vt 0.650390625 1.33574069
vt 0.491699219 1.33574069
vt 0.333007812 1.33574069
vt 0.174316406 1.33574069
vt 0.015625 1.33574069
vt 0.650390625 2.6641438
vt 0.491699219 2.6641438
vt 0.333007812 2.6641438
vt 0.174316406 2.6641438
vt 0.015625 2.6641438
vt 0.650390625 5.06552935
vt 0.491699219 5.06552935
vt 0.333007812 5.06552935
vt 0.174316406 5.06552935
vt 0.015625 5.06552935
vt 0.650390625 5.06929159
vt 0.491699219 5.06929159
vt 0.333007812 5.06929159
vt 0.174316406 5.06929159
vt 0.015625 5.06929159
vt 0.650390625 0
vt 0.491699219 0
vt 0.333007812 0
vt 0.174316406 0
vt 0.015625 0
vt 0.650390625 1.05836201
vt 0.491699219 1.05836201
vt 0.333007812 1.05836201
vt 0.174316406 1.05836201
vt 0.015625 1.05836201
vt 0.650390625 2.16850233
vt 0.491699219 2.16850233
vt 0.333007812 2.16850233
vt 0.174316406 2.16850233
vt 0.015625 2.16850233
vt 0.650390625 4.78236628
vt 0.491699219 4.78236628
vt 0.333007812 4.78236628
vt 0.174316406 4.78236628
vt 0.015625 4.78236628
vt 0.650390625 4.78615284
vt 0.491699219 4.78615284
vt 0.333007812 4.78615284
vt 0.174316406 4.78615284
vt 0.015625 4.78615284
vt 0.695288658 0.90238297
vt 0.695288658 0.515625
vt 0.984375 0.515625
vt 0.984375 0.90238297
vt 0.695288658 0.90238297
vt 0.695288658 0.515625
vt 0.984375 0.515625
vt 0.984375 0.90238297
vt 0.695288658 0.90238297
vt 0.695288658 0.515625
vt 0.984375 0.515625
vt 0.984375 0.90238297
vt 0.695288658 0.90238297
vt 0.695288658 0.515625
vt 0.984375 0.515625
vt 0.984375 0.90238297
vt 0.695288658 0.90238297
vt 0.695288658 0.515625
vt 0.984375 0.515625
vt 0.984375 0.90238297
vt 0.695288658 0.90238297
vt 0.695288658 0.515625
vt 0.984375 0.515625
vt 0.984375 0.90238297
vt 0.695288658 0.90238297
vt 0.695288658 0.515625
vt 0.984375 0.515625
vt 0.984375 0.90238297
vt 0.695288658 0.90238297
vt 0.695288658 0.515625
vt 0.984375 0.515625
vt 0.984375 0.90238297
vt 0.695288658 0.90238297
vt 0.695288658 0.515625
vt 0.984375 0.515625
vt 0.984375 0.90238297
vt 0.695288658 0.90238297
vt 0.695288658 0.515625
vt 0.984375 0.515625
vt 0.984375 0.90238297
vt 0.695288658 0.90238297
vt 0.695288658 0.515625
vt 0.984375 0.515625
vt 0.984375 0.90238297
vt 0.695288658 0.90238297
vt 0.695288658 0.515625
vt 0.984375 0.515625
vt 0.984375 0.90238297
vt 0.695288658 0.90238297
vt 0.695288658 0.515625
vt 0.984375 0.515625
vt 0.984375 0.90238297
vt 0.695288658 0.90238297
vt 0.695288658 0.515625
vt 0.984375 0.515625
vt 0.984375 0.90238297
vt 0.695288658 0.90238297
vt 0.695288658 0.515625
vt 0.984375 0.515625
vt 0.984375 0.90238297
vt 0.695288658 0.90238297
vt 0.695288658 0.515625
vt 0.984375 0.515625
vt 0.984375 0.90238297
vt 0.695288658 0.90238297
vt 0.695288658 0.515625
vt 0.984375 0.515625
vt 0.984375 0.90238297
vt 0.695288658 0.90238297
vt 0.695288658 0.515625
vt 0.984375 0.515625
vt 0.984375 0.90238297
vt 0.695288658 0.90238297
vt 0.695288658 0.515625
vt 0.984375 0.515625
vt 0.984375 0.90238297
vt 0.695288658 0.90238297
vt 0.695288658 0.515625
vt 0.984375 0.515625
vt 0.984375 0.90238297
vt 0.695288658 0.90238297
vt 0.695288658 0.515625
vt 0.984375 0.515625
vt 0.984375 0.90238297
vt 0.695288658 0.90238297
vt 0.695288658 0.515625
vt 0.984375 0.515625
vt 0.984375 0.90238297
vt 0.695288658 0.90238297
vt 0.695288658 0.515625
vt 0.984375 0.515625
vt 0.984375 0.90238297
vt 0.695288658 0.90238297
vt 0.695288658 0.515625
vt 0.984375 0.515625
vt 0.984375 0.90238297
vt 0.695288658 0.90238297
vt 0.695288658 0.515625
vt 0.984375 0.515625
vt 0.984375 0.90238297
vt 0.695288658 0.90238297
vt 0.695288658 0.515625
vt 0.984375 0.515625
vt 0.984375 0.90238297
vt 0.695288658 0.90238297
vt 0.695288658 0.515625
vt 0.984375 0.515625
vt 0.984375 0.90238297
vt 0.695288658 0.90238297
vt 0.695288658 0.515625
vt 0.984375 0.515625
vt 0.984375 0.90238297
vt 0.695288658 0.90238297
vt 0.695288658 0.515625
vt 0.984375 0.515625
vt 0.984375 0.90238297
vt 0.695288658 0.90238297
vt 0.695288658 0.515625
vt 0.984375 0.515625
vt 0.984375 0.90238297
vt 0.695288658 0.90238297
vt 0.695288658 0.515625
vt 0.984375 0.515625
vt 0.984375 0.90238297
vt 0.695288658 0.90238297
vt 0.695288658 0.515625
vt 0.984375 0.515625
vt 0.984375 0.90238297
vt 0.695288658 0.90238297
vt 0.695288658 0.515625
vt 0.984375 0.515625
vt 0.984375 0.90238297
vt 0.695288658 0.90238297
vt 0.695288658 0.515625
vt 0.984375 0.515625
vt 0.984375 0.90238297
vt 0.695288658 0.90238297
vt 0.695288658 0.515625
vt 0.984375 0.515625
vt 0.984375 0.90238297
vt 0.695288658 0.90238297
vt 0.695288658 0.515625
vt 0.984375 0.515625
vt 0.984375 0.90238297
vt 0.695288658 0.90238297
vt 0.695288658 0.515625
vt 0.984375 0.515625
vt 0.984375 0.90238297
vt 0.695288658 0.90238297
vt 0.695288658 0.515625
vt 0.984375 0.515625
vt 0.984375 0.90238297
vt 0.695288658 0.90238297
vt 0.695288658 0.515625
vt 0.984375 0.515625
vt 0.984375 0.90238297
vt 0.695288658 0.90238297
vt 0.695288658 0.515625
vt 0.984375 0.515625
vt 0.984375 0.90238297
vt 0.695288658 0.90238297
vt 0.695288658 0.515625
vt 0.984375 0.515625
vt 0.984375 0.90238297
vt 0.695288658 0.90238297
vt 0.695288658 0.515625
vt 0.984375 0.515625
vt 0.984375 0.90238297
vt 0.695288658 0.90238297
vt 0.695288658 0.515625
vt 0.984375 0.515625
vt 0.984375 0.90238297
vt 0.695288658 0.90238297
vt 0.695288658 0.515625
vt 0.984375 0.515625
vt 0.984375 0.90238297
vt 0.695288658 0.90238297
vt 0.695288658 0.515625
vt 0.984375 0.515625
vt 0.984375 0.90238297
vt 0.695288658 0.90238297
vt 0.695288658 0.515625
vt 0.984375 0.515625
vt 0.984375 0.90238297
vt 0.695288658 0.90238297
vt 0.695288658 0.515625
vt 0.984375 0.515625
vt 0.984375 0.90238297
vt 0.695288658 0.90238297
vt 0.695288658 0.515625
vt 0.984375 0.515625
vt 0.984375 0.90238297
vt 0.695288658 0.90238297
vt 0.695288658 0.515625
vt 0.984375 0.515625
vt 0.984375 0.90238297
vt 0.695288658 0.90238297
vt 0.695288658 0.515625
vt 0.984375 0.515625
vt 0.984375 0.90238297
vt 0.695288658 0.90238297
vt 0.695288658 0.515625
vt 0.984375 0.515625
vt 0.984375 0.90238297
vt 0.695288658 0.90238297
vt 0.695288658 0.515625
vt 0.984375 0.515625
vt 0.984375 0.90238297
vt 0.695288658 0.90238297
vt 0.695288658 0.515625
vt 0.984375 0.515625
vt 0.984375 0.90238297
vt 0.695288658 0.90238297
vt 0.695288658 0.515625
vt 0.984375 0.515625
vt 0.984375 0.90238297
vt 0.695288658 0.90238297
vt 0.695288658 0.515625
vt 0.984375 0.515625
vt 0.984375 0.90238297
vt 0.695288658 0.90238297
vt 0.695288658 0.515625
vt 0.984375 0.515625
vt 0.984375 0.90238297
vt 0.695288658 0.90238297
vt 0.695288658 0.515625
vt 0.984375 0.515625
vt 0.984375 0.90238297
vt 0.695288658 0.90238297
vt 0.695288658 0.515625
vt 0.984375 0.515625
vt 0.984375 0.90238297
vt 0.695288658 0.90238297
vt 0.695288658 0.515625
vt 0.984375 0.515625
vt 0.984375 0.90238297
vt 0.695288658 0.90238297
vt 0.695288658 0.515625
vt 0.984375 0.515625
vt 0.984375 0.90238297
vt 0.695288658 0.90238297
vt 0.695288658 0.515625
vt 0.984375 0.515625
vt 0.984375 0.90238297
vt 0.695288658 0.90238297
vt 0.695288658 0.515625
vt 0.984375 0.515625
vt 0.984375 0.90238297
vt 0.695288658 0.90238297
vt 0.695288658 0.515625
vt 0.984375 0.515625
vt 0.984375 0.90238297
vt 0.695288658 0.90238297
vt 0.695288658 0.515625
vt 0.984375 0.515625
vt 0.984375 0.90238297
vt 0.695288658 0.90238297
vt 0.695288658 0.515625
vt 0.984375 0.515625
vt 0.984375 0.90238297
vt 0.695288658 0.90238297
vt 0.695288658 0.515625
vt 0.984375 0.515625
vt 0.984375 0.90238297
vt 0.695288658 0.90238297
vt 0.695288658 0.515625
vt 0.984375 0.515625
vt 0.984375 0.90238297
vt 0.695288658 0.90238297
vt 0.695288658 0.515625
vt 0.984375 0.515625
vt 0.984375 0.90238297
vt 0.695288658 0.90238297
vt 0.695288658 0.515625
vt 0.984375 0.515625
vt 0.984375 0.90238297
vt 0.695288658 0.90238297
vt 0.695288658 0.515625
vt 0.984375 0.515625
vt 0.984375 0.90238297
vt 0.695288658 0.90238297
vt 0.695288658 0.515625
vt 0.984375 0.515625
vt 0.984375 0.90238297
vt 0.695288658 0.90238297
vt 0.695288658 0.515625
vt 0.984375 0.515625
vt 0.984375 0.90238297
vt 0.695288658 0.90238297
vt 0.695288658 0.515625
vt 0.984375 0.515625
vt 0.984375 0.90238297
vt 0.695288658 0.90238297
vt 0.695288658 0.515625
vt 0.984375 0.515625
vt 0.984375 0.90238297
vt 0.695288658 0.90238297
vt 0.695288658 0.515625
vt 0.984375 0.515625
vt 0.984375 0.90238297
vt 0.695288658 0.90238297
vt 0.695288658 0.515625
vt 0.984375 0.515625
vt 0.984375 0.90238297
vt 0.695288658 0.90238297
vt 0.695288658 0.515625
vt 0.984375 0.515625
vt 0.984375 0.90238297
vt 0.695288658 0.90238297
vt 0.695288658 0.515625
vt 0.984375 0.515625
vt 0.984375 0.90238297
vt 0.695288658 0.90238297
vt 0.695288658 0.515625
vt 0.984375 0.515625
vt 0.984375 0.90238297
vt 0.695288658 0.90238297
vt 0.695288658 0.515625
vt 0.984375 0.515625
vt 0.984375 0.90238297
vt 0.695288658 0.90238297
vt 0.695288658 0.515625
vt 0.984375 0.515625
vt 0.984375 0.90238297
vt 0.695288658 0.90238297
vt 0.695288658 0.515625
vt 0.984375 0.515625
vt 0.984375 0.90238297
vt 0.695288658 0.90238297
vt 0.695288658 0.515625
vt 0.984375 0.515625
vt 0.984375 0.90238297
vt 0.695288658 0.90238297
vt 0.695288658 0.515625
vt 0.984375 0.515625
vt 0.984375 0.90238297
vt 0.695288658 0.90238297
vt 0.695288658 0.515625
vt 0.984375 0.515625
vt 0.984375 0.90238297
vt 0.695288658 0.90238297
vt 0.695288658 0.515625
vt 0.984375 0.515625
vt 0.984375 0.90238297
vt 0.695288658 0.90238297
vt 0.695288658 0.515625
vt 0.984375 0.515625
vt 0.984375 0.90238297
vt 0.695288658 0.90238297
vt 0.695288658 0.515625
vt 0.984375 0.515625
vt 0.984375 0.90238297
vt 0.695288658 0.90238297
vt 0.695288658 0.515625
vt 0.984375 0.515625
vt 0.984375 0.90238297
vt 0.695288658 0.90238297
vt 0.695288658 0.515625
vt 0.984375 0.515625
vt 0.984375 0.90238297
vt 0.695288658 0.90238297
vt 0.695288658 0.515625
vt 0.984375 0.515625
vt 0.984375 0.90238297
vt 0.695288658 0.90238297
vt 0.695288658 0.515625
vt 0.984375 0.515625
vt 0.984375 0.90238297
vt 0.695288658 0.90238297
vt 0.695288658 0.515625
vt 0.984375 0.515625
vt 0.984375 0.90238297
vt 0.695288658 0.90238297
vt 0.695288658 0.515625
vt 0.984375 0.515625
vt 0.984375 0.90238297
vt 0.695288658 0.90238297
vt 0.695288658 0.515625
vt 0.984375 0.515625
vt 0.984375 0.90238297
vt 0.695288658 0.90238297
vt 0.695288658 0.515625
vt 0.984375 0.515625
vt 0.984375 0.90238297
vt 0.695288658 0.90238297
vt 0.695288658 0.515625
vt 0.984375 0.515625
vt 0.984375 0.90238297
vt 0.695288658 0.90238297
vt 0.695288658 0.515625
vt 0.984375 0.515625
vt 0.984375 0.90238297
vt 0.695288658 0.90238297
vt 0.695288658 0.515625
vt 0.984375 0.515625
vt 0.984375 0.90238297
vt 0.695288658 0.90238297
vt 0.695288658 0.515625
vt 0.984375 0.515625
vt 0.984375 0.90238297
vt 0.695288658 0.90238297
vt 0.695288658 0.515625
vt 0.984375 0.515625
vt 0.984375 0.90238297
vt 0.695288658 0.90238297
vt 0.695288658 0.515625
vt 0.984375 0.515625
vt 0.984375 0.90238297
vt 0.695288658 0.90238297
vt 0.695288658 0.515625
vt 0.984375 0.515625
vt 0.984375 0.90238297
vt 0.695288658 0.90238297
vt 0.695288658 0.515625
vt 0.984375 0.515625
vt 0.984375 0.90238297
vt 0.695288658 0.90238297
vt 0.695288658 0.515625
vt 0.984375 0.515625
vt 0.984375 0.90238297
vt 0.695288658 0.90238297
vt 0.695288658 0.515625
vt 0.984375 0.515625
vt 0.984375 0.90238297
vt 0.695288658 0.90238297
vt 0.695288658 0.515625
vt 0.984375 0.515625
vt 0.984375 0.90238297
vt 0.695288658 0.90238297
vt 0.695288658 0.515625
vt 0.984375 0.515625
vt 0.984375 0.90238297
vt 0.695288658 0.90238297
vt 0.695288658 0.515625
vt 0.984375 0.515625
vt 0.984375 0.90238297
vt 0.695288658 0.90238297
vt 0.695288658 0.515625
vt 0.984375 0.515625
vt 0.984375 0.90238297
vt 0.695288658 0.90238297
vt 0.695288658 0.515625
vt 0.984375 0.515625
vt 0.984375 0.90238297
vt 0.695288658 0.90238297
vt 0.695288658 0.515625
vt 0.984375 0.515625
vt 0.984375 0.90238297
vt 0.695288658 0.90238297
vt 0.695288658 0.515625
vt 0.984375 0.515625
vt 0.984375 0.90238297
vt 0.695288658 0.90238297
vt 0.695288658 0.515625
vt 0.984375 0.515625
vt 0.984375 0.90238297
vt 0.695288658 0.90238297
vt 0.695288658 0.515625
vt 0.984375 0.515625
vt 0.984375 0.90238297
vt 0.695288658 0.90238297
vt 0.695288658 0.515625
vt 0.984375 0.515625
vt 0.984375 0.90238297
vt 0.695288658 0.90238297
vt 0.695288658 0.515625
vt 0.984375 0.515625
vt 0.984375 0.90238297
vt 0.695288658 0.90238297
vt 0.695288658 0.515625
vt 0.984375 0.515625
vt 0.984375 0.90238297
vt 0.695288658 0.90238297
vt 0.695288658 0.515625
vt 0.984375 0.515625
vt 0.984375 0.90238297
vt 0.695288658 0.90238297
vt 0.695288658 0.515625
vt 0.984375 0.515625
vt 0.984375 0.90238297
vt 0.695288658 0.90238297
vt 0.695288658 0.515625
vt 0.984375 0.515625
vt 0.984375 0.90238297
vt 0.695288658 0.90238297
vt 0.695288658 0.515625
vt 0.984375 0.515625
vt 0.984375 0.90238297
vt 0.695288658 0.90238297
vt 0.695288658 0.515625
vt 0.984375 0.515625
vt 0.984375 0.90238297
vt 0.695288658 0.90238297
vt 0.695288658 0.515625
vt 0.984375 0.515625
vt 0.984375 0.90238297
vt 0.695288658 0.90238297
vt 0.695288658 0.515625
vt 0.984375 0.515625
vt 0.984375 0.90238297
vt 0.695288658 0.90238297
vt 0.695288658 0.515625
vt 0.984375 0.515625
vt 0.984375 0.90238297
vt 0.695288658 0.90238297
vt 0.695288658 0.515625
vt 0.984375 0.515625
vt 0.984375 0.90238297
vt 0.695288658 0.90238297
vt 0.695288658 0.515625
vt 0.984375 0.515625
vt 0.984375 0.90238297
vt 0.695288658 0.90238297
vt 0.695288658 0.515625
vt 0.984375 0.515625
vt 0.984375 0.90238297
vt 0.695288658 0.90238297
vt 0.695288658 0.515625
vt 0.984375 0.515625
vt 0.984375 0.90238297
vt 0.695288658 0.90238297
vt 0.695288658 0.515625
vt 0.984375 0.515625
vt 0.984375 0.90238297
vt 0.695288658 0.90238297
vt 0.695288658 0.515625
vt 0.984375 0.515625
vt 0.984375 0.90238297
vt 0.695288658 0.90238297
vt 0.695288658 0.515625
vt 0.984375 0.515625
vt 0.984375 0.90238297
vt 0.695288658 0.90238297
vt 0.695288658 0.515625
vt 0.984375 0.515625
vt 0.984375 0.90238297
vt 0.695288658 0.90238297
vt 0.695288658 0.515625
vt 0.984375 0.515625
vt 0.984375 0.90238297
vt 0.695288658 0.90238297
vt 0.695288658 0.515625
vt 0.984375 0.515625
vt 0.984375 0.90238297
vt 0.695288658 0.90238297
vt 0.695288658 0.515625
vt 0.984375 0.515625
vt 0.984375 0.90238297
vt 0.695288658 0.90238297
vt 0.695288658 0.515625
vt 0.984375 0.515625
vt 0.984375 0.90238297
vt 0.695288658 0.90238297
vt 0.695288658 0.515625
vt 0.984375 0.515625
vt 0.984375 0.90238297
vt 0.695288658 0.90238297
vt 0.695288658 0.515625
vt 0.984375 0.515625
vt 0.984375 0.90238297
vt 0.695288658 0.90238297
vt 0.695288658 0.515625
vt 0.984375 0.515625
vt 0.984375 0.90238297
vt 0.695288658 0.90238297
vt 0.695288658 0.515625
vt 0.984375 0.515625
vt 0.984375 0.90238297
vt 0.695288658 0.90238297
vt 0.695288658 0.515625
vt 0.984375 0.515625
vt 0.984375 0.90238297
vt 0.695288658 0.90238297
vt 0.695288658 0.515625
vt 0.984375 0.515625
vt 0.984375 0.90238297
vt 0.695288658 0.90238297
vt 0.695288658 0.515625
vt 0.984375 0.515625
vt 0.984375 0.90238297
vt 0.695288658 0.90238297
vt 0.695288658 0.515625
vt 0.984375 0.515625
vt 0.984375 0.90238297
vt 0.695288658 0.90238297
vt 0.695288658 0.515625
vt 0.984375 0.515625
vt 0.984375 0.90238297
vt 0.695288658 0.90238297
vt 0.695288658 0.515625
vt 0.984375 0.515625
vt 0.984375 0.90238297
vt 0.695288658 0.90238297
vt 0.695288658 0.515625
vt 0.984375 0.515625
vt 0.984375 0.90238297
vt 0.695288658 0.90238297
vt 0.695288658 0.515625
vt 0.984375 0.515625
vt 0.984375 0.90238297
vt 0.695288658 0.90238297
vt 0.695288658 0.515625
vt 0.984375 0.515625
vt 0.984375 0.90238297
vt 0.695288658 0.90238297
vt 0.695288658 0.515625
vt 0.984375 0.515625
vt 0.984375 0.90238297
vt 0.695288658 0.90238297
vt 0.695288658 0.515625
vt 0.984375 0.515625
vt 0.984375 0.90238297
vt 0.695288658 0.90238297
vt 0.695288658 0.515625
vt 0.984375 0.515625
vt 0.984375 0.90238297
vt 0.695288658 0.90238297
vt 0.695288658 0.515625
vt 0.984375 0.515625
vt 0.984375 0.90238297
vt 0.695288658 0.90238297
vt 0.695288658 0.515625
vt 0.984375 0.515625
vt 0.984375 0.90238297
vt 0.695288658 0.90238297
vt 0.695288658 0.515625
vt 0.984375 0.515625
vt 0.984375 0.90238297
vt 0.695288658 0.90238297
vt 0.695288658 0.515625
vt 0.984375 0.515625
vt 0.984375 0.90238297
vt 0.695288658 0.90238297
vt 0.695288658 0.515625
vt 0.984375 0.515625
vt 0.984375 0.90238297
vt 0.695288658 0.90238297
vt 0.695288658 0.515625
vt 0.984375 0.515625
vt 0.984375 0.90238297
vt 0.695288658 0.90238297
vt 0.695288658 0.515625
vt 0.984375 0.515625
vt 0.984375 0.90238297
vt 0.695288658 0.90238297
vt 0.695288658 0.515625
vt 0.984375 0.515625
vt 0.984375 0.90238297
vt 0.695288658 0.90238297
vt 0.695288658 0.515625
vt 0.984375 0.515625
vt 0.984375 0.90238297
vt 0.695288658 0.90238297
vt 0.695288658 0.515625
vt 0.984375 0.515625
vt 0.984375 0.90238297
vt 0.695288658 0.90238297
vt 0.695288658 0.515625
vt 0.984375 0.515625
vt 0.984375 0.90238297
vt 0.695288658 0.90238297
vt 0.695288658 0.515625
vt 0.984375 0.515625
vt 0.984375 0.90238297
vt 0.695288658 0.90238297
vt 0.695288658 0.515625
vt 0.984375 0.515625
vt 0.984375 0.90238297
vt 0.695288658 0.90238297
vt 0.695288658 0.515625
vt 0.984375 0.515625
vt 0.984375 0.90238297
vt 0.695288658 0.90238297
vt 0.695288658 0.515625
vt 0.984375 0.515625
vt 0.984375 0.90238297
vt 0.695288658 0.90238297
vt 0.695288658 0.515625
vt 0.984375 0.515625
vt 0.984375 0.90238297
vt 0.695288658 0.90238297
vt 0.695288658 0.515625
vt 0.984375 0.515625
vt 0.984375 0.90238297
vt 0.695288658 0.90238297
vt 0.695288658 0.515625
vt 0.984375 0.515625
vt 0.984375 0.90238297
vt 0.695288658 0.90238297
vt 0.695288658 0.515625
vt 0.984375 0.515625
vt 0.984375 0.90238297
vt 0.695288658 0.90238297
vt 0.695288658 0.515625
vt 0.984375 0.515625
vt 0.984375 0.90238297
vt 0.695288658 0.90238297
vt 0.695288658 0.515625
vt 0.984375 0.515625
vt 0.984375 0.90238297
vt 0.695288658 0.90238297
vt 0.695288658 0.515625
vt 0.984375 0.515625
vt 0.984375 0.90238297
vt 0.695288658 0.90238297
vt 0.695288658 0.515625
vt 0.984375 0.515625
vt 0.984375 0.90238297
vt 0.695288658 0.90238297
vt 0.695288658 0.515625
vt 0.984375 0.515625
vt 0.984375 0.90238297
vt 0.695288658 0.90238297
vt 0.695288658 0.515625
vt 0.984375 0.515625
vt 0.984375 0.90238297
vt 0.695288658 0.90238297
vt 0.695288658 0.515625
vt 0.984375 0.515625
vt 0.984375 0.90238297
vt 0.695288658 0.90238297
vt 0.695288658 0.515625
vt 0.984375 0.515625
vt 0.984375 0.90238297
vt 0.695288658 0.90238297
vt 0.695288658 0.515625
vt 0.984375 0.515625
vt 0.984375 0.90238297
vt 0.695288658 0.90238297
vt 0.695288658 0.515625
vt 0.984375 0.515625
vt 0.984375 0.90238297
vt 0.695288658 0.90238297
vt 0.695288658 0.515625
vt 0.984375 0.515625
vt 0.984375 0.90238297
vt 0.695288658 0.90238297
vt 0.695288658 0.515625
vt 0.984375 0.515625
vt 0.984375 0.90238297
vt 0.695288658 0.90238297
vt 0.695288658 0.515625
vt 0.984375 0.515625
vt 0.984375 0.90238297
vt 0.695288658 0.90238297
vt 0.695288658 0.515625
vt 0.984375 0.515625
vt 0.984375 0.90238297
vt 0.695288658 0.90238297
vt 0.695288658 0.515625
vt 0.984375 0.515625
vt 0.984375 0.90238297
vt 0.695288658 0.90238297
vt 0.695288658 0.515625
vt 0.984375 0.515625
vt 0.984375 0.90238297
vt 0.695288658 0.90238297
vt 0.695288658 0.515625
vt 0.984375 0.515625
vt 0.984375 0.90238297
vt 0.695288658 0.90238297
vt 0.695288658 0.515625
vt 0.984375 0.515625
vt 0.984375 0.90238297
vt 0.695288658 0.90238297
vt 0.695288658 0.515625
vt 0.984375 0.515625
vt 0.984375 0.90238297
vt 0.695288658 0.90238297
vt 0.695288658 0.515625
vt 0.984375 0.515625
vt 0.984375 0.90238297
vt 0.695288658 0.90238297
vt 0.695288658 0.515625
vt 0.984375 0.515625
vt 0.984375 0.90238297
vt 0.695288658 0.90238297
vt 0.695288658 0.515625
vt 0.984375 0.515625
vt 0.984375 0.90238297
vt 0.695288658 0.90238297
vt 0.695288658 0.515625
vt 0.984375 0.515625
vt 0.984375 0.90238297
vt 0.695288658 0.90238297
vt 0.695288658 0.515625
vt 0.984375 0.515625
vt 0.984375 0.90238297
vt 0.695288658 0.90238297
vt 0.695288658 0.515625
vt 0.984375 0.515625
vt 0.984375 0.90238297
vt 0.695288658 0.90238297
vt 0.695288658 0.515625
vt 0.984375 0.515625
vt 0.984375 0.90238297
vt 0.695288658 0.90238297
vt 0.695288658 0.515625
vt 0.984375 0.515625
vt 0.984375 0.90238297
vt 0.695288658 0.90238297
vt 0.695288658 0.515625
vt 0.984375 0.515625
vt 0.984375 0.90238297
vt 0.695288658 0.90238297
vt 0.695288658 0.515625
vt 0.984375 0.515625
vt 0.984375 0.90238297
vt 0.695288658 0.90238297
vt 0.695288658 0.515625
vt 0.984375 0.515625
vt 0.984375 0.90238297
vt 0.695288658 0.90238297
vt 0.695288658 0.515625
vt 0.984375 0.515625
vt 0.984375 0.90238297
vt 0.695288658 0.90238297
vt 0.695288658 0.515625
vt 0.984375 0.515625
vt 0.984375 0.90238297
vt 0.695288658 0.90238297
vt 0.695288658 0.515625
vt 0.984375 0.515625
vt 0.984375 0.90238297
vt 0.695288658 0.90238297
vt 0.695288658 0.515625
vt 0.984375 0.515625
vt 0.984375 0.90238297
vt 0.695288658 0.90238297
vt 0.695288658 0.515625
vt 0.984375 0.515625
vt 0.984375 0.90238297
vt 0.695288658 0.90238297
vt 0.695288658 0.515625
vt 0.984375 0.515625
vt 0.984375 0.90238297
vt 0.695288658 0.90238297
vt 0.695288658 0.515625
vt 0.984375 0.515625
vt 0.984375 0.90238297
vt 0.695288658 0.90238297
vt 0.695288658 0.515625
vt 0.984375 0.515625
vt 0.984375 0.90238297
vt 0.695288658 0.90238297
vt 0.695288658 0.515625
vt 0.984375 0.515625
vt 0.984375 0.90238297
vt 0.695288658 0.90238297
vt 0.695288658 0.515625
vt 0.984375 0.515625
vt 0.984375 0.90238297
vt 0.695288658 0.90238297
vt 0.695288658 0.515625
vt 0.984375 0.515625
vt 0.984375 0.90238297
vt 0.695288658 0.90238297
vt 0.695288658 0.515625
vt 0.984375 0.515625
vt 0.984375 0.90238297
vt 0.695288658 0.90238297
vt 0.695288658 0.515625
vt 0.984375 0.515625
vt 0.984375 0.90238297
vt 0.695288658 0.90238297
vt 0.695288658 0.515625
vt 0.984375 0.515625
vt 0.984375 0.90238297
vt 0.695288658 0.90238297
vt 0.695288658 0.515625
vt 0.984375 0.515625
vt 0.984375 0.90238297
vt 0.695288658 0.90238297
vt 0.695288658 0.515625
vt 0.984375 0.515625
vt 0.984375 0.90238297
vt 0.695288658 0.90238297
vt 0.695288658 0.515625
vt 0.984375 0.515625
vt 0.984375 0.90238297
vt 0.695288658 0.90238297
vt 0.695288658 0.515625
vt 0.984375 0.515625
vt 0.984375 0.90238297
vt 0.695288658 0.90238297
vt 0.695288658 0.515625
vt 0.984375 0.515625
vt 0.984375 0.90238297
vt 0.695288658 0.90238297
vt 0.695288658 0.515625
vt 0.984375 0.515625
vt 0.984375 0.90238297
vt 0.695288658 0.90238297
vt 0.695288658 0.515625
vt 0.984375 0.515625
vt 0.984375 0.90238297
vt 0.695288658 0.90238297
vt 0.695288658 0.515625
vt 0.984375 0.515625
vt 0.984375 0.90238297
vt 0.695288658 0.90238297
vt 0.695288658 0.515625
vt 0.984375 0.515625
vt 0.984375 0.90238297
vt 0.695288658 0.90238297
vt 0.695288658 0.515625
vt 0.984375 0.515625
vt 0.984375 0.90238297
vt 0.695288658 0.90238297
vt 0.695288658 0.515625
vt 0.984375 0.515625
vt 0.984375 0.90238297
vt 0.695288658 0.90238297
vt 0.695288658 0.515625
vt 0.984375 0.515625
vt 0.984375 0.90238297
vt 0.695288658 0.90238297
vt 0.695288658 0.515625
vt 0.984375 0.515625
vt 0.984375 0.90238297
vt 0.695288658 0.90238297
vt 0.695288658 0.515625
vt 0.984375 0.515625
vt 0.984375 0.90238297
vt 0.695288658 0.90238297
vt 0.695288658 0.515625
vt 0.984375 0.515625
vt 0.984375 0.90238297
vt 0.695288658 0.90238297
vt 0.695288658 0.515625
vt 0.984375 0.515625
vt 0.984375 0.90238297
vt 0.695288658 0.90238297
vt 0.695288658 0.515625
vt 0.984375 0.515625
vt 0.984375 0.90238297
vt 0.695288658 0.90238297
vt 0.695288658 0.515625
vt 0.984375 0.515625
vt 0.984375 0.90238297
vt 0.695288658 0.90238297
vt 0.695288658 0.515625
vt 0.984375 0.515625
vt 0.984375 0.90238297
vt 0.695288658 0.90238297
vt 0.695288658 0.515625
vt 0.984375 0.515625
vt 0.984375 0.90238297
vt 0.695288658 0.90238297
vt 0.695288658 0.515625
vt 0.984375 0.515625
vt 0.984375 0.90238297
vt 0.695288658 0.90238297
vt 0.695288658 0.515625
vt 0.984375 0.515625
vt 0.984375 0.90238297
vt 0.695288658 0.90238297
vt 0.695288658 0.515625
vt 0.984375 0.515625
vt 0.984375 0.90238297
vt 0.695288658 0.90238297
vt 0.695288658 0.515625
vt 0.984375 0.515625
vt 0.984375 0.90238297
vt 0.695288658 0.90238297
vt 0.695288658 0.515625
vt 0.984375 0.515625
vt 0.984375 0.90238297
vt 0.695288658 0.90238297
vt 0.695288658 0.515625
vt 0.984375 0.515625
vt 0.984375 0.90238297
vt 0.695288658 0.90238297
vt 0.695288658 0.515625
vt 0.984375 0.515625
vt 0.984375 0.90238297
vt 0.695288658 0.90238297
vt 0.695288658 0.515625
vt 0.984375 0.515625
vt 0.984375 0.90238297
vt 0.695288658 0.90238297
vt 0.695288658 0.515625
vt 0.984375 0.515625
vt 0.984375 0.90238297
vt 0.695288658 0.90238297
vt 0.695288658 0.515625
vt 0.984375 0.515625
vt 0.984375 0.90238297
vt 0.695288658 0.90238297
vt 0.695288658 0.515625
vt 0.984375 0.515625
vt 0.984375 0.90238297
vt 0.695288658 0.90238297
vt 0.695288658 0.515625
vt 0.984375 0.515625
vt 0.984375 0.90238297
vt 0.695288658 0.90238297
vt 0.695288658 0.515625
vt 0.984375 0.515625
vt 0.984375 0.90238297
vt 0.695288658 0.90238297
vt 0.695288658 0.515625
vt 0.984375 0.515625
vt 0.984375 0.90238297
vt 0.695288658 0.90238297
vt 0.695288658 0.515625
vt 0.984375 0.515625
vt 0.984375 0.90238297
vt 0.695288658 0.90238297
vt 0.695288658 0.515625
vt 0.984375 0.515625
vt 0.984375 0.90238297
vt 0.695288658 0.90238297
vt 0.695288658 0.515625
vt 0.984375 0.515625
vt 0.984375 0.90238297
vt 0.695288658 0.90238297
vt 0.695288658 0.515625
vt 0.984375 0.515625
vt 0.984375 0.90238297
vt 0.695288658 0.90238297
vt 0.695288658 0.515625
vt 0.984375 0.515625
vt 0.984375 0.90238297
vt 0.695288658 0.90238297
vt 0.695288658 0.515625
vt 0.984375 0.515625
vt 0.984375 0.90238297
vt 0.695288658 0.90238297
vt 0.695288658 0.515625
vt 0.984375 0.515625
vt 0.984375 0.90238297
vt 0.695288658 0.90238297
vt 0.695288658 0.515625
vt 0.984375 0.515625
vt 0.984375 0.90238297
vt 0.695288658 0.90238297
vt 0.695288658 0.515625
vt 0.984375 0.515625
vt 0.984375 0.90238297
vt 0.695288658 0.90238297
vt 0.695288658 0.515625
vt 0.984375 0.515625
vt 0.984375 0.90238297
vt 0.695288658 0.90238297
vt 0.695288658 0.515625
vt 0.984375 0.515625
vt 0.984375 0.90238297
vt 0.695288658 0.90238297
vt 0.695288658 0.515625
vt 0.984375 0.515625
vt 0.984375 0.90238297
vt 0.695288658 0.90238297
vt 0.695288658 0.515625
vt 0.984375 0.515625
vt 0.984375 0.90238297
vt 0.695288658 0.90238297
vt 0.695288658 0.515625
vt 0.984375 0.515625
vt 0.984375 0.90238297
vt 0.695288658 0.90238297
vt 0.695288658 0.515625
vt 0.984375 0.515625
vt 0.984375 0.90238297
vt 0.695288658 0.90238297
vt 0.695288658 0.515625
vt 0.984375 0.515625
vt 0.984375 0.90238297
vt 0.695288658 0.90238297
vt 0.695288658 0.515625
vt 0.984375 0.515625
vt 0.984375 0.90238297
vt 0.695288658 0.90238297
vt 0.695288658 0.515625
vt 0.984375 0.515625
vt 0.984375 0.90238297
vt 0.695288658 0.90238297
vt 0.695288658 0.515625
vt 0.984375 0.515625
vt 0.984375 0.90238297
vt 0.695288658 0.90238297
vt 0.695288658 0.515625
vt 0.984375 0.515625
vt 0.984375 0.90238297
vt 0.695288658 0.90238297
vt 0.695288658 0.515625
vt 0.984375 0.515625
vt 0.984375 0.90238297
vt 0.695288658 0.90238297
vt 0.695288658 0.515625
vt 0.984375 0.515625
vt 0.984375 0.90238297
vt 0.695288658 0.90238297
vt 0.695288658 0.515625
vt 0.984375 0.515625
vt 0.984375 0.90238297
vt 0.695288658 0.90238297
vt 0.695288658 0.515625
vt 0.984375 0.515625
vt 0.984375 0.90238297
vt 0.695288658 0.90238297
vt 0.695288658 0.515625
vt 0.984375 0.515625
vt 0.984375 0.90238297
vt 0.695288658 0.90238297
vt 0.695288658 0.515625
vt 0.984375 0.515625
vt 0.984375 0.90238297
vt 0.695288658 0.90238297
vt 0.695288658 0.515625
vt 0.984375 0.515625
vt 0.984375 0.90238297
vt 0.695288658 0.90238297
vt 0.695288658 0.515625
vt 0.984375 0.515625
vt 0.984375 0.90238297
vt 0.695288658 0.90238297
vt 0.695288658 0.515625
vt 0.984375 0.515625
vt 0.984375 0.90238297
vt 0.695288658 0.90238297
vt 0.695288658 0.515625
vt 0.984375 0.515625
vt 0.984375 0.90238297
vt 0.695288658 0.90238297
vt 0.695288658 0.515625
vt 0.984375 0.515625
vt 0.984375 0.90238297
vt 0.695288658 0.90238297
vt 0.695288658 0.515625
vt 0.984375 0.515625
vt 0.984375 0.90238297
vt 0.695288658 0.90238297
vt 0.695288658 0.515625
vt 0.984375 0.515625
vt 0.984375 0.90238297
vt 0.695288658 0.90238297
vt 0.695288658 0.515625
vt 0.984375 0.515625
vt 0.984375 0.90238297
vt 0.695288658 0.90238297
vt 0.695288658 0.515625
vt 0.984375 0.515625
vt 0.984375 0.90238297
vt 0.695288658 0.90238297
vt 0.695288658 0.515625
vt 0.984375 0.515625
vt 0.984375 0.90238297
vt 0.695288658 0.90238297
vt 0.695288658 0.515625
vt 0.984375 0.515625
vt 0.984375 0.90238297
vt 0.695288658 0.90238297
vt 0.695288658 0.515625
vt 0.984375 0.515625
vt 0.984375 0.90238297
vt 0.695288658 0.90238297
vt 0.695288658 0.515625
vt 0.984375 0.515625
vt 0.984375 0.90238297
vt 0.695288658 0.90238297
vt 0.695288658 0.515625
vt 0.984375 0.515625
vt 0.984375 0.90238297
vt 0.695288658 0.90238297
vt 0.695288658 0.515625
vt 0.984375 0.515625
vt 0.984375 0.90238297
vt 0.695288658 0.90238297
vt 0.695288658 0.515625
vt 0.984375 0.515625
vt 0.984375 0.90238297
vt 0.695288658 0.90238297
vt 0.695288658 0.515625
vt 0.984375 0.515625
vt 0.984375 0.90238297
vt 0.695288658 0.90238297
vt 0.695288658 0.515625
vt 0.984375 0.515625
vt 0.984375 0.90238297
vt 0.695288658 0.90238297
vt 0.695288658 0.515625
vt 0.984375 0.515625
vt 0.984375 0.90238297
vt 0.695288658 0.90238297
vt 0.695288658 0.515625
vt 0.984375 0.515625
vt 0.984375 0.90238297
vt 0.695288658 0.90238297
vt 0.695288658 0.515625
vt 0.984375 0.515625
vt 0.984375 0.90238297
vt 0.695288658 0.90238297
vt 0.695288658 0.515625
vt 0.984375 0.515625
vt 0.984375 0.90238297
vt 0.695288658 0.90238297
vt 0.695288658 0.515625
vt 0.984375 0.515625
vt 0.984375 0.90238297
vt 0.695288658 0.90238297
vt 0.695288658 0.515625
vt 0.984375 0.515625
vt 0.984375 0.90238297
vt 0.695288658 0.90238297
vt 0.695288658 0.515625
vt 0.984375 0.515625
vt 0.984375 0.90238297
vt 0.695288658 0.90238297
vt 0.695288658 0.515625
vt 0.984375 0.515625
vt 0.984375 0.90238297
vt 0.695288658 0.90238297
vt 0.695288658 0.515625
vt 0.984375 0.515625
vt 0.984375 0.90238297
vt 0.695288658 0.90238297
vt 0.695288658 0.515625
vt 0.984375 0.515625
vt 0.984375 0.90238297
vt 0.695288658 0.90238297
vt 0.695288658 0.515625
vt 0.984375 0.515625
vt 0.984375 0.90238297
vt 0.695288658 0.90238297
vt 0.695288658 0.515625
vt 0.984375 0.515625
vt 0.984375 0.90238297
vt 0.695288658 0.90238297
vt 0.695288658 0.515625
vt 0.984375 0.515625
vt 0.984375 0.90238297
vt 0.695288658 0.90238297
vt 0.695288658 0.515625
vt 0.984375 0.515625
vt 0.984375 0.90238297
vt 0.695288658 0.90238297
vt 0.695288658 0.515625
vt 0.984375 0.515625
vt 0.984375 0.90238297
vt 0.695288658 0.90238297
vt 0.695288658 0.515625
vt 0.984375 0.515625
vt 0.984375 0.90238297
vt 0.695288658 0.90238297
vt 0.695288658 0.515625
vt 0.984375 0.515625
vt 0.984375 0.90238297
vt 0.695288658 0.90238297
vt 0.695288658 0.515625
vt 0.984375 0.515625
vt 0.984375 0.90238297
vt 0.695288658 0.90238297
vt 0.695288658 0.515625
vt 0.984375 0.515625
vt 0.984375 0.90238297
vt 0.695288658 0.90238297
vt 0.695288658 0.515625
vt 0.984375 0.515625
vt 0.984375 0.90238297
vt 0.695288658 0.90238297
vt 0.695288658 0.515625
vt 0.984375 0.515625
vt 0.984375 0.90238297
vt 0.695288658 0.90238297
vt 0.695288658 0.515625
vt 0.984375 0.515625
vt 0.984375 0.90238297
vt 0.695288658 0.90238297
vt 0.695288658 0.515625
vt 0.984375 0.515625
vt 0.984375 0.90238297
vt 0.695288658 0.90238297
vt 0.695288658 0.515625
vt 0.984375 0.515625
vt 0.984375 0.90238297
vt 0.695288658 0.90238297
vt 0.695288658 0.515625
vt 0.984375 0.515625
vt 0.984375 0.90238297
vt 0.695288658 0.90238297
vt 0.695288658 0.515625
vt 0.984375 0.515625
vt 0.984375 0.90238297
vt 0.695288658 0.90238297
vt 0.695288658 0.515625
vt 0.984375 0.515625
vt 0.984375 0.90238297
vt 0.695288658 0.90238297
vt 0.695288658 0.515625
vt 0.984375 0.515625
vt 0.984375 0.90238297
vt 0.695288658 0.90238297
vt 0.695288658 0.515625
vt 0.984375 0.515625
vt 0.984375 0.90238297
vt 0.695288658 0.90238297
vt 0.695288658 0.515625
vt 0.984375 0.515625
vt 0.984375 0.90238297
vt 0.695288658 0.90238297
vt 0.695288658 0.515625
vt 0.984375 0.515625
vt 0.984375 0.90238297
vt 0.695288658 0.90238297
vt 0.695288658 0.515625
vt 0.984375 0.515625
vt 0.984375 0.90238297
vt 0.695288658 0.90238297
vt 0.695288658 0.515625
vt 0.984375 0.515625
vt 0.984375 0.90238297
vt 0.695288658 0.90238297
vt 0.695288658 0.515625
vt 0.984375 0.515625
vt 0.984375 0.90238297
vt 0.695288658 0.90238297
vt 0.695288658 0.515625
vt 0.984375 0.515625
vt 0.984375 0.90238297
vt 0.695288658 0.90238297
vt 0.695288658 0.515625
vt 0.984375 0.515625
vt 0.984375 0.90238297
vt 0.695288658 0.90238297
vt 0.695288658 0.515625
vt 0.984375 0.515625
vt 0.984375 0.90238297
vt 0.695288658 0.90238297
vt 0.695288658 0.515625
vt 0.984375 0.515625
vt 0.984375 0.90238297
vt 0.695288658 0.90238297
vt 0.695288658 0.515625
vt 0.984375 0.515625
vt 0.984375 0.90238297
vt 0.695288658 0.90238297
vt 0.695288658 0.515625
vt 0.984375 0.515625
vt 0.984375 0.90238297
vt 0.695288658 0.90238297
vt 0.695288658 0.515625
vt 0.984375 0.515625
vt 0.984375 0.90238297
vt 0.695288658 0.90238297
vt 0.695288658 0.515625
vt 0.984375 0.515625
vt 0.984375 0.90238297
vt 0.695288658 0.90238297
vt 0.695288658 0.515625
vt 0.984375 0.515625
vt 0.984375 0.90238297
vt 0.695288658 0.90238297
vt 0.695288658 0.515625
vt 0.984375 0.515625
vt 0.984375 0.90238297
vt 0.695288658 0.90238297
vt 0.695288658 0.515625
vt 0.984375 0.515625
vt 0.984375 0.90238297
vt 0.695288658 0.90238297
vt 0.695288658 0.515625
vt 0.984375 0.515625
vt 0.984375 0.90238297
vt 0.695288658 0.90238297
vt 0.695288658 0.515625
vt 0.984375 0.515625
vt 0.984375 0.90238297
vt 0.695288658 0.90238297
vt 0.695288658 0.515625
vt 0.984375 0.515625
vt 0.984375 0.90238297
vt 0.695288658 0.90238297
vt 0.695288658 0.515625
vt 0.984375 0.515625
vt 0.984375 0.90238297
vt 0.695288658 0.90238297
vt 0.695288658 0.515625
vt 0.984375 0.515625
vt 0.984375 0.90238297
vt 0.695288658 0.90238297
vt 0.695288658 0.515625
vt 0.984375 0.515625
vt 0.984375 0.90238297
vt 0.695288658 0.90238297
vt 0.695288658 0.515625
vt 0.984375 0.515625
vt 0.984375 0.90238297
vt 0.695288658 0.90238297
vt 0.695288658 0.515625
vt 0.984375 0.515625
vt 0.984375 0.90238297
vt 0.695288658 0.90238297
vt 0.695288658 0.515625
vt 0.984375 0.515625
vt 0.984375 0.90238297
vt 0.695288658 0.90238297
vt 0.695288658 0.515625
vt 0.984375 0.515625
vt 0.984375 0.90238297
vt 0.695288658 0.90238297
vt 0.695288658 0.515625
vt 0.984375 0.515625
vt 0.984375 0.90238297
vt 0.695288658 0.90238297
vt 0.695288658 0.515625
vt 0.984375 0.515625
vt 0.984375 0.90238297
vt 0.695288658 0.90238297
vt 0.695288658 0.515625
vt 0.984375 0.515625
vt 0.984375 0.90238297
vt 0.695288658 0.90238297
vt 0.695288658 0.515625
vt 0.984375 0.515625
vt 0.984375 0.90238297
vt 0.695288658 0.90238297
vt 0.695288658 0.515625
vt 0.984375 0.515625
vt 0.984375 0.90238297
vt 0.695288658 0.90238297
vt 0.695288658 0.515625
vt 0.984375 0.515625
vt 0.984375 0.90238297
vt 0.695288658 0.90238297
vt 0.695288658 0.515625
vt 0.984375 0.515625
vt 0.984375 0.90238297
vt 0.695288658 0.90238297
vt 0.695288658 0.515625
vt 0.984375 0.515625
vt 0.984375 0.90238297
vt 0.695288658 0.90238297
vt 0.695288658 0.515625
vt 0.984375 0.515625
vt 0.984375 0.90238297
vt 0.695288658 0.90238297
vt 0.695288658 0.515625
vt 0.984375 0.515625
vt 0.984375 0.90238297
vt 0.695288658 0.90238297
vt 0.695288658 0.515625
vt 0.984375 0.515625
vt 0.984375 0.90238297
vt 0.695288658 0.90238297
vt 0.695288658 0.515625
vt 0.984375 0.515625
vt 0.984375 0.90238297
vt 0.695288658 0.90238297
vt 0.695288658 0.515625
vt 0.984375 0.515625
vt 0.984375 0.90238297
vt 0.695288658 0.90238297
vt 0.695288658 0.515625
vt 0.984375 0.515625
vt 0.984375 0.90238297
vt 0.695288658 0.90238297
vt 0.695288658 0.515625
vt 0.984375 0.515625
vt 0.984375 0.90238297
vt 0.695288658 0.90238297
vt 0.695288658 0.515625
vt 0.984375 0.515625
vt 0.984375 0.90238297
vt 0.695288658 0.90238297
vt 0.695288658 0.515625
vt 0.984375 0.515625
vt 0.984375 0.90238297
vt 0.695288658 0.90238297
vt 0.695288658 0.515625
vt 0.984375 0.515625
vt 0.984375 0.90238297
vt 0.695288658 0.90238297
vt 0.695288658 0.515625
vt 0.984375 0.515625
vt 0.984375 0.90238297
vt 0.695288658 0.90238297
vt 0.695288658 0.515625
vt 0.984375 0.515625
vt 0.984375 0.90238297
vt 0.695288658 0.90238297
vt 0.695288658 0.515625
vt 0.984375 0.515625
vt 0.984375 0.90238297
vt 0.695288658 0.90238297
vt 0.695288658 0.515625
vt 0.984375 0.515625
vt 0.984375 0.90238297
vt 0.695288658 0.90238297
vt 0.695288658 0.515625
vt 0.984375 0.515625
vt 0.984375 0.90238297
vt 0.695288658 0.90238297
vt 0.695288658 0.515625
vt 0.984375 0.515625
vt 0.984375 0.90238297
vt 0.695288658 0.90238297
vt 0.695288658 0.515625
vt 0.984375 0.515625
vt 0.984375 0.90238297
vt 0.695288658 0.90238297
vt 0.695288658 0.515625
vt 0.984375 0.515625
vt 0.984375 0.90238297
vt 0.695288658 0.90238297
vt 0.695288658 0.515625
vt 0.984375 0.515625
vt 0.984375 0.90238297
vt 0.695288658 0.90238297
vt 0.695288658 0.515625
vt 0.984375 0.515625
vt 0.984375 0.90238297
vt 0.695288658 0.90238297
vt 0.695288658 0.515625
vt 0.984375 0.515625
vt 0.984375 0.90238297
vt 0.695288658 0.90238297
vt 0.695288658 0.515625
vt 0.984375 0.515625
vt 0.984375 0.90238297
vt 0.695288658 0.90238297
vt 0.695288658 0.515625
vt 0.984375 0.515625
vt 0.984375 0.90238297
vt 0.695288658 0.90238297
vt 0.695288658 0.515625
vt 0.984375 0.515625
vt 0.984375 0.90238297
vt 0.695288658 0.90238297
vt 0.695288658 0.515625
vt 0.984375 0.515625
vt 0.984375 0.90238297
vt 0.695288658 0.90238297
vt 0.695288658 0.515625
vt 0.984375 0.515625
vt 0.984375 0.90238297
vt 0.695288658 0.90238297
vt 0.695288658 0.515625
vt 0.984375 0.515625
vt 0.984375 0.90238297
vt 0.695288658 0.90238297
vt 0.695288658 0.515625
vt 0.984375 0.515625
vt 0.984375 0.90238297
vt 0.695288658 0.90238297
vt 0.695288658 0.515625
vt 0.984375 0.515625
vt 0.984375 0.90238297
vt 0.695288658 0.90238297
vt 0.695288658 0.515625
vt 0.984375 0.515625
vt 0.984375 0.90238297
vt 0.695288658 0.90238297
vt 0.695288658 0.515625
vt 0.984375 0.515625
vt 0.984375 0.90238297
vt 0.695288658 0.90238297
vt 0.695288658 0.515625
vt 0.984375 0.515625
vt 0.984375 0.90238297
vt 0.695288658 0.90238297
vt 0.695288658 0.515625
vt 0.984375 0.515625
vt 0.984375 0.90238297
vt 0.695288658 0.90238297
vt 0.695288658 0.515625
vt 0.984375 0.515625
vt 0.984375 0.90238297
vt 0.695288658 0.90238297
vt 0.695288658 0.515625
vt 0.984375 0.515625
vt 0.984375 0.90238297
vt 0.695288658 0.90238297
vt 0.695288658 0.515625
vt 0.984375 0.515625
vt 0.984375 0.90238297
vt 0.695288658 0.90238297
vt 0.695288658 0.515625
vt 0.984375 0.515625
vt 0.984375 0.90238297
vt 0.695288658 0.90238297
vt 0.695288658 0.515625
vt 0.984375 0.515625
vt 0.984375 0.90238297
vt 0.695288658 0.90238297
vt 0.695288658 0.515625
vt 0.984375 0.515625
vt 0.984375 0.90238297
vt 0.695288658 0.90238297
vt 0.695288658 0.515625
vt 0.984375 0.515625
vt 0.984375 0.90238297
vt 0.695288658 0.90238297
vt 0.695288658 0.515625
vt 0.984375 0.515625
vt 0.984375 0.90238297
vt 0.695288658 0.90238297
vt 0.695288658 0.515625
vt 0.984375 0.515625
vt 0.984375 0.90238297
vt 0.695288658 0.90238297
vt 0.695288658 0.515625
vt 0.984375 0.515625
vt 0.984375 0.90238297
vt 0.695288658 0.90238297
vt 0.695288658 0.515625
vt 0.984375 0.515625
vt 0.984375 0.90238297
vt 0.695288658 0.90238297
vt 0.695288658 0.515625
vt 0.984375 0.515625
vt 0.984375 0.90238297
vt 0.695288658 0.90238297
vt 0.695288658 0.515625
vt 0.984375 0.515625
vt 0.984375 0.90238297
vt 0.695288658 0.90238297
vt 0.695288658 0.515625
vt 0.984375 0.515625
vt 0.984375 0.90238297
vt 0.695288658 0.90238297
vt 0.695288658 0.515625
vt 0.984375 0.515625
vt 0.984375 0.90238297
vt 0.695288658 0.90238297
vt 0.695288658 0.515625
vt 0.984375 0.515625
vt 0.984375 0.90238297
vt 0.695288658 0.90238297
vt 0.695288658 0.515625
vt 0.984375 0.515625
vt 0.984375 0.90238297
vt 0.695288658 0.90238297
vt 0.695288658 0.515625
vt 0.984375 0.515625
vt 0.984375 0.90238297
vt 0.695288658 0.90238297
vt 0.695288658 0.515625
vt 0.984375 0.515625
vt 0.984375 0.90238297
vt 0.695288658 0.90238297
vt 0.695288658 0.515625
vt 0.984375 0.515625
vt 0.984375 0.90238297
vt 0.695288658 0.90238297
vt 0.695288658 0.515625
vt 0.984375 0.515625
vt 0.984375 0.90238297
vt 0.695288658 0.90238297
vt 0.695288658 0.515625
vt 0.984375 0.515625
vt 0.984375 0.90238297
vt 0.695288658 0.90238297
vt 0.695288658 0.515625
vt 0.984375 0.515625
vt 0.984375 0.90238297
vt 0.695288658 0.90238297
vt 0.695288658 0.515625
vt 0.984375 0.515625
vt 0.984375 0.90238297
vt 0.695288658 0.90238297
vt 0.695288658 0.515625
vt 0.984375 0.515625
vt 0.984375 0.90238297
vt 0.695288658 0.90238297
vt 0.695288658 0.515625
vt 0.984375 0.515625
vt 0.984375 0.90238297
vt 0.695288658 0.90238297
vt 0.695288658 0.515625
vt 0.984375 0.515625
vt 0.984375 0.90238297
vt 0.695288658 0.90238297
vt 0.695288658 0.515625
vt 0.984375 0.515625
vt 0.984375 0.90238297
vt 0.695288658 0.90238297
vt 0.695288658 0.515625
vt 0.984375 0.515625
vt 0.984375 0.90238297
vt 0.695288658 0.90238297
vt 0.695288658 0.515625
vt 0.984375 0.515625
vt 0.984375 0.90238297
vt 0.695288658 0.90238297
vt 0.695288658 0.515625
vt 0.984375 0.515625
vt 0.984375 0.90238297
vt 0.695288658 0.90238297
vt 0.695288658 0.515625
vt 0.984375 0.515625
vt 0.984375 0.90238297
vt 0.695288658 0.90238297
vt 0.695288658 0.515625
vt 0.984375 0.515625
vt 0.984375 0.90238297
vt 0.695288658 0.90238297
vt 0.695288658 0.515625
vt 0.984375 0.515625
vt 0.984375 0.90238297
vt 0.695288658 0.90238297
vt 0.695288658 0.515625
vt 0.984375 0.515625
vt 0.984375 0.90238297
vt 0.695288658 0.90238297
vt 0.695288658 0.515625
vt 0.984375 0.515625
vt 0.984375 0.90238297
vt 0.695288658 0.90238297
vt 0.695288658 0.515625
vt 0.984375 0.515625
vt 0.984375 0.90238297
vt 0.695288658 0.90238297
vt 0.695288658 0.515625
vt 0.984375 0.515625
vt 0.984375 0.90238297
vt 0.695288658 0.90238297
vt 0.695288658 0.515625
vt 0.984375 0.515625
vt 0.984375 0.90238297
vt 0.695288658 0.90238297
vt 0.695288658 0.515625
vt 0.984375 0.515625
vt 0.984375 0.90238297
vt 0.695288658 0.90238297
vt 0.695288658 0.515625
vt 0.984375 0.515625
vt 0.984375 0.90238297
vt 0.695288658 0.90238297
vt 0.695288658 0.515625
vt 0.984375 0.515625
vt 0.984375 0.90238297
vt 0.695288658 0.90238297
vt 0.695288658 0.515625
vt 0.984375 0.515625
vt 0.984375 0.90238297
vt 0.695288658 0.90238297
vt 0.695288658 0.515625
vt 0.984375 0.515625
vt 0.984375 0.90238297
vt 0.695288658 0.90238297
vt 0.695288658 0.515625
vt 0.984375 0.515625
vt 0.984375 0.90238297
vt 0.695288658 0.90238297
vt 0.695288658 0.515625
vt 0.984375 0.515625
vt 0.984375 0.90238297
vt 0.695288658 0.90238297
vt 0.695288658 0.515625
vt 0.984375 0.515625
vt 0.984375 0.90238297
vt 0.695288658 0.90238297
vt 0.695288658 0.515625
vt 0.984375 0.515625
vt 0.984375 0.90238297
vt 0.695288658 0.90238297
vt 0.695288658 0.515625
vt 0.984375 0.515625
vt 0.984375 0.90238297
vt 0.695288658 0.90238297
vt 0.695288658 0.515625
vt 0.984375 0.515625
vt 0.984375 0.90238297
vt 0.695288658 0.90238297
vt 0.695288658 0.515625
vt 0.984375 0.515625
vt 0.984375 0.90238297
vt 0.695288658 0.90238297
vt 0.695288658 0.515625
vt 0.984375 0.515625
vt 0.984375 0.90238297
vt 0.695288658 0.90238297
vt 0.695288658 0.515625
vt 0.984375 0.515625
vt 0.984375 0.90238297
vt 0.695288658 0.90238297
vt 0.695288658 0.515625
vt 0.984375 0.515625
vt 0.984375 0.90238297
vt 0.695288658 0.90238297
vt 0.695288658 0.515625
vt 0.984375 0.515625
vt 0.984375 0.90238297
vt 0.695288658 0.90238297
vt 0.695288658 0.515625
vt 0.984375 0.515625
vt 0.984375 0.90238297
vt 0.695288658 0.90238297
vt 0.695288658 0.515625
vt 0.984375 0.515625
vt 0.984375 0.90238297
vt 0.695288658 0.90238297
vt 0.695288658 0.515625
vt 0.984375 0.515625
vt 0.984375 0.90238297
vt 0.695288658 0.90238297
vt 0.695288658 0.515625
vt 0.984375 0.515625
vt 0.984375 0.90238297
vt 0.898301542 0.015625
vt 0.931171238 0.47760722
vt 0.697982669 0.367242306
vt 0.796534419 0.015625
vt 0.898301542 0.015625
vt 0.931171238 0.47760722
vt 0.697982669 0.367242306
vt 0.796534419 0.015625
vt 0.898301542 0.015625
vt 0.931171238 0.47760722
vt 0.697982669 0.367242306
vt 0.796534419 0.015625
vt 0.898301542 0.015625
vt 0.931171238 0.47760722
vt 0.697982669 0.367242306
vt 0.796534419 0.015625
vt 0.898301542 0.015625
vt 0.931171238 0.47760722
vt 0.697982669 0.367242306
vt 0.796534419 0.015625
vt 0.898301542 0.015625
vt 0.931171238 0.47760722
vt 0.697982669 0.367242306
vt 0.796534419 0.015625
vt 0.898301542 0.015625
vt 0.931171238 0.47760722
vt 0.697982669 0.367242306
vt 0.796534419 0.015625
vt 0.898301542 0.015625
vt 0.931171238 0.47760722
vt 0.697982669 0.367242306
vt 0.796534419 0.015625
vt 0.898301542 0.015625
vt 0.931171238 0.47760722
vt 0.697982669 0.367242306
vt 0.796534419 0.015625
vt 0.898301542 0.015625
vt 0.931171238 0.47760722
vt 0.697982669 0.367242306
vt 0.796534419 0.015625
vt 0.898301542 0.015625
vt 0.931171238 0.47760722
vt 0.697982669 0.367242306
vt 0.796534419 0.015625
vt 0.898301542 0.015625
vt 0.931171238 0.47760722
vt 0.697982669 0.367242306
vt 0.796534419 0.015625
vt 0.898301542 0.015625
vt 0.931171238 0.47760722
vt 0.697982669 0.367242306
vt 0.796534419 0.015625
vt 0.898301542 0.015625
vt 0.931171238 0.47760722
vt 0.697982669 0.367242306
vt 0.796534419 0.015625
vt 0.898301542 0.015625
vt 0.931171238 0.47760722
vt 0.697982669 0.367242306
vt 0.796534419 0.015625
vt 0.898301542 0.015625
vt 0.931171238 0.47760722
vt 0.697982669 0.367242306
vt 0.796534419 0.015625
vt 0.898301542 0.015625
vt 0.931171238 0.47760722
vt 0.697982669 0.367242306
vt 0.796534419 0.015625
vt 0.898301542 0.015625
vt 0.931171238 0.47760722
vt 0.697982669 0.367242306
vt 0.796534419 0.015625
vt 0.898301542 0.015625
vt 0.931171238 0.47760722
vt 0.697982669 0.367242306
vt 0.796534419 0.015625
vt 0.898301542 0.015625
vt 0.931171238 0.47760722
vt 0.697982669 0.367242306
vt 0.796534419 0.015625
vt 0.898301542 0.015625
vt 0.931171238 0.47760722
vt 0.697982669 0.367242306
vt 0.796534419 0.015625
vt 0.898301542 0.015625
vt 0.931171238 0.47760722
vt 0.697982669 0.367242306
vt 0.796534419 0.015625
vt 0.898301542 0.015625
vt 0.931171238 0.47760722
vt 0.697982669 0.367242306
vt 0.796534419 0.015625
vt 0.898301542 0.015625
vt 0.931171238 0.47760722
vt 0.697982669 0.367242306
vt 0.796534419 0.015625
vt 0.898301542 0.015625
vt 0.931171238 0.47760722
vt 0.697982669 0.367242306
vt 0.796534419 0.015625
vt 0.898301542 0.015625
vt 0.931171238 0.47760722
vt 0.697982669 0.367242306
vt 0.796534419 0.015625
vt 0.898301542 0.015625
vt 0.931171238 0.47760722
vt 0.697982669 0.367242306
vt 0.796534419 0.015625
vt 0.898301542 0.015625
vt 0.931171238 0.47760722
vt 0.697982669 0.367242306
vt 0.796534419 0.015625
vt 0.898301542 0.015625
vt 0.931171238 0.47760722
vt 0.697982669 0.367242306
vt 0.796534419 0.015625
vt 0.898301542 0.015625
vt 0.931171238 0.47760722
vt 0.697982669 0.367242306
vt 0.796534419 0.015625
vt 0.898301542 0.015625
vt 0.931171238 0.47760722
vt 0.697982669 0.367242306
vt 0.796534419 0.015625
vt 0.898301542 0.015625
vt 0.931171238 0.47760722
vt 0.697982669 0.367242306
vt 0.796534419 0.015625
vt 0.898301542 0.015625
vt 0.931171238 0.47760722
vt 0.697982669 0.367242306
vt 0.796534419 0.015625
vt 0.898301542 0.015625
vt 0.931171238 0.47760722
vt 0.697982669 0.367242306
vt 0.796534419 0.015625
vt 0.898301542 0.015625
vt 0.931171238 0.47760722
vt 0.697982669 0.367242306
vt 0.796534419 0.015625
vt 0.898301542 0.015625
vt 0.931171238 0.47760722
vt 0.697982669 0.367242306
vt 0.796534419 0.015625
vt 0.898301542 0.015625
vt 0.931171238 0.47760722
vt 0.697982669 0.367242306
vt 0.796534419 0.015625
vt 0.898301542 0.015625
vt 0.931171238 0.47760722
vt 0.697982669 0.367242306
vt 0.796534419 0.015625
vt 0.898301542 0.015625
vt 0.931171238 0.47760722
vt 0.697982669 0.367242306
vt 0.796534419 0.015625
vt 0.898301542 0.015625
vt 0.931171238 0.47760722
vt 0.697982669 0.367242306
vt 0.796534419 0.015625
vt 0.898301542 0.015625
vt 0.931171238 0.47760722
vt 0.697982669 0.367242306
vt 0.796534419 0.015625
vt 0.898301542 0.015625
vt 0.931171238 0.47760722
vt 0.697982669 0.367242306
vt 0.796534419 0.015625
vt 0.898301542 0.015625
vt 0.931171238 0.47760722
vt 0.697982669 0.367242306
vt 0.796534419 0.015625
vt 0.898301542 0.015625
vt 0.931171238 0.47760722
vt 0.697982669 0.367242306
vt 0.796534419 0.015625
vt 0.898301542 0.015625
vt 0.931171238 0.47760722
vt 0.697982669 0.367242306
vt 0.796534419 0.015625
vt 0.898301542 0.015625
vt 0.931171238 0.47760722
vt 0.697982669 0.367242306
vt 0.796534419 0.015625
vt 0.898301542 0.015625
vt 0.931171238 0.47760722
vt 0.697982669 0.367242306
vt 0.796534419 0.015625
vt 0.898301542 0.015625
vt 0.931171238 0.47760722
vt 0.697982669 0.367242306
vt 0.796534419 0.015625
vt 0.898301542 0.015625
vt 0.931171238 0.47760722
vt 0.697982669 0.367242306
vt 0.796534419 0.015625
vt 0.898301542 0.015625
vt 0.931171238 0.47760722
vt 0.697982669 0.367242306
vt 0.796534419 0.015625
vt 0.898301542 0.015625
vt 0.931171238 0.47760722
vt 0.697982669 0.367242306
vt 0.796534419 0.015625
vt 0.898301542 0.015625
vt 0.931171238 0.47760722
vt 0.697982669 0.367242306
vt 0.796534419 0.015625
vt 0.898301542 0.015625
vt 0.931171238 0.47760722
vt 0.697982669 0.367242306
vt 0.796534419 0.015625
vt 0.898301542 0.015625
vt 0.931171238 0.47760722
vt 0.697982669 0.367242306
vt 0.796534419 0.015625
vt 0.898301542 0.015625
vt 0.931171238 0.47760722
vt 0.697982669 0.367242306
vt 0.796534419 0.015625
vt 0.898301542 0.015625
vt 0.931171238 0.47760722
vt 0.697982669 0.367242306
vt 0.796534419 0.015625
vt 0.898301542 0.015625
vt 0.931171238 0.47760722
vt 0.697982669 0.367242306
vt 0.796534419 0.015625
vt 0.898301542 0.015625
vt 0.931171238 0.47760722
vt 0.697982669 0.367242306
vt 0.796534419 0.015625
vt 0.898301542 0.015625
vt 0.931171238 0.47760722
vt 0.697982669 0.367242306
vt 0.796534419 0.015625
vt 0.898301542 0.015625
vt 0.931171238 0.47760722
vt 0.697982669 0.367242306
vt 0.796534419 0.015625
vt 0.898301542 0.015625
vt 0.931171238 0.47760722
vt 0.697982669 0.367242306
vt 0.796534419 0.015625
vt 0.898301542 0.015625
vt 0.931171238 0.47760722
vt 0.697982669 0.367242306
vt 0.796534419 0.015625
vt 0.898301542 0.015625
vt 0.931171238 0.47760722
vt 0.697982669 0.367242306
vt 0.796534419 0.015625
vt 0.898301542 0.015625
vt 0.931171238 0.47760722
vt 0.697982669 0.367242306
vt 0.796534419 0.015625
vt 0.898301542 0.015625
vt 0.931171238 0.47760722
vt 0.697982669 0.367242306
vt 0.796534419 0.015625
vt 0.898301542 0.015625
vt 0.931171238 0.47760722
vt 0.697982669 0.367242306
vt 0.796534419 0.015625
vt 0.898301542 0.015625
vt 0.931171238 0.47760722
vt 0.697982669 0.367242306
vt 0.796534419 0.015625
vt 0.898301542 0.015625
vt 0.931171238 0.47760722
vt 0.697982669 0.367242306
vt 0.796534419 0.015625
vt 0.898301542 0.015625
vt 0.931171238 0.47760722
vt 0.697982669 0.367242306
vt 0.796534419 0.015625
vt 0.898301542 0.015625
vt 0.931171238 0.47760722
vt 0.697982669 0.367242306
vt 0.796534419 0.015625
vt 0.898301542 0.015625
vt 0.931171238 0.47760722
vt 0.697982669 0.367242306
vt 0.796534419 0.015625
vt 0.898301542 0.015625
vt 0.931171238 0.47760722
vt 0.697982669 0.367242306
vt 0.796534419 0.015625
vt 0.898301542 0.015625
vt 0.931171238 0.47760722
vt 0.697982669 0.367242306
vt 0.796534419 0.015625
vt 0.898301542 0.015625
vt 0.931171238 0.47760722
vt 0.697982669 0.367242306
vt 0.796534419 0.015625
vt 0.898301542 0.015625
vt 0.931171238 0.47760722
vt 0.697982669 0.367242306
vt 0.796534419 0.015625
vt 0.898301542 0.015625
vt 0.931171238 0.47760722
vt 0.697982669 0.367242306
vt 0.796534419 0.015625
vt 0.898301542 0.015625
vt 0.931171238 0.47760722
vt 0.697982669 0.367242306
vt 0.796534419 0.015625
vt 0.898301542 0.015625
vt 0.931171238 0.47760722
vt 0.697982669 0.367242306
vt 0.796534419 0.015625
vt 0.898301542 0.015625
vt 0.931171238 0.47760722
vt 0.697982669 0.367242306
vt 0.796534419 0.015625
vt 0.898301542 0.015625
vt 0.931171238 0.47760722
vt 0.697982669 0.367242306
vt 0.796534419 0.015625
vt 0.898301542 0.015625
vt 0.931171238 0.47760722
vt 0.697982669 0.367242306
vt 0.796534419 0.015625
vt 0.898301542 0.015625
vt 0.931171238 0.47760722
vt 0.697982669 0.367242306
vt 0.796534419 0.015625
vt 0.898301542 0.015625
vt 0.931171238 0.47760722
vt 0.697982669 0.367242306
vt 0.796534419 0.015625
vt 0.898301542 0.015625
vt 0.931171238 0.47760722
vt 0.697982669 0.367242306
vt 0.796534419 0.015625
vt 0.898301542 0.015625
vt 0.931171238 0.47760722
vt 0.697982669 0.367242306
vt 0.796534419 0.015625
vt 0.898301542 0.015625
vt 0.931171238 0.47760722
vt 0.697982669 0.367242306
vt 0.796534419 0.015625
vt 0.898301542 0.015625
vt 0.931171238 0.47760722
vt 0.697982669 0.367242306
vt 0.796534419 0.015625
vt 0.898301542 0.015625
vt 0.931171238 0.47760722
vt 0.697982669 0.367242306
vt 0.796534419 0.015625
vt 0.898301542 0.015625
vt 0.931171238 0.47760722
vt 0.697982669 0.367242306
vt 0.796534419 0.015625
vt 0.898301542 0.015625
vt 0.931171238 0.47760722
vt 0.697982669 0.367242306
vt 0.796534419 0.015625
vt 0.898301542 0.015625
vt 0.931171238 0.47760722
vt 0.697982669 0.367242306
vt 0.796534419 0.015625
vt 0.898301542 0.015625
vt 0.931171238 0.47760722
vt 0.697982669 0.367242306
vt 0.796534419 0.015625
vt 0.898301542 0.015625
vt 0.931171238 0.47760722
vt 0.697982669 0.367242306
vt 0.796534419 0.015625
vt 0.898301542 0.015625
vt 0.931171238 0.47760722
vt 0.697982669 0.367242306
vt 0.796534419 0.015625
vt 0.898301542 0.015625
vt 0.931171238 0.47760722
vt 0.697982669 0.367242306
vt 0.796534419 0.015625
vt 0.898301542 0.015625
vt 0.931171238 0.47760722
vt 0.697982669 0.367242306
vt 0.796534419 0.015625
vt 0.898301542 0.015625
vt 0.931171238 0.47760722
vt 0.697982669 0.367242306
vt 0.796534419 0.015625
vt 0.898301542 0.015625
vt 0.931171238 0.47760722
vt 0.697982669 0.367242306
vt 0.796534419 0.015625
vt 0.898301542 0.015625
vt 0.931171238 0.47760722
vt 0.697982669 0.367242306
vt 0.796534419 0.015625
vt 0.898301542 0.015625
vt 0.931171238 0.47760722
vt 0.697982669 0.367242306
vt 0.796534419 0.015625
vt 0.898301542 0.015625
vt 0.931171238 0.47760722
vt 0.697982669 0.367242306
vt 0.796534419 0.015625
vt 0.898301542 0.015625
vt 0.931171238 0.47760722
vt 0.697982669 0.367242306
vt 0.796534419 0.015625
vt 0.898301542 0.015625
vt 0.931171238 0.47760722
vt 0.697982669 0.367242306
vt 0.796534419 0.015625
vt 0.898301542 0.015625
vt 0.931171238 0.47760722
vt 0.697982669 0.367242306
vt 0.796534419 0.015625
vt 0.898301542 0.015625
vt 0.931171238 0.47760722
vt 0.697982669 0.367242306
vt 0.796534419 0.015625
vt 0.898301542 0.015625
vt 0.931171238 0.47760722
vt 0.697982669 0.367242306
vt 0.796534419 0.015625
vt 0.898301542 0.015625
vt 0.931171238 0.47760722
vt 0.697982669 0.367242306
vt 0.796534419 0.015625
vt 0.898301542 0.015625
vt 0.931171238 0.47760722
vt 0.697982669 0.367242306
vt 0.796534419 0.015625
vt 0.898301542 0.015625
vt 0.931171238 0.47760722
vt 0.697982669 0.367242306
vt 0.796534419 0.015625
vt 0.898301542 0.015625
vt 0.931171238 0.47760722
vt 0.697982669 0.367242306
vt 0.796534419 0.015625
vt 0.898301542 0.015625
vt 0.931171238 0.47760722
vt 0.697982669 0.367242306
vt 0.796534419 0.015625
vt 0.898301542 0.015625
vt 0.931171238 0.47760722
vt 0.697982669 0.367242306
vt 0.796534419 0.015625
vt 0.898301542 0.015625
vt 0.931171238 0.47760722
vt 0.697982669 0.367242306
vt 0.796534419 0.015625
vt 0.898301542 0.015625
vt 0.931171238 0.47760722
vt 0.697982669 0.367242306
vt 0.796534419 0.015625
vt 0.898301542 0.015625
vt 0.931171238 0.47760722
vt 0.697982669 0.367242306
vt 0.796534419 0.015625
vt 0.898301542 0.015625
vt 0.931171238 0.47760722
vt 0.697982669 0.367242306
vt 0.796534419 0.015625
vt 0.898301542 0.015625
vt 0.931171238 0.47760722
vt 0.697982669 0.367242306
vt 0.796534419 0.015625
vt 0.898301542 0.015625
vt 0.931171238 0.47760722
vt 0.697982669 0.367242306
vt 0.796534419 0.015625
vt 0.898301542 0.015625
vt 0.931171238 0.47760722
vt 0.697982669 0.367242306
vt 0.796534419 0.015625
vt 0.898301542 0.015625
vt 0.931171238 0.47760722
vt 0.697982669 0.367242306
vt 0.796534419 0.015625
vt 0.898301542 0.015625
vt 0.931171238 0.47760722
vt 0.697982669 0.367242306
vt 0.796534419 0.015625
vt 0.898301542 0.015625
vt 0.931171238 0.47760722
vt 0.697982669 0.367242306
vt 0.796534419 0.015625
vt 0.898301542 0.015625
vt 0.931171238 0.47760722
vt 0.697982669 0.367242306
vt 0.796534419 0.015625
vt 0.898301542 0.015625
vt 0.931171238 0.47760722
vt 0.697982669 0.367242306
vt 0.796534419 0.015625
vt 0.898301542 0.015625
vt 0.931171238 0.47760722
vt 0.697982669 0.367242306
vt 0.796534419 0.015625
vt 0.898301542 0.015625
vt 0.931171238 0.47760722
vt 0.697982669 0.367242306
vt 0.796534419 0.015625
vt 0.898301542 0.015625
vt 0.931171238 0.47760722
vt 0.697982669 0.367242306
vt 0.796534419 0.015625
vt 0.898301542 0.015625
vt 0.931171238 0.47760722
vt 0.697982669 0.367242306
vt 0.796534419 0.015625
vt 0.898301542 0.015625
vt 0.931171238 0.47760722
vt 0.697982669 0.367242306
vt 0.796534419 0.015625
vt 0.898301542 0.015625
vt 0.931171238 0.47760722
vt 0.697982669 0.367242306
vt 0.796534419 0.015625
vt 0.898301542 0.015625
vt 0.931171238 0.47760722
vt 0.697982669 0.367242306
vt 0.796534419 0.015625
vt 0.898301542 0.015625
vt 0.931171238 0.47760722
vt 0.697982669 0.367242306
vt 0.796534419 0.015625
vt 0.898301542 0.015625
vt 0.931171238 0.47760722
vt 0.697982669 0.367242306
vt 0.796534419 0.015625
vt 0.898301542 0.015625
vt 0.931171238 0.47760722
vt 0.697982669 0.367242306
vt 0.796534419 0.015625
vt 0.898301542 0.015625
vt 0.931171238 0.47760722
vt 0.697982669 0.367242306
vt 0.796534419 0.015625
vt 0.898301542 0.015625
vt 0.931171238 0.47760722
vt 0.697982669 0.367242306
vt 0.796534419 0.015625
vt 0.898301542 0.015625
vt 0.931171238 0.47760722
vt 0.697982669 0.367242306
vt 0.796534419 0.015625
vt 0.898301542 0.015625
vt 0.931171238 0.47760722
vt 0.697982669 0.367242306
vt 0.796534419 0.015625
vt 0.898301542 0.015625
vt 0.931171238 0.47760722
vt 0.697982669 0.367242306
vt 0.796534419 0.015625
vt 0.898301542 0.015625
vt 0.931171238 0.47760722
vt 0.697982669 0.367242306
vt 0.796534419 0.015625
vt 0.898301542 0.015625
vt 0.931171238 0.47760722
vt 0.697982669 0.367242306
vt 0.796534419 0.015625
vt 0.898301542 0.015625
vt 0.931171238 0.47760722
vt 0.697982669 0.367242306
vt 0.796534419 0.015625
vt 0.898301542 0.015625
vt 0.931171238 0.47760722
vt 0.697982669 0.367242306
vt 0.796534419 0.015625
vt 0.898301542 0.015625
vt 0.931171238 0.47760722
vt 0.697982669 0.367242306
vt 0.796534419 0.015625
vt 0.898301542 0.015625
vt 0.931171238 0.47760722
vt 0.697982669 0.367242306
vt 0.796534419 0.015625
vt 0.898301542 0.015625
vt 0.931171238 0.47760722
vt 0.697982669 0.367242306
vt 0.796534419 0.015625
vt 0.898301542 0.015625
vt 0.931171238 0.47760722
vt 0.697982669 0.367242306
vt 0.796534419 0.015625
vt 0.898301542 0.015625
vt 0.931171238 0.47760722
vt 0.697982669 0.367242306
vt 0.796534419 0.015625
vt 0.898301542 0.015625
vt 0.931171238 0.47760722
vt 0.697982669 0.367242306
vt 0.796534419 0.015625
vt 0.898301542 0.015625
vt 0.931171238 0.47760722
vt 0.697982669 0.367242306
vt 0.796534419 0.015625
vt 0.898301542 0.015625
vt 0.931171238 0.47760722
vt 0.697982669 0.367242306
vt 0.796534419 0.015625
vt 0.898301542 0.015625
vt 0.931171238 0.47760722
vt 0.697982669 0.367242306
vt 0.796534419 0.015625
vt 0.898301542 0.015625
vt 0.931171238 0.47760722
vt 0.697982669 0.367242306
vt 0.796534419 0.015625
vt 0.898301542 0.015625
vt 0.931171238 0.47760722
vt 0.697982669 0.367242306
vt 0.796534419 0.015625
vt 0.898301542 0.015625
vt 0.931171238 0.47760722
vt 0.697982669 0.367242306
vt 0.796534419 0.015625
vt 0.898301542 0.015625
vt 0.931171238 0.47760722
vt 0.697982669 0.367242306
vt 0.796534419 0.015625
vt 0.898301542 0.015625
vt 0.931171238 0.47760722
vt 0.697982669 0.367242306
vt 0.796534419 0.015625
vt 0.898301542 0.015625
vt 0.931171238 0.47760722
vt 0.697982669 0.367242306
vt 0.796534419 0.015625
vt 0.898301542 0.015625
vt 0.931171238 0.47760722
vt 0.697982669 0.367242306
vt 0.796534419 0.015625
vt 0.898301542 0.015625
vt 0.931171238 0.47760722
vt 0.697982669 0.367242306
vt 0.796534419 0.015625
vt 0.898301542 0.015625
vt 0.931171238 0.47760722
vt 0.697982669 0.367242306
vt 0.796534419 0.015625
vt 0.898301542 0.015625
vt 0.931171238 0.47760722
vt 0.697982669 0.367242306
vt 0.796534419 0.015625
vt 0.898301542 0.015625
vt 0.931171238 0.47760722
vt 0.697982669 0.367242306
vt 0.796534419 0.015625
vt 0.898301542 0.015625
vt 0.931171238 0.47760722
vt 0.697982669 0.367242306
vt 0.796534419 0.015625
vt 0.898301542 0.015625
vt 0.931171238 0.47760722
vt 0.697982669 0.367242306
vt 0.796534419 0.015625
vt 0.898301542 0.015625
vt 0.931171238 0.47760722
vt 0.697982669 0.367242306
vt 0.796534419 0.015625
vt 0.898301542 0.015625
vt 0.931171238 0.47760722
vt 0.697982669 0.367242306
vt 0.796534419 0.015625
vt 0.898301542 0.015625
vt 0.931171238 0.47760722
vt 0.697982669 0.367242306
vt 0.796534419 0.015625
vt 0.898301542 0.015625
vt 0.931171238 0.47760722
vt 0.697982669 0.367242306
vt 0.796534419 0.015625
vt 0.898301542 0.015625
vt 0.931171238 0.47760722
vt 0.697982669 0.367242306
vt 0.796534419 0.015625
vt 0.898301542 0.015625
vt 0.931171238 0.47760722
vt 0.697982669 0.367242306
vt 0.796534419 0.015625
vt 0.898301542 0.015625
vt 0.931171238 0.47760722
vt 0.697982669 0.367242306
vt 0.796534419 0.015625
vt 0.898301542 0.015625
vt 0.931171238 0.47760722
vt 0.697982669 0.367242306
vt 0.796534419 0.015625
vt 0.898301542 0.015625
vt 0.931171238 0.47760722
vt 0.697982669 0.367242306
vt 0.796534419 0.015625
vt 0.898301542 0.015625
vt 0.931171238 0.47760722
vt 0.697982669 0.367242306
vt 0.796534419 0.015625
vt 0.898301542 0.015625
vt 0.931171238 0.47760722
vt 0.697982669 0.367242306
vt 0.796534419 0.015625
vt 0.898301542 0.015625
vt 0.931171238 0.47760722
vt 0.697982669 0.367242306
vt 0.796534419 0.015625
vt 0.898301542 0.015625
vt 0.931171238 0.47760722
vt 0.697982669 0.367242306
vt 0.796534419 0.015625
vt 0.898301542 0.015625
vt 0.931171238 0.47760722
vt 0.697982669 0.367242306
vt 0.796534419 0.015625
vt 0.898301542 0.015625
vt 0.931171238 0.47760722
vt 0.697982669 0.367242306
vt 0.796534419 0.015625
vt 0.898301542 0.015625
vt 0.931171238 0.47760722
vt 0.697982669 0.367242306
vt 0.796534419 0.015625
vt 0.898301542 0.015625
vt 0.931171238 0.47760722
vt 0.697982669 0.367242306
vt 0.796534419 0.015625
vt 0.898301542 0.015625
vt 0.931171238 0.47760722
vt 0.697982669 0.367242306
vt 0.796534419 0.015625
vt 0.898301542 0.015625
vt 0.931171238 0.47760722
vt 0.697982669 0.367242306
vt 0.796534419 0.015625
vt 0.898301542 0.015625
vt 0.931171238 0.47760722
vt 0.697982669 0.367242306
vt 0.796534419 0.015625
vt 0.898301542 0.015625
vt 0.931171238 0.47760722
vt 0.697982669 0.367242306
vt 0.796534419 0.015625
vt 0.898301542 0.015625
vt 0.931171238 0.47760722
vt 0.697982669 0.367242306
vt 0.796534419 0.015625
vt 0.898301542 0.015625
vt 0.931171238 0.47760722
vt 0.697982669 0.367242306
vt 0.796534419 0.015625
vt 0.898301542 0.015625
vt 0.931171238 0.47760722
vt 0.697982669 0.367242306
vt 0.796534419 0.015625
vt 0.898301542 0.015625
vt 0.931171238 0.47760722
vt 0.697982669 0.367242306
vt 0.796534419 0.015625
vt 0.898301542 0.015625
vt 0.931171238 0.47760722
vt 0.697982669 0.367242306
vt 0.796534419 0.015625
vt 0.898301542 0.015625
vt 0.931171238 0.47760722
vt 0.697982669 0.367242306
vt 0.796534419 0.015625
vt 0.898301542 0.015625
vt 0.931171238 0.47760722
vt 0.697982669 0.367242306
vt 0.796534419 0.015625
vt 0.898301542 0.015625
vt 0.931171238 0.47760722
vt 0.697982669 0.367242306
vt 0.796534419 0.015625
vt 0.898301542 0.015625
vt 0.931171238 0.47760722
vt 0.697982669 0.367242306
vt 0.796534419 0.015625
vt 0.898301542 0.015625
vt 0.931171238 0.47760722
vt 0.697982669 0.367242306
vt 0.796534419 0.015625
vt 0.898301542 0.015625
vt 0.931171238 0.47760722
vt 0.697982669 0.367242306
vt 0.796534419 0.015625
vt 0.898301542 0.015625
vt 0.931171238 0.47760722
vt 0.697982669 0.367242306
vt 0.796534419 0.015625
vt 0.898301542 0.015625
vt 0.931171238 0.47760722
vt 0.697982669 0.367242306
vt 0.796534419 0.015625
vt 0.898301542 0.015625
vt 0.931171238 0.47760722
vt 0.697982669 0.367242306
vt 0.796534419 0.015625
vt 0.898301542 0.015625
vt 0.931171238 0.47760722
vt 0.697982669 0.367242306
vt 0.796534419 0.015625
vt 0.898301542 0.015625
vt 0.931171238 0.47760722
vt 0.697982669 0.367242306
vt 0.796534419 0.015625
vt 0.898301542 0.015625
vt 0.931171238 0.47760722
vt 0.697982669 0.367242306
vt 0.796534419 0.015625
vt 0.898301542 0.015625
vt 0.931171238 0.47760722
vt 0.697982669 0.367242306
vt 0.796534419 0.015625
vt 0.898301542 0.015625
vt 0.931171238 0.47760722
vt 0.697982669 0.367242306
vt 0.796534419 0.015625
vt 0.898301542 0.015625
vt 0.931171238 0.47760722
vt 0.697982669 0.367242306
vt 0.796534419 0.015625
vt 0.898301542 0.015625
vt 0.931171238 0.47760722
vt 0.697982669 0.367242306
vt 0.796534419 0.015625
vt 0.898301542 0.015625
vt 0.931171238 0.47760722
vt 0.697982669 0.367242306
vt 0.796534419 0.015625
vt 0.898301542 0.015625
vt 0.931171238 0.47760722
vt 0.697982669 0.367242306
vt 0.796534419 0.015625
vt 0.898301542 0.015625
vt 0.931171238 0.47760722
vt 0.697982669 0.367242306
vt 0.796534419 0.015625
vt 0.898301542 0.015625
vt 0.931171238 0.47760722
vt 0.697982669 0.367242306
vt 0.796534419 0.015625
vt 0.898301542 0.015625
vt 0.931171238 0.47760722
vt 0.697982669 0.367242306
vt 0.796534419 0.015625
vt 0.898301542 0.015625
vt 0.931171238 0.47760722
vt 0.697982669 0.367242306
vt 0.796534419 0.015625
vt 0.898301542 0.015625
vt 0.931171238 0.47760722
vt 0.697982669 0.367242306
vt 0.796534419 0.015625
vt 0.898301542 0.015625
vt 0.931171238 0.47760722
vt 0.697982669 0.367242306
vt 0.796534419 0.015625
vt 0.898301542 0.015625
vt 0.931171238 0.47760722
vt 0.697982669 0.367242306
vt 0.796534419 0.015625
vt 0.898301542 0.015625
vt 0.931171238 0.47760722
vt 0.697982669 0.367242306
vt 0.796534419 0.015625
vt 0.898301542 0.015625
vt 0.931171238 0.47760722
vt 0.697982669 0.367242306
vt 0.796534419 0.015625
vt 0.898301542 0.015625
vt 0.931171238 0.47760722
vt 0.697982669 0.367242306
vt 0.796534419 0.015625
vt 0.898301542 0.015625
vt 0.931171238 0.47760722
vt 0.697982669 0.367242306
vt 0.796534419 0.015625
vt 0.898301542 0.015625
vt 0.931171238 0.47760722
vt 0.697982669 0.367242306
vt 0.796534419 0.015625
vt 0.898301542 0.015625
vt 0.931171238 0.47760722
vt 0.697982669 0.367242306
vt 0.796534419 0.015625
vt 0.898301542 0.015625
vt 0.931171238 0.47760722
vt 0.697982669 0.367242306
vt 0.796534419 0.015625
vt 0.898301542 0.015625
vt 0.931171238 0.47760722
vt 0.697982669 0.367242306
vt 0.796534419 0.015625
vt 0.898301542 0.015625
vt 0.931171238 0.47760722
vt 0.697982669 0.367242306
vt 0.796534419 0.015625
vt 0.898301542 0.015625
vt 0.931171238 0.47760722
vt 0.697982669 0.367242306
vt 0.796534419 0.015625
vt 0.898301542 0.015625
vt 0.931171238 0.47760722
vt 0.697982669 0.367242306
vt 0.796534419 0.015625
vt 0.898301542 0.015625
vt 0.931171238 0.47760722
vt 0.697982669 0.367242306
vt 0.796534419 0.015625
vt 0.898301542 0.015625
vt 0.931171238 0.47760722
vt 0.697982669 0.367242306
vt 0.796534419 0.015625
vt 0.898301542 0.015625
vt 0.931171238 0.47760722
vt 0.697982669 0.367242306
vt 0.796534419 0.015625
vt 0.898301542 0.015625
vt 0.931171238 0.47760722
vt 0.697982669 0.367242306
vt 0.796534419 0.015625
vt 0.898301542 0.015625
vt 0.931171238 0.47760722
vt 0.697982669 0.367242306
vt 0.796534419 0.015625
vt 0.898301542 0.015625
vt 0.931171238 0.47760722
vt 0.697982669 0.367242306
vt 0.796534419 0.015625
vt 0.898301542 0.015625
vt 0.931171238 0.47760722
vt 0.697982669 0.367242306
vt 0.796534419 0.015625
vt 0.898301542 0.015625
vt 0.931171238 0.47760722
vt 0.697982669 0.367242306
vt 0.796534419 0.015625
vt 0.898301542 0.015625
vt 0.931171238 0.47760722
vt 0.697982669 0.367242306
vt 0.796534419 0.015625
vt 0.898301542 0.015625
vt 0.931171238 0.47760722
vt 0.697982669 0.367242306
vt 0.796534419 0.015625
vt 0.898301542 0.015625
vt 0.931171238 0.47760722
vt 0.697982669 0.367242306
vt 0.796534419 0.015625
vt 0.898301542 0.015625
vt 0.931171238 0.47760722
vt 0.697982669 0.367242306
vt 0.796534419 0.015625
vt 0.898301542 0.015625
vt 0.931171238 0.47760722
vt 0.697982669 0.367242306
vt 0.796534419 0.015625
vt 0.898301542 0.015625
vt 0.931171238 0.47760722
vt 0.697982669 0.367242306
vt 0.796534419 0.015625
vt 0.898301542 0.015625
vt 0.931171238 0.47760722
vt 0.697982669 0.367242306
vt 0.796534419 0.015625
vt 0.898301542 0.015625
vt 0.931171238 0.47760722
vt 0.697982669 0.367242306
vt 0.796534419 0.015625
vt 0.898301542 0.015625
vt 0.931171238 0.47760722
vt 0.697982669 0.367242306
vt 0.796534419 0.015625
vt 0.898301542 0.015625
vt 0.931171238 0.47760722
vt 0.697982669 0.367242306
vt 0.796534419 0.015625
vt 0.898301542 0.015625
vt 0.931171238 0.47760722
vt 0.697982669 0.367242306
vt 0.796534419 0.015625
vt 0.898301542 0.015625
vt 0.931171238 0.47760722
vt 0.697982669 0.367242306
vt 0.796534419 0.015625
vt 0.898301542 0.015625
vt 0.931171238 0.47760722
vt 0.697982669 0.367242306
vt 0.796534419 0.015625
vt 0.898301542 0.015625
vt 0.931171238 0.47760722
vt 0.697982669 0.367242306
vt 0.796534419 0.015625
vt 0.898301542 0.015625
vt 0.931171238 0.47760722
vt 0.697982669 0.367242306
vt 0.796534419 0.015625
vt 0.898301542 0.015625
vt 0.931171238 0.47760722
vt 0.697982669 0.367242306
vt 0.796534419 0.015625
vt 0.898301542 0.015625
vt 0.931171238 0.47760722
vt 0.697982669 0.367242306
vt 0.796534419 0.015625
vt 0.898301542 0.015625
vt 0.931171238 0.47760722
vt 0.697982669 0.367242306
vt 0.796534419 0.015625
vt 0.898301542 0.015625
vt 0.931171238 0.47760722
vt 0.697982669 0.367242306
vt 0.796534419 0.015625
vt 0.898301542 0.015625
vt 0.931171238 0.47760722
vt 0.697982669 0.367242306
vt 0.796534419 0.015625
vt 0.898301542 0.015625
vt 0.931171238 0.47760722
vt 0.697982669 0.367242306
vt 0.796534419 0.015625
vt 0.898301542 0.015625
vt 0.931171238 0.47760722
vt 0.697982669 0.367242306
vt 0.796534419 0.015625
vt 0.898301542 0.015625
vt 0.931171238 0.47760722
vt 0.697982669 0.367242306
vt 0.796534419 0.015625
vt 0.898301542 0.015625
vt 0.931171238 0.47760722
vt 0.697982669 0.367242306
vt 0.796534419 0.015625
vt 0.898301542 0.015625
vt 0.931171238 0.47760722
vt 0.697982669 0.367242306
vt 0.796534419 0.015625
vt 0.898301542 0.015625
vt 0.931171238 0.47760722
vt 0.697982669 0.367242306
vt 0.796534419 0.015625
vt 0.898301542 0.015625
vt 0.931171238 0.47760722
vt 0.697982669 0.367242306
vt 0.796534419 0.015625
vt 0.898301542 0.015625
vt 0.931171238 0.47760722
vt 0.697982669 0.367242306
vt 0.796534419 0.015625
vt 0.898301542 0.015625
vt 0.931171238 0.47760722
vt 0.697982669 0.367242306
vt 0.796534419 0.015625
vt 0.898301542 0.015625
vt 0.931171238 0.47760722
vt 0.697982669 0.367242306
vt 0.796534419 0.015625
vt 0.898301542 0.015625
vt 0.931171238 0.47760722
vt 0.697982669 0.367242306
vt 0.796534419 0.015625
vt 0.898301542 0.015625
vt 0.931171238 0.47760722
vt 0.697982669 0.367242306
vt 0.796534419 0.015625
vt 0.898301542 0.015625
vt 0.931171238 0.47760722
vt 0.697982669 0.367242306
vt 0.796534419 0.015625
vt 0.898301542 0.015625
vt 0.931171238 0.47760722
vt 0.697982669 0.367242306
vt 0.796534419 0.015625
vt 0.898301542 0.015625
vt 0.931171238 0.47760722
vt 0.697982669 0.367242306
vt 0.796534419 0.015625
vt 0.898301542 0.015625
vt 0.931171238 0.47760722
vt 0.697982669 0.367242306
vt 0.796534419 0.015625
vt 0.898301542 0.015625
vt 0.931171238 0.47760722
vt 0.697982669 0.367242306
vt 0.796534419 0.015625
vt 0.898301542 0.015625
vt 0.931171238 0.47760722
vt 0.697982669 0.367242306
vt 0.796534419 0.015625
vt 0.898301542 0.015625
vt 0.931171238 0.47760722
vt 0.697982669 0.367242306
vt 0.796534419 0.015625
vt 0.898301542 0.015625
vt 0.931171238 0.47760722
vt 0.697982669 0.367242306
vt 0.796534419 0.015625
vt 0.898301542 0.015625
vt 0.931171238 0.47760722
vt 0.697982669 0.367242306
vt 0.796534419 0.015625
vt 0.898301542 0.015625
vt 0.931171238 0.47760722
vt 0.697982669 0.367242306
vt 0.796534419 0.015625
vt 0.898301542 0.015625
vt 0.931171238 0.47760722
vt 0.697982669 0.367242306
vt 0.796534419 0.015625
vt 0.898301542 0.015625
vt 0.931171238 0.47760722
vt 0.697982669 0.367242306
vt 0.796534419 0.015625
vt 0.898301542 0.015625
vt 0.931171238 0.47760722
vt 0.697982669 0.367242306
vt 0.796534419 0.015625
vt 0.898301542 0.015625
vt 0.931171238 0.47760722
vt 0.697982669 0.367242306
vt 0.796534419 0.015625
vt 0.898301542 0.015625
vt 0.931171238 0.47760722
vt 0.697982669 0.367242306
vt 0.796534419 0.015625
vt 0.898301542 0.015625
vt 0.931171238 0.47760722
vt 0.697982669 0.367242306
vt 0.796534419 0.015625
vt 0.898301542 0.015625
vt 0.931171238 0.47760722
vt 0.697982669 0.367242306
vt 0.796534419 0.015625
vt 0.898301542 0.015625
vt 0.931171238 0.47760722
vt 0.697982669 0.367242306
vt 0.796534419 0.015625
vt 0.898301542 0.015625
vt 0.931171238 0.47760722
vt 0.697982669 0.367242306
vt 0.796534419 0.015625
vt 0.898301542 0.015625
vt 0.931171238 0.47760722
vt 0.697982669 0.367242306
vt 0.796534419 0.015625
vt 0.898301542 0.015625
vt 0.931171238 0.47760722
vt 0.697982669 0.367242306
vt 0.796534419 0.015625
vt 0.898301542 0.015625
vt 0.931171238 0.47760722
vt 0.697982669 0.367242306
vt 0.796534419 0.015625
vt 0.898301542 0.015625
vt 0.931171238 0.47760722
vt 0.697982669 0.367242306
vt 0.796534419 0.015625
vt 0.898301542 0.015625
vt 0.931171238 0.47760722
vt 0.697982669 0.367242306
vt 0.796534419 0.015625
vt 0.898301542 0.015625
vt 0.931171238 0.47760722
vt 0.697982669 0.367242306
vt 0.796534419 0.015625
vt 0.898301542 0.015625
vt 0.931171238 0.47760722
vt 0.697982669 0.367242306
vt 0.796534419 0.015625
vt 0.898301542 0.015625
vt 0.931171238 0.47760722
vt 0.697982669 0.367242306
vt 0.796534419 0.015625
vt 0.898301542 0.015625
vt 0.931171238 0.47760722
vt 0.697982669 0.367242306
vt 0.796534419 0.015625
vt 0.898301542 0.015625
vt 0.931171238 0.47760722
vt 0.697982669 0.367242306
vt 0.796534419 0.015625
vt 0.898301542 0.015625
vt 0.931171238 0.47760722
vt 0.697982669 0.367242306
vt 0.796534419 0.015625
vt 0.898301542 0.015625
vt 0.931171238 0.47760722
vt 0.697982669 0.367242306
vt 0.796534419 0.015625
vt 0.898301542 0.015625
vt 0.931171238 0.47760722
vt 0.697982669 0.367242306
vt 0.796534419 0.015625
vt 0.898301542 0.015625
vt 0.931171238 0.47760722
vt 0.697982669 0.367242306
vt 0.796534419 0.015625
vt 0.898301542 0.015625
vt 0.931171238 0.47760722
vt 0.697982669 0.367242306
vt 0.796534419 0.015625
vt 0.898301542 0.015625
vt 0.931171238 0.47760722
vt 0.697982669 0.367242306
vt 0.796534419 0.015625
vt 0.898301542 0.015625
vt 0.931171238 0.47760722
vt 0.697982669 0.367242306
vt 0.796534419 0.015625
vt 0.898301542 0.015625
vt 0.931171238 0.47760722
vt 0.697982669 0.367242306
vt 0.796534419 0.015625
vt 0.898301542 0.015625
vt 0.931171238 0.47760722
vt 0.697982669 0.367242306
vt 0.796534419 0.015625
vt 0.898301542 0.015625
vt 0.931171238 0.47760722
vt 0.697982669 0.367242306
vt 0.796534419 0.015625
vt 0.898301542 0.015625
vt 0.931171238 0.47760722
vt 0.697982669 0.367242306
vt 0.796534419 0.015625
vt 0.898301542 0.015625
vt 0.931171238 0.47760722
vt 0.697982669 0.367242306
vt 0.796534419 0.015625
vt 0.898301542 0.015625
vt 0.931171238 0.47760722
vt 0.697982669 0.367242306
vt 0.796534419 0.015625
vt 0.898301542 0.015625
vt 0.931171238 0.47760722
vt 0.697982669 0.367242306
vt 0.796534419 0.015625
vt 0.898301542 0.015625
vt 0.931171238 0.47760722
vt 0.697982669 0.367242306
vt 0.796534419 0.015625
vt 0.898301542 0.015625
vt 0.931171238 0.47760722
vt 0.697982669 0.367242306
vt 0.796534419 0.015625
vt 0.898301542 0.015625
vt 0.931171238 0.47760722
vt 0.697982669 0.367242306
vt 0.796534419 0.015625
vt 0.898301542 0.015625
vt 0.931171238 0.47760722
vt 0.697982669 0.367242306
vt 0.796534419 0.015625
vt 0.898301542 0.015625
vt 0.931171238 0.47760722
vt 0.697982669 0.367242306
vt 0.796534419 0.015625
vt 0.898301542 0.015625
vt 0.931171238 0.47760722
vt 0.697982669 0.367242306
vt 0.796534419 0.015625
vt 0.898301542 0.015625
vt 0.931171238 0.47760722
vt 0.697982669 0.367242306
vt 0.796534419 0.015625
vt 0.898301542 0.015625
vt 0.931171238 0.47760722
vt 0.697982669 0.367242306
vt 0.796534419 0.015625
vt 0.898301542 0.015625
vt 0.931171238 0.47760722
vt 0.697982669 0.367242306
vt 0.796534419 0.015625
vt 0.898301542 0.015625
vt 0.931171238 0.47760722
vt 0.697982669 0.367242306
vt 0.796534419 0.015625
vt 0.898301542 0.015625
vt 0.931171238 0.47760722
vt 0.697982669 0.367242306
vt 0.796534419 0.015625
vt 0.898301542 0.015625
vt 0.931171238 0.47760722
vt 0.697982669 0.367242306
vt 0.796534419 0.015625
vt 0.898301542 0.015625
vt 0.931171238 0.47760722
vt 0.697982669 0.367242306
vt 0.796534419 0.015625
vt 0.898301542 0.015625
vt 0.931171238 0.47760722
vt 0.697982669 0.367242306
vt 0.796534419 0.015625
vt 0.898301542 0.015625
vt 0.931171238 0.47760722
vt 0.697982669 0.367242306
vt 0.796534419 0.015625
vt 0.898301542 0.015625
vt 0.931171238 0.47760722
vt 0.697982669 0.367242306
vt 0.796534419 0.015625
vt 0.898301542 0.015625
vt 0.931171238 0.47760722
vt 0.697982669 0.367242306
vt 0.796534419 0.015625
vt 0.898301542 0.015625
vt 0.931171238 0.47760722
vt 0.697982669 0.367242306
vt 0.796534419 0.015625
vt 0.898301542 0.015625
vt 0.931171238 0.47760722
vt 0.697982669 0.367242306
vt 0.796534419 0.015625
vt 0.898301542 0.015625
vt 0.931171238 0.47760722
vt 0.697982669 0.367242306
vt 0.796534419 0.015625
vt 0.898301542 0.015625
vt 0.931171238 0.47760722
vt 0.697982669 0.367242306
vt 0.796534419 0.015625
vt 0.898301542 0.015625
vt 0.931171238 0.47760722
vt 0.697982669 0.367242306
vt 0.796534419 0.015625
vt 0.898301542 0.015625
vt 0.931171238 0.47760722
vt 0.697982669 0.367242306
vt 0.796534419 0.015625
vt 0.898301542 0.015625
vt 0.931171238 0.47760722
vt 0.697982669 0.367242306
vt 0.796534419 0.015625
vt 0.898301542 0.015625
vt 0.931171238 0.47760722
vt 0.697982669 0.367242306
vt 0.796534419 0.015625
vt 0.898301542 0.015625
vt 0.931171238 0.47760722
vt 0.697982669 0.367242306
vt 0.796534419 0.015625
vt 0.898301542 0.015625
vt 0.931171238 0.47760722
vt 0.697982669 0.367242306
vt 0.796534419 0.015625
vt 0.898301542 0.015625
vt 0.931171238 0.47760722
vt 0.697982669 0.367242306
vt 0.796534419 0.015625
vt 0.898301542 0.015625
vt 0.931171238 0.47760722
vt 0.697982669 0.367242306
vt 0.796534419 0.015625
vt 0.898301542 0.015625
vt 0.931171238 0.47760722
vt 0.697982669 0.367242306
vt 0.796534419 0.015625
vt 0.898301542 0.015625
vt 0.931171238 0.47760722
vt 0.697982669 0.367242306
vt 0.796534419 0.015625
vt 0.898301542 0.015625
vt 0.931171238 0.47760722
vt 0.697982669 0.367242306
vt 0.796534419 0.015625
vt 0.898301542 0.015625
vt 0.931171238 0.47760722
vt 0.697982669 0.367242306
vt 0.796534419 0.015625
vt 0.898301542 0.015625
vt 0.931171238 0.47760722
vt 0.697982669 0.367242306
vt 0.796534419 0.015625
vt 0.898301542 0.015625
vt 0.931171238 0.47760722
vt 0.697982669 0.367242306
vt 0.796534419 0.015625
vt 0.898301542 0.015625
vt 0.931171238 0.47760722
vt 0.697982669 0.367242306
vt 0.796534419 0.015625
vt 0.898301542 0.015625
vt 0.931171238 0.47760722
vt 0.697982669 0.367242306
vt 0.796534419 0.015625
vt 0.898301542 0.015625
vt 0.931171238 0.47760722
vt 0.697982669 0.367242306
vt 0.796534419 0.015625
vt 0.898301542 0.015625
vt 0.931171238 0.47760722
vt 0.697982669 0.367242306
vt 0.796534419 0.015625
vt 0.898301542 0.015625
vt 0.931171238 0.47760722
vt 0.697982669 0.367242306
vt 0.796534419 0.015625
vn -0.566994786 -0.0210934989 0.823451281
vn -0.290800214 -0.0210934971 0.956551254
vn -0.337927282 -0.0210934989 0.94093585
vn -0.874840975 -0.0210934989 0.483950794
vn -0.712844729 -0.0210934989 0.701004684
vn -0.190112919 -0.0210934971 0.981535614
vn -0.36635077 -0.0210934971 0.93023771
vn -0.953511 -0.0210934989 0.300619155
vn -0.739134431 -0.0210934989 -0.673227608
vn -0.836357355 -0.0210934989 -0.547778726
vn -0.913733125 -0.0210934989 0.405767083
vn -0.994852126 -0.0210934989 0.0991180912
vn -0.31183213 -0.0210934989 -0.949903071
vn 0.345526874 -0.0210934971 -0.938171744
vn 0.353396833 -0.0210934989 -0.935235679
vn -0.441328704 -0.0210934989 -0.897097588
vn -0.584653497 -0.0210934989 -0.81100893
vn -0.0518594719 -0.0210934989 -0.998431623
vn 0.624712706 -0.0210934989 -0.780569792
vn -0.109752245 -0.0210934989 -0.993735135
vn -0.122094594 -0.0210934989 -0.992294312
vn 0.92095226 -0.0210934989 -0.389104158
vn 0.846397281 -0.0210934971 0.532134235
vn 0.877272904 -0.0210934971 0.479528219
vn 0.980527997 -0.0210934989 -0.195243284
vn 0.870209575 -0.0210934971 0.492229998
vn 0.78836745 -0.0210934989 0.614843011
vn 0.799247742 -0.0210934989 0.600631535
vn 0.744547784 -0.0210934989 0.667235911
vn 0.920344293 -0.0210934971 0.390540034
vn 0.818915486 -0.0210934971 0.573526382
vn 0.0582958199 -0.0210934989 0.998076499
vn -0.566994786 -0.0210934989 0.823451281
vn -0.0699679703 0.0326913148 0.99701345
vn -0.42883122 0.0328856371 0.902785897
vn -0.643704772 0.0310486685 0.764643788
vn -0.745454609 0.0293823779 0.665908456
vn -0.985260725 0.0191636495 0.169982553
vn -0.984551549 0.0109189264 -0.174754187
vn -0.933854461 0.00620293571 -0.357599437
vn -0.475354701 -0.00940317288 -0.879743993
vn -0.180801213 -0.0138893919 -0.983421624
vn -0.102241784 -0.0146933766 -0.994651079
vn 0.223525733 -0.0164340679 -0.974559486
vn 0.490239024 -0.0157877486 -0.87144506
vn 0.928996503 -0.00679407595 -0.370026201
vn 0.999606192 0.00223752367 0.0279735867
vn 0.986173213 0.00561918784 0.165622666
vn 0.83245033 0.0159470774 0.553870201
vn 0.71350491 0.020259317 0.700357318
vn 0.40660584 0.0274387617 0.913191617
vn -0.0699679703 0.0326913148 0.99701345
vn -0.0250726026 0.0823356807 0.996289253
vn -0.512925625 0.0840307325 0.854310334
vn -0.867134631 0.0712052286 0.49295786
vn -0.998890996 0.0470353439 0.00210591662
vn -0.86879313 0.0174749661 -0.494866788
vn -0.50055021 -0.00981711689 -0.865651846
vn 0.00501224538 -0.0268729441 -0.999626279
vn 0.498352498 -0.0291549135 -0.866484165
vn 0.859543383 -0.0167720784 -0.510787606
vn 0.999825001 0.00738255912 -0.017190475
vn 0.872838676 0.0372530818 0.486584961
vn 0.492107481 0.0653690696 0.868076682
vn -0.0250726026 0.0823356807 0.996289253
vn -0.0224326905 0.15795511 0.987191439
vn -0.590373874 0.173471048 0.78826803
vn -0.944065034 0.143632025 0.296835244
vn -0.946584642 0.07827539 -0.312810719
vn -0.582687378 0.000911744661 -0.81269592
vn 0.0107543133 -0.0575851351 -0.998282731
vn 0.588863254 -0.0743469596 -0.804805934
vn 0.945510149 -0.0456673242 -0.322374344
vn 0.959509432 0.018278474 0.281083107
vn 0.587663352 0.0985352322 0.803083181
vn -0.0224326905 0.15795511 0.987191439
vn 0.0101037081 0.563507736 0.82604897
vn -0.50936389 0.562716782 0.651074708
vn -0.831389487 0.513248861 0.212995559
vn -0.837069213 0.431991577 -0.335705847
vn -0.508493245 0.348959714 -0.787185907
vn 0.0322425105 0.297924787 -0.9540447
vn 0.557390571 0.299119949 -0.774495363
vn 0.873303771 0.348251164 -0.340678334
vn 0.883953929 0.426749259 0.191077337
vn 0.558936417 0.511149526 0.652929008
vn 0.0101037081 0.563507736 0.82604897
vn 0.0124727245 0.599918485 0.799963951
vn -0.495743781 0.59882462 0.629004955
vn -0.810626566 0.550044 0.200838834
vn -0.816250741 0.470241576 -0.335570663
vn -0.495015085 0.388909578 -0.776987433
vn 0.0337747037 0.339141667 -0.940128863
vn 0.547313333 0.340684414 -0.764449
vn 0.856018126 0.38916713 -0.34026742
vn 0.866284728 0.466241241 0.179359868
vn 0.548898101 0.548835099 0.630468905
vn 0.0124727245 0.599918485 0.799963951
vn 0.0313669294 0.880426288 0.473144472
vn -0.318962574 0.878072977 0.356722265
vn -0.534764886 0.842545807 0.0643669441
vn -0.539020896 0.786057115 -0.302606672
vn -0.319152504 0.729563236 -0.604879439
vn 0.0436003134 0.696127057 -0.716593444
vn 0.395887822 0.699131668 -0.59538871
vn 0.606236696 0.73467207 -0.304522693
vn 0.612224698 0.789118528 0.0497281142
vn 0.397459537 0.845934093 0.355557978
vn 0.0313669294 0.880426288 0.473144472
vn 0.0314583071 0.881535113 0.471069247
vn -0.317811668 0.879183114 0.355011016
vn -0.532948017 0.843757093 0.0635649115
vn -0.537193894 0.787434936 -0.302272916
vn -0.318005681 0.731112063 -0.603612185
vn 0.0436319225 0.697781682 -0.714980483
vn 0.394836575 0.700785995 -0.594140708
vn 0.604525864 0.736227512 -0.304167122
vn 0.61048466 0.790512383 0.048976928
vn 0.396407425 0.847150505 0.353832275
vn 0.0314583071 0.881535113 0.471069247
vn 0.038420748 0.969825089 0.240755394
vn -0.188619554 0.967933536 0.16591385
vn -0.327796668 0.944485545 -0.0222802591
vn -0.330683917 0.907575428 -0.258756638
vn -0.188979074 0.870920002 -0.453635633
vn 0.0451560505 0.84950614 -0.525642753
vn 0.272565752 0.851968527 -0.447054386
vn 0.407729954 0.875532746 -0.259227276
vn 0.411058396 0.911067843 -0.0314087123
vn 0.273811728 0.947653413 0.164256603
vn 0.038420748 0.969825089 0.240755394
vn 0.040678937 0.992010355 0.1194181
vn -0.119340807 0.990594029 0.0669426247
vn -0.217087001 0.973978877 -0.065102987
vn -0.219168663 0.947918296 -0.231119066
vn -0.119681694 0.922104895 -0.367965847
vn 0.0448455103 0.907099903 -0.418519676
vn 0.204670325 0.908985198 -0.363119781
vn 0.299387276 0.925733685 -0.23105064
vn 0.301463246 0.950808764 -0.0712929517
vn 0.205662712 0.976436675 0.0653780848
vn 0.040678937 0.992010355 0.1194181
vn 0.0416028574 0.99818635 0.0435108915
vn -0.0755641684 0.997127175 0.00524104387
vn -0.146925181 0.984943271 -0.0911027864
vn -0.14847067 0.965864956 -0.212276623
vn -0.0758551434 0.946991324 -0.312175453
vn 0.044312343 0.936047077 -0.34907344
vn 0.161063001 0.937486529 -0.308508813
vn 0.230100751 0.949797451 -0.21198687
vn 0.231463209 0.968147874 -0.0954697505
vn 0.161859572 0.986806214 0.00387742231
vn 0.0416028574 0.99818635 0.0435108915
vn 0.0420200266 0.997001052 -0.0649866238
vn -0.0119616138 0.99652487 -0.0824329183
vn -0.0454703905 0.990751028 -0.127847031
vn -0.0457070805 0.981885016 -0.183882341
vn -0.0125812842 0.973313332 -0.229135245
vn 0.0412540697 0.968309999 -0.24632065
vn 0.0952357054 0.96878618 -0.228874356
vn 0.128744483 0.974560022 -0.183460265
vn 0.128981158 0.983426034 -0.127424926
vn 0.0958553553 0.991997778 -0.0821720287
vn 0.0420200117 0.997001052 -0.0649866238
vn 0.793838739 0.0859692097 -0.498979032
vn 0.94031173 0.0332536027 -0.115011886
vn 0.561276853 0.741803229 0.239130378
vn 0.189635664 0.96744287 -0.151941463
vn 0.0784781277 0.524787843 -0.810467839
vn 0.204854637 -0.0367604159 -0.930422783
vn 0.793838739 0.0859692618 -0.498979032
vn 0.746433556 -0.551738441 -0.372050613
vn 0.811414182 -0.194034636 0.551323533
vn 0.117451884 0.421552837 0.899165392
vn -0.652186573 0.686070979 0.322427362
vn -0.724658668 0.332152039 -0.603775501
vn -0.0261512659 -0.288826615 -0.957024217
vn 0.746433556 -0.551738441 -0.372050613
vn 0.722485006 -0.59146452 -0.358029664
vn 0.494095415 0.0680557117 0.866739988
vn -0.629340112 0.712533414 0.310205072
vn -0.400950462 0.053013131 -0.91456461
vn 0.722485006 -0.59146452 -0.358029664
vn 0.669059098 -0.677093327 -0.306438655
vn 0.27103582 -0.16786553 0.947818935
vn -0.567431569 0.765769124 0.302686572
vn -0.169408292 0.256541342 -0.951571047
vn 0.669059098 -0.677093327 -0.306438655
vn 0.613567472 -0.731036723 -0.298530281
vn 0.18761076 -0.235518426 0.953589678
vn -0.531206369 0.791327536 0.302688867
vn -0.105249614 0.29580918 -0.949431121
vn 0.613567472 -0.731036723 -0.298530281
vn 0.94927448 -0.25027588 -0.190368086
vn 0.618919551 0.133679345 0.773995161
vn 0.110111877 0.955879033 0.27234292
vn 0.44046694 0.571923733 -0.692020416
vn 0.94927448 -0.25027588 -0.190368086
vn 0.992694676 -0.0134485923 -0.11990197
vn 0.742471159 0.277339637 0.609769881
vn 0.362811059 0.902969241 0.230249152
vn 0.613034606 0.612180948 -0.499422729
vn 0.992694676 -0.0134485923 -0.11990197
vn 0.964099646 0.264207989 -0.0265741069
vn 0.828266621 0.421859354 0.368794233
vn 0.625620723 0.762866437 0.163198024
vn 0.761453688 0.605215073 -0.232170314
vn 0.964099646 0.264207989 -0.0265741069
vn 0.943991125 0.329959124 -0.00280299573
vn 0.83861655 0.452187657 0.303724676
vn 0.682047248 0.71692282 0.144337431
vn 0.787421823 0.594694257 -0.162190288
vn 0.943991125 0.329959124 -0.00280299573
vn 0.882868648 0.467133343 0.0482635163
vn 0.845505774 0.5104177 0.156824067
vn 0.790353179 0.604371846 0.100381777
vn 0.827716112 0.561087489 -0.0081787724
vn 0.882868707 0.467133313 0.0482635312
vn -0.18385689 0.373957276 0.8410393
vn -0.588623643 0.282352388 0.719336808
vn -0.42278263 0.881587625 -0.0914243236
vn 0.113955766 0.947191 -0.292043239
vn 0.431304336 0.841866076 0.283015013
vn 0.543032765 0.17610389 0.788683474
vn -0.18385689 0.373957396 0.8410393
vn -0.114278249 -0.434103966 0.893585086
vn -0.888054073 0.0121533545 0.459578305
vn -0.767117739 0.509619951 -0.389638305
vn 0.13434653 0.564991355 -0.814085901
vn 0.914303005 0.121256776 -0.386454195
vn 0.796043754 -0.381311953 0.470016718
vn -0.114278249 -0.434103966 0.893585086
vn -0.100791775 -0.364040852 0.925913274
vn -0.992215216 0.107909828 -0.0621647835
vn 0.102563858 0.466158897 -0.878735781
vn 0.993987322 -0.00579182617 0.109342337
vn -0.100791775 -0.364040852 0.925913274
vn -0.103011198 -0.402759761 0.909490705
vn -0.994540572 0.0641179904 -0.082328245
vn 0.101280607 0.477789819 -0.872616291
vn 0.992810011 0.0109120263 0.119202726
vn -0.103011198 -0.402759761 0.909490705
vn -0.100549459 -0.469348192 0.877269626
vn -0.994805574 0.0656214878 -0.0778184608
vn 0.0997507796 0.523094058 -0.846417487
vn 0.994006872 -0.0118757198 0.108670793
vn -0.100549459 -0.469348192 0.877269626
vn -0.0531380586 0.429470837 0.90151602
vn -0.522791207 0.741568267 0.420435488
vn 0.0506565236 0.998345912 0.0271918699
vn 0.520309627 0.686248481 0.508272469
vn -0.0531380586 0.429470837 0.90151602
vn -0.0467260778 0.492840767 0.868864059
vn -0.459719121 0.767831028 0.446199328
vn 0.0445271991 0.993930638 0.100594334
vn 0.457520247 0.718940377 0.523259044
vn -0.0467260778 0.492840767 0.868864059
vn -0.0234338641 0.686821759 0.726448119
vn -0.230484858 0.825535297 0.515139043
vn 0.0222856253 0.939367533 0.342187107
vn 0.229336619 0.800653934 0.553496182
vn -0.0234338641 0.686821759 0.726448119
vn -0.0116066281 0.767977476 0.64037174
vn -0.112808235 0.835908711 0.5371508
vn 0.010774876 0.891622484 0.452651441
vn 0.111976482 0.823691249 0.555872381
vn -0.0116066281 0.767977476 0.64037174
vn -0.802431405 0.309916496 -0.421208858
vn -0.0670545846 0.51415801 -0.804238319
vn 0.11585097 0.745797515 -0.631235957
vn 0.282296658 0.948824883 0.0887653232
vn -0.0684753582 0.9158566 0.345468283
vn -0.759922206 0.542228937 -0.27180016
vn -0.802431405 0.309916586 -0.421208858
vn -0.773343921 -0.431428313 -0.464552283
vn 0.481925905 0.0654043406 -0.873767614
vn 0.71312952 0.55436337 0.42910096
vn -0.542140424 0.0575307012 0.838316262
vn -0.773343921 -0.431428313 -0.464552283
vn -0.792296886 -0.398803324 -0.46175915
vn 0.389532208 0.239366516 -0.889364064
vn 0.712009788 0.539346039 0.449608684
vn -0.469819456 -0.0988238752 0.877213538
vn -0.792296886 -0.398803324 -0.46175915
vn -0.754246831 -0.476410776 -0.451823711
vn 0.349645227 0.28677541 -0.891912639
vn 0.695222735 0.560637593 0.449834406
vn -0.408669442 -0.202548653 0.889923275
vn -0.754246831 -0.476410776 -0.451823711
vn -0.934475362 0.141260058 -0.326804847
vn -0.181383163 0.738937378 -0.648900449
vn 0.0640695244 0.947760403 0.312482625
vn -0.689022779 0.350083083 0.634578228
vn -0.934475362 0.141260058 -0.326804847
vn -0.926325202 0.236603618 -0.293155968
vn -0.254666507 0.772793233 -0.581322372
vn -0.0353359319 0.959912181 0.278064787
vn -0.706994891 0.423722506 0.566231072
vn -0.926325202 0.236603618 -0.293155968
vn -0.809373498 0.570792556 -0.138240322
vn -0.503605247 0.82034564 -0.270951807
vn -0.402904302 0.906842351 0.123713873
vn -0.708672643 0.657289267 0.256425321
vn -0.809373498 0.570792556 -0.138240322
vn -0.793816805 0.595384598 -0.123984806
vn -0.521130145 0.818319023 -0.242440507
vn -0.431253076 0.895528913 0.109767251
vn -0.703939676 0.672594488 0.228222951
vn -0.793816805 0.595384598 -0.123984806
vn -0.735913932 0.672833264 -0.0756717399
vn -0.574882269 0.805141807 -0.145798191
vn -0.521674216 0.850844264 0.0626111701
vn -0.682705879 0.718535721 0.132737607
vn -0.735913932 0.672833264 -0.0756717399
vn -0.695610881 0.716961086 -0.0457430594
vn -0.603841305 0.792480171 -0.0857375786
vn -0.573493063 0.818541229 0.0331074931
vn -0.66526258 0.743022144 0.0731020123
vn -0.695610881 0.716961086 -0.0457430743
vn -0.358212858 0.491692126 -0.36567691
vn -0.372274846 0.561071813 -0.236554816
vn 0.549020529 0.797366202 0.155930728
vn 0.388743818 0.0194720197 0.872242749
vn -0.358212858 0.491692126 -0.36567691
vn -0.938006401 0.329054832 -0.108935416
vn 0.0799524859 -0.0861116126 -0.993072212
vn 0.976316571 -0.196393624 0.0907500759
vn -0.0416423343 0.218772843 0.974886894
vn -0.938006401 0.329054832 -0.108935416
vn -0.955953598 0.273763239 -0.105860434
vn 0.0691867769 -0.120101184 -0.990347862
vn 0.988747716 -0.127260119 0.0786313191
vn -0.0363928527 0.266604394 0.963118732
vn -0.955953598 0.273763239 -0.105860434
vn -0.970682442 0.218925312 -0.0992339626
vn 0.0497758649 -0.210409388 -0.97634536
vn 0.989510775 -0.123738587 0.0745467842
vn -0.0309475064 0.305596113 0.951658189
vn -0.970682442 0.218925312 -0.0992339626
vn -0.998200953 0.0327742361 -0.0502069406
vn 0.0420700572 -0.211968809 -0.976370513
vn 0.998807132 -0.0154689569 0.0463147983
vn -0.0414641351 0.229274094 0.97247833
vn -0.998200953 0.0327742361 -0.0502069406
vn -0.998200953 0.03277421 -0.0502070487
vn 0.042070508 -0.211968824 -0.976370513
vn 0.998807132 -0.0154689141 0.0463149883
vn -0.0414642952 0.229274094 0.97247833
vn -0.998200953 0.0327741727 -0.0502072163
vn -0.109978706 0.387150079 0.586431623
vn -0.374621838 0.592420816 0.433551043
vn 0.549516022 0.791823208 0.133465454
vn 0.706446886 -0.610451758 -0.337448001
vn -0.109978974 0.387150019 0.586431623
vn -0.0575886704 -0.287983149 0.955902338
vn -0.646080673 0.739337385 0.189631298
vn 0.162711278 0.382939011 -0.909330964
vn 0.751203299 -0.644381523 -0.143059924
vn -0.0575886704 -0.287983149 0.955902338
vn -0.0800781548 -0.312778562 0.946444452
vn -0.617429078 0.760392308 0.201456815
vn 0.151402429 0.368890882 -0.917058825
vn 0.688753366 -0.704280019 -0.172071174
vn -0.0800781548 -0.312778562 0.946444452
vn -0.136006117 -0.357687771 0.923884094
vn -0.598255754 0.772954583 0.211261377
vn 0.149169862 0.36654979 -0.918362498
vn 0.611419559 -0.764092505 -0.205739737
vn -0.136006117 -0.357687771 0.923884094
vn -0.136005849 -0.357688099 0.923884034
vn -0.598255754 0.772954583 0.211261317
vn 0.149169654 0.366550058 -0.918362379
vn 0.611419499 -0.764092565 -0.205739707
vn -0.136005953 -0.35768798 0.923884034
vn 0.551950574 -0.585319579 -0.379654497
vn 0.975410223 -0.00140777323 -0.138374865
vn 0.63637048 0.375060499 0.56760776
vn -0.293272495 0.504305482 -0.412823349
vn 0.551950336 -0.585319281 -0.379654706
vn -0.185557455 -0.513747513 -0.837634742
vn 0.561808705 -0.756511927 0.334754825
vn 0.290141523 0.555112541 0.779530644
vn -0.457224637 0.797876835 -0.392859071
vn -0.185557455 -0.513747513 -0.837634742
vn -0.215007782 -0.530514896 -0.819954693
vn 0.530363739 -0.770111501 0.354460984
vn 0.319161475 0.564974189 0.760881245
vn -0.426210105 0.804570735 -0.413534641
vn -0.215007782 -0.530514896 -0.819954693
vn -0.176762477 -0.51452601 -0.839057863
vn 0.641856909 -0.706564188 0.297971189
vn 0.189604983 0.522665441 0.831186473
vn -0.629014432 0.714703619 -0.305842608
vn -0.176762477 -0.51452601 -0.839057863
vn -0.176762387 -0.514526069 -0.839057744
vn 0.641857147 -0.706563532 0.297972202
vn 0.189604834 0.52266556 0.831186414
vn -0.629014671 0.714702964 -0.305843621
vn -0.176762283 -0.514526248 -0.839057803
vn -0.302930593 -0.304539382 0.684530616
vn -0.379224062 0.129181266 0.576993406
vn 0.167736605 0.859571099 0.423482329
vn 0.0874955356 0.489583194 0.804841161
vn -0.302930743 -0.304539323 0.684530377
vn -0.176201865 -0.8931216 0.41386795
vn -0.984195352 0.135984242 -0.113437071
vn 0.158261955 0.945804834 -0.283560246
vn 0.966255426 -0.083301127 0.24374482
vn -0.176201865 -0.8931216 0.41386795
vn -0.159821078 -0.935561299 0.314932317
vn -0.986307025 0.127496585 -0.104609355
vn 0.139051929 0.97475028 -0.174718484
vn 0.965537846 -0.0883076862 0.244823217
vn -0.159821078 -0.935561299 0.314932317
vn -0.187267527 -0.829695642 0.525866866
vn -0.95802027 0.0358323902 -0.284452558
vn 0.182904601 0.840204537 -0.510492086
vn 0.953657329 -0.0253235344 0.299827397
vn -0.187267527 -0.829695642 0.525866866
vn -0.187266856 -0.829695642 0.525867105
vn -0.958020329 0.0358322188 -0.284452438
vn 0.182904005 0.840204597 -0.510492265
vn 0.953657389 -0.0253232643 0.299827248
vn -0.18726702 -0.829695642 0.525867045
vn 0.852274895 -0.0544649363 0.215123355
vn 0.640033305 0.0629696846 0.371815085
vn -0.772336364 0.619862854 0.13880454
vn 0.339811713 0.723993182 0.151803821
vn 0.852272749 -0.054465916 0.215124846
vn 0.928756237 -0.365841717 0.0597642064
vn -0.22431998 -0.433276981 0.8728984
vn -0.897138774 0.441664308 -0.00864053704
vn 0.255937427 0.509099603 -0.821774721
vn 0.928756237 -0.365841717 0.0597642064
vn 0.933152735 -0.355024517 0.0564231388
vn -0.150721416 -0.248720229 0.956776559
vn -0.904247701 0.425953299 -0.0300007816
vn 0.179626539 0.319648981 -0.930354178
vn 0.933152735 -0.355024517 0.0564231388
vn 0.904805899 -0.424840689 0.0289281961
vn -0.0885420293 -0.121405028 0.98864615
vn -0.898002803 0.439195663 -0.0264253486
vn 0.0953451172 0.135759994 -0.986143291
vn 0.904805899 -0.424840689 0.0289281961
vn 0.904805899 -0.424840689 0.0289283171
vn -0.0885417685 -0.121405147 0.98864615
vn -0.898002803 0.439195663 -0.0264255553
vn 0.095344834 0.135760143 -0.986143291
vn 0.904805779 -0.424840659 0.0289284866
vn -0.226603657 0.364074677 -0.630648673
vn 0.912345231 0.0333724618 0.0191523656
vn 0.0879552513 0.890292823 0.42036882
vn -0.844251096 -0.105864316 0.5253883
vn -0.226603508 0.364074767 -0.630648732
vn -0.55069083 -0.00451235101 -0.834697127
vn 0.732594728 0.465976 -0.496156573
vn 0.481838554 0.175124675 0.85858196
vn -0.801446974 -0.295363694 0.520041406
vn -0.55069083 -0.00451235101 -0.834697127
vn -0.568831623 0.0333935134 -0.821775854
vn 0.703930438 0.525042415 -0.478343427
vn 0.488457829 0.14801468 0.859942257
vn -0.784304321 -0.343634188 0.516509771
vn -0.568831623 0.0333935134 -0.821775854
vn -0.584400713 0.0825238973 -0.807258129
vn 0.795979917 0.251198888 -0.55074054
vn 0.580630839 -0.058931537 0.812031388
vn -0.799749851 -0.227606505 0.55551374
vn -0.584400713 0.0825238973 -0.807258129
vn -0.584400713 0.0825238824 -0.80725807
vn 0.795979917 0.251198858 -0.55074054
vn 0.580630779 -0.0589315444 0.812031388
vn -0.799749792 -0.22760649 0.555513799
vn -0.584400594 0.0825239345 -0.807258248
vn 0.112281665 0.29264465 -0.799984455
vn 0.142311797 0.532236576 -0.733368456
vn -0.0111194588 0.519904792 -0.784832537
vn 0.037842989 -0.070039019 -0.737753749
vn -0.617359042 0.0628985018 0.434821755
vn -0.773883343 0.152891263 -0.371487975
vn 0.112281837 0.29264456 -0.799984455
vn -0.182082221 -0.806726754 -0.562172592
vn 0.791868031 0.205539539 -0.575064003
vn 0.0662403107 0.91606158 0.39552924
vn -0.907709956 -0.0962047875 0.408420652
vn -0.182082221 -0.806726754 -0.562172592
vn -0.191730425 -0.802482069 -0.565032721
vn 0.759106696 0.229475498 -0.609178245
vn 0.0610766634 0.915686786 0.397224575
vn -0.889760435 -0.116270952 0.44137007
vn -0.191730425 -0.802482069 -0.565032721
vn -0.0839364827 -0.902436316 -0.422567636
vn 0.685334265 0.255316883 -0.68200469
vn 0.0608622506 0.913312733 0.402685642
vn -0.708408475 -0.244440466 0.662122607
vn -0.0839364827 -0.902436316 -0.422567636
vn -0.0839363933 -0.902436256 -0.422567725
vn 0.685334206 0.255316824 -0.68200469
vn 0.0608620979 0.913312674 0.402685791
vn -0.708408475 -0.244440392 0.662122667
vn -0.0839362741 -0.902436256 -0.422567874
vn -0.528831005 -0.00275075249 0.808647573
vn -0.761123657 -0.0408890843 -0.000279650092
vn -0.453196555 0.846248031 -0.158981189
vn 0.0813366473 0.130497381 0.695697725
vn -0.528830945 -0.00275075343 0.808647692
vn -0.14209199 -0.843565762 0.517886817
vn -0.645253658 -0.320393026 -0.693538725
vn 0.0587035157 0.882634997 -0.466379017
vn 0.56186527 0.359462082 0.745046735
vn -0.14209199 -0.843565762 0.517886817
vn -0.114584863 -0.85108757 0.512367427
vn -0.79331702 -0.233984441 -0.56204927
vn 0.0565426536 0.88934499 -0.453727335
vn 0.735274911 0.272241861 0.620689452
vn -0.114584863 -0.85108757 0.512367427
vn -0.242756754 -0.743416131 0.623218894
vn -0.661311865 -0.343944728 -0.666609824
vn 0.201517537 0.773895681 -0.600396812
vn 0.620072663 0.374424219 0.689431965
vn -0.242756754 -0.743416131 0.623218894
vn -0.261511505 -0.729848444 0.631611526
vn -0.437546581 -0.493669182 -0.751560926
vn 0.25178197 0.735094547 -0.629477441
vn 0.427817076 0.498915344 0.753694952
vn -0.261511505 -0.729848444 0.631611526
vn -0.261511147 -0.729848027 0.631612122
vn -0.437546521 -0.493669063 -0.751561046
vn 0.251781702 0.735094249 -0.629477978
vn 0.427817047 0.498915255 0.753695071
vn -0.261511236 -0.729848146 0.631612003
vn -0.465704471 -0.297463715 -0.56749171
vn 0.668538451 0.521504045 0.311922729
vn -0.143029898 0.90795064 0.0531147942
vn -0.323458016 -0.137073576 -0.633594275
vn -0.465704441 -0.297463685 -0.567491651
vn 0.325754911 -0.355790466 -0.875954866
vn 0.827294409 0.556221724 0.0787491277
vn -0.366588622 0.433388144 0.823278546
vn -0.868128121 -0.478624046 -0.13142547
vn 0.325754911 -0.355790466 -0.875954866
vn 0.30379203 -0.316127717 -0.898762345
vn 0.819208562 0.5686391 0.0744784698
vn -0.34423539 0.387739092 0.855079174
vn -0.859651804 -0.497027755 -0.118161745
vn 0.30379203 -0.316127717 -0.898762345
vn 0.260946661 -0.243578598 -0.934117973
vn 0.813237131 0.577030659 0.0753726438
vn -0.295071691 0.29951641 0.907316148
vn -0.84736222 -0.521092832 -0.102174431
vn 0.260946661 -0.243578598 -0.934117973
vn 0.181835562 -0.115076125 -0.976572275
vn 0.902930498 0.412860274 0.119427644
vn -0.186968252 0.127237573 0.974091113
vn -0.908063173 -0.400698841 -0.121908769
vn 0.181835562 -0.115076125 -0.976572275
vn 0.181835696 -0.115076073 -0.976572275
vn 0.902930498 0.412860274 0.119427532
vn -0.186968461 0.127237484 0.974091113
vn -0.908063233 -0.400698811 -0.121908627
vn 0.181835845 -0.115075998 -0.976572216
vn 0.574775577 0.0687165484 0.42664811
vn -0.836761475 0.0659315586 0.122360639
vn -0.451591939 -0.0958256423 -0.536858201
vn 0.645006061 -0.088136211 -0.332467198
vn 0.574775577 0.0687165484 0.42664811
vn 0.633296371 -0.259469748 0.729116738
vn -0.637130797 0.358986378 0.682050705
vn -0.610854983 0.305467874 -0.730442107
vn 0.659572244 -0.312988251 -0.683376133
vn 0.633296371 -0.259469748 0.729116738
vn 0.661933124 -0.195940271 0.723499835
vn -0.621037006 0.395013124 0.676962137
vn -0.631720006 0.261027277 -0.729927838
vn 0.651250184 -0.329926103 -0.683390141
vn 0.661933124 -0.195940271 0.723499835
vn 0.659398556 -0.204670712 0.723397195
vn -0.596656501 0.441979587 0.669817209
vn -0.636060894 0.249437317 -0.730210662
vn 0.619994164 -0.397213012 -0.676630735
vn 0.659398556 -0.204670712 0.723397195
vn 0.63732487 -0.250117272 0.728874743
vn -0.549014628 0.515811384 0.657663703
vn -0.614619255 0.284653723 -0.735673487
vn 0.571720243 -0.481274903 -0.664462507
vn 0.63732487 -0.250117272 0.728874743
vn 0.686605334 -0.167420909 0.707490921
vn -0.535246551 0.540491402 0.649138033
vn -0.651296198 0.226997256 -0.724075675
vn 0.570555687 -0.48091507 -0.665722847
vn 0.686605334 -0.167420909 0.707490921
vn 0.686605513 -0.167421058 0.707490683
vn -0.535245538 0.540491104 0.649139106
vn -0.651296318 0.226997346 -0.724075496
vn 0.570554674 -0.480914772 -0.66572392
vn 0.686605394 -0.167420968 0.707490861
vn -0.263447374 0.205178425 0.725900352
vn 0.0188016184 -0.206494451 -0.955654263
vn 0.877523482 -0.0403788313 -0.0833288804
vn 0.391798586 0.108854383 0.590080202
vn -0.263447374 0.205178425 0.725900352
vn -0.684104264 -0.211406603 0.698074937
vn -0.709658563 -0.0331389084 -0.703765988
vn 0.668831348 0.278544247 -0.689258873
vn 0.694385648 0.100276545 0.712582052
vn -0.684104264 -0.211406603 0.698074937
vn -0.689419568 -0.160506263 0.706355751
vn -0.724955976 0.144372925 -0.673494816
vn 0.686512709 0.218969479 -0.693363369
vn 0.722049057 -0.0859097168 0.686487138
vn -0.689419568 -0.160506263 0.706355751
vn -0.688719094 -0.148503363 0.709656835
vn -0.724566758 0.191035464 -0.662199736
vn 0.688684523 0.200533882 -0.696778178
vn 0.724532187 -0.139004946 0.675078332
vn -0.688719094 -0.148503363 0.709656835
vn -0.690345645 -0.172585085 0.702593327
vn -0.724841833 0.166212544 -0.668563843
vn 0.684880316 0.258756131 -0.681163907
vn 0.719376564 -0.0800414905 0.689993262
vn -0.690345645 -0.172585085 0.702593327
vn -0.690345943 -0.172585025 0.702593029
vn -0.724842608 0.166212335 -0.668563128
vn 0.684880733 0.258756071 -0.68116349
vn 0.719377279 -0.0800412521 0.689992487
vn -0.690346062 -0.172584996 0.702592909
vn 0.318804443 -0.155140728 -0.683789313
vn 0.0925813913 0.197737411 0.853136361
vn -0.583418071 0.117964618 0.393167138
vn -0.892623246 0.0966820493 -0.155503958
vn 0.318804443 -0.155140728 -0.683789313
vn 0.330519855 -0.639945865 -0.693704426
vn 0.933910608 0.111767963 0.339586407
vn -0.315437615 0.698604584 0.642223299
vn -0.918828368 -0.053109277 -0.391067594
vn 0.330519855 -0.639945865 -0.693704426
vn 0.338351041 -0.608509123 -0.717798829
vn 0.927474022 0.0841458663 0.36429581
vn -0.324750692 0.660042167 0.677407861
vn -0.913873672 -0.0326128677 -0.404686809
vn 0.338351041 -0.608509123 -0.717798829
vn 0.33250168 -0.628587186 -0.703079522
vn 0.93216157 0.10371612 0.346868634
vn -0.321715891 0.673215389 0.665792763
vn -0.921375751 -0.0590879023 -0.384155452
vn 0.33250168 -0.628587186 -0.703079522
vn 0.304886818 -0.715700567 -0.628344476
vn 0.951309621 0.18758668 0.244583815
vn -0.294362038 0.775086045 0.559099913
vn -0.940784931 -0.128201246 -0.313828349
vn 0.304886818 -0.715700567 -0.628344476
vn 0.304892421 -0.715699613 -0.628342748
vn 0.951309323 0.187587425 0.244584396
vn -0.29436776 0.775085032 0.559098244
vn -0.940784633 -0.128201962 -0.313828915
vn 0.3048926 -0.715699553 -0.628342748
vn 0.632401228 -0.560557246 -0.259489238
vn 0.0697971731 -0.363927007 0.759972394
vn 0.194696993 0.256360143 -0.848496079
vn 0.504960477 -0.332338005 -0.427942246
vn 0.632401228 -0.560557246 -0.259489238
vn 0.257564783 -0.852475047 -0.454914004
vn 0.287675977 -0.38351965 0.877584934
vn -0.17721656 0.878326952 0.444000065
vn -0.207327753 0.409371465 -0.888498902
vn 0.257564783 -0.852475047 -0.454914004
vn 0.238430649 -0.856069803 -0.458579719
vn 0.440646857 -0.326828361 0.836070359
vn -0.170670584 0.883159578 0.436922014
vn -0.372886777 0.353918105 -0.857728064
vn 0.238430649 -0.856069803 -0.458579719
vn 0.269726157 -0.839929581 -0.470920533
vn 0.52820462 -0.280640244 0.80139941
vn -0.223228261 0.864276588 0.450771719
vn -0.481706679 0.304987282 -0.821548223
vn 0.269726157 -0.839929581 -0.470920533
vn 0.0804470927 -0.92253238 -0.377441794
vn 0.459352762 -0.303725004 0.834713221
vn 0.0025714268 0.939370036 0.342895508
vn -0.37633425 0.32056269 -0.869259536
vn 0.0804470927 -0.92253238 -0.377441794
vn 0.0804464519 -0.922531903 -0.377443105
vn 0.459352762 -0.303724617 0.834713399
vn 0.00257203705 0.939369619 0.34289673
vn -0.37633422 0.320562333 -0.869259655
vn 0.080446519 -0.922531962 -0.377442956
vn -0.352085173 0.629649997 -0.176735595
vn -0.578766882 0.759353042 0.176737741
vn 0.296390176 -0.59279871 0.270380765
vn -0.237710223 -0.0385873616 0.742450714
vn -0.352085114 0.629649937 -0.176735669
vn -0.846044481 0.48568511 -0.219815388
vn 0.328456074 0.151939571 -0.932218313
vn 0.869214058 -0.435330242 0.234423727
vn -0.305286497 -0.101584733 0.946826696
vn -0.846044481 0.48568511 -0.219815388
vn -0.835991204 0.505681872 -0.213083446
vn 0.337921321 0.170550972 -0.925592542
vn 0.861917555 -0.451679617 0.230398923
vn -0.311995119 -0.11654865 0.942907989
vn -0.835991204 0.505681872 -0.213083446
vn -0.842665076 0.491377026 -0.220145881
vn 0.299607158 0.0897260085 -0.949834108
vn 0.865923166 -0.44393146 0.230438635
vn -0.276349068 -0.0422804244 0.960126877
vn -0.842665076 0.491377026 -0.220145881
vn -0.885093749 0.393422484 -0.24865219
vn 0.237828389 -0.0720731094 -0.968629539
vn 0.918080091 -0.310460448 0.246461436
vn -0.204841986 0.155035123 0.96643883
vn -0.885093749 0.393422484 -0.24865219
vn -0.885094523 0.393422872 -0.248648658
vn 0.237827286 -0.0720726848 -0.968629837
vn 0.918080926 -0.310460865 0.246458024
vn -0.204840869 0.155034691 0.966439128
vn -0.885094464 0.393422842 -0.248648837
vn 0.525606036 -0.661212742 0.00704471767
vn -0.524871767 0.59346056 0.324393064
vn -0.0255713649 0.461563528 -0.654266894
vn 0.201340765 0.243276656 -0.839121699
vn 0.525606036 -0.661212683 0.00704476237
vn 0.45813179 -0.883196652 0.100394584
vn -0.034484718 0.0942416564 0.994951904
vn -0.405513853 0.908682942 -0.0992665067
vn 0.0871026367 -0.0687553957 -0.993823886
vn 0.45813179 -0.883196652 0.100394584
vn 0.405019701 -0.908860624 0.0996564031
vn -0.0471948199 0.0871678144 0.995075107
vn -0.3520028 0.930915952 -0.0974146277
vn 0.100211784 -0.0651126057 -0.992833316
vn 0.405019701 -0.908860624 0.0996564031
vn 0.51553005 -0.850465357 0.104582623
vn -0.0890080705 0.0673945695 0.993748248
vn -0.468948275 0.877457678 -0.100775331
vn 0.135589868 -0.0404023565 -0.989940941
vn 0.51553005 -0.850465357 0.104582623
vn 0.621905804 -0.77543664 0.109229773
vn 0.0240433384 0.157701999 0.987194002
vn -0.586581111 0.801922619 -0.11332538
vn 0.0112813571 -0.131216079 -0.991289616
vn 0.621905804 -0.77543664 0.109229773
vn 0.639391899 -0.761571825 0.105765387
vn 0.0643875748 0.187943473 0.980067074
vn -0.574172199 0.810477495 -0.115985021
vn 0.000832199235 -0.139037892 -0.990286708
vn 0.639391899 -0.761571825 0.105765387
vn 0.63939172 -0.761572838 0.105759189
vn 0.0643875971 0.187943444 0.980067134
vn -0.57417202 0.810478508 -0.115978912
vn 0.000832103484 -0.139037773 -0.990286767
vn 0.63939172 -0.761572838 0.105759367
vn -0.00805528462 -0.567997813 -0.564524591
vn -0.103227302 -0.562690139 -0.65260607
vn 0.466713399 -0.23052074 0.504469335
vn -0.490377963 0.63799119 -0.407779247
vn -0.00805528462 -0.567997813 -0.564524591
vn -0.35927093 -0.725375533 -0.587158203
vn 0.801370203 -0.562686026 0.202953979
vn 0.391607404 0.748717606 0.534851015
vn -0.76903373 0.586028099 -0.255261183
vn -0.35927093 -0.725375533 -0.587158203
vn -0.320296437 -0.691298604 -0.647700906
vn 0.84568572 -0.517008424 0.132355437
vn 0.345453501 0.718139708 0.604100406
vn -0.820528686 0.543849528 -0.175955951
vn -0.320296437 -0.691298604 -0.647700906
vn -0.445370048 -0.802954316 -0.396118492
vn 0.88656193 -0.456838995 -0.0728429258
vn 0.453129321 0.822901428 0.342793047
vn -0.878802657 0.476786077 0.0195174776
vn -0.445370048 -0.802954316 -0.396118492
vn -0.462135464 -0.832507014 -0.305553615
vn 0.874821961 -0.37240392 -0.309841812
vn 0.456625462 0.848172605 0.268507928
vn -0.880331993 0.38806954 0.272796154
vn -0.462135464 -0.832507014 -0.305553615
vn -0.476545572 -0.756113052 -0.448550493
vn 0.873886645 -0.358245194 -0.328606844
vn 0.470498323 0.79891634 0.374652088
vn -0.879933894 0.401048452 0.254708439
vn -0.476545572 -0.756113052 -0.448550493
vn -0.476540118 -0.756115377 -0.44855231
vn 0.873885632 -0.358247072 -0.328607827
vn 0.47049281 0.798918724 0.374653906
vn -0.879932761 0.401050329 0.254709423
vn -0.476539969 -0.756115437 -0.44855234
vn 0.494358599 -0.394692451 0.453669071
vn -0.478201509 0.679324687 -0.096369639
vn -0.435621381 0.189057648 -0.533857286
vn 0.23192206 -0.616945744 -0.252466887
vn 0.494358599 -0.394692451 0.453669071
vn 0.150216699 -0.27743724 0.948927581
vn -0.135693103 0.944772899 0.298314422
vn -0.103071131 0.286563903 -0.952500641
vn 0.182838678 -0.935646355 -0.301887542
vn 0.150216699 -0.27743724 0.948927581
vn 0.113870092 -0.284096688 0.952009797
vn -0.152406529 0.941712081 0.299917787
vn -0.0644594207 0.29396221 -0.953641057
vn 0.201817214 -0.931846559 -0.301549017
vn 0.113870092 -0.284096688 0.952009797
vn 0.129705548 -0.276038498 0.95235461
vn -0.345288098 0.887583137 0.3049137
vn -0.084608987 0.294742495 -0.951823652
vn 0.390384674 -0.868879139 -0.304382771
vn 0.129705548 -0.276038498 0.95235461
vn -0.0642473474 -0.356197 0.932199538
vn -0.0724750981 0.933209896 0.351947039
vn 0.100695193 0.358236194 -0.928184986
vn 0.108922951 -0.931170702 -0.347932458
vn -0.0642473474 -0.356197 0.932199538
vn 0.0941894278 -0.341241062 0.935244799
vn -0.100655295 0.931193054 0.350354344
vn -0.0532386377 0.347002953 -0.936351717
vn 0.141606078 -0.925431073 -0.351461232
vn 0.0941894278 -0.341241062 0.935244799
vn 0.304255456 -0.29536593 0.905642152
vn -0.287335247 0.877531886 0.383896291
vn -0.245338827 0.321036667 -0.914737344
vn 0.346251875 -0.851861179 -0.392991483
vn 0.304255456 -0.29536593 0.905642152
vn 0.304256916 -0.295370013 0.905640304
vn -0.2873348 0.877531409 0.383897781
vn -0.245340288 0.32104066 -0.914735556
vn 0.346251398 -0.851860642 -0.392993033
vn 0.304256886 -0.295369834 0.905640364
vn -0.273274124 -0.73508966 0.429129809
vn -0.0398375317 0.683167636 -0.466362685
vn 0.154247507 -0.588921607 0.458206117
vn -0.240757778 -0.829220951 0.279212445
vn -0.273274124 -0.73508966 0.429129809
vn -0.841003478 -0.12580362 -0.526200235
vn 0.312115431 0.68041122 -0.66304189
vn 0.815127373 0.1676175 0.554501355
vn -0.337991506 -0.638597369 0.691343069
vn -0.841003478 -0.12580362 -0.526200235
vn -0.921755552 0.0689085796 -0.381599784
vn 0.35362643 0.549951613 -0.756638408
vn 0.912818253 -0.0249396078 0.40760383
vn -0.362563699 -0.505982637 0.782642424
vn -0.921755552 0.0689085796 -0.381599784
vn -0.931836843 0.169912338 -0.320639849
vn 0.362422347 0.43770656 -0.822838426
vn 0.931256652 -0.130290553 0.340272605
vn -0.363005489 -0.398084342 0.842470169
vn -0.931836843 0.169912338 -0.320639849
vn -0.932897747 0.159465015 -0.322913021
vn 0.356278747 0.519219816 -0.776837349
vn 0.928315699 -0.0979398713 0.358661056
vn -0.360860765 -0.457694739 0.812585473
vn -0.932897747 0.159465015 -0.322913021
vn -0.932897627 0.159465134 -0.3229132
vn 0.356284171 0.5192191 -0.776835382
vn 0.92831558 -0.0979400501 0.358661354
vn -0.360866159 -0.457693964 0.812583506
vn -0.932897568 0.159465209 -0.322913349
vn 0.691837668 -0.218901917 0.345065385
vn -0.332973599 -0.681008875 0.324955791
vn -0.46557045 0.383018315 -0.382016599
vn -0.0794962645 -0.753715038 0.50451529
vn 0.691837728 -0.218901888 0.345065355
vn 0.422856927 -0.864152908 0.272822022
vn -0.892244339 -0.345548779 0.290682286
vn -0.415630132 0.880883217 -0.226487175
vn 0.899471104 0.362278998 -0.244347408
vn 0.422856927 -0.864152908 0.272822022
vn 0.436235249 -0.801929057 0.408177137
vn -0.899460852 -0.382494628 0.211348101
vn -0.436146259 0.823398113 -0.363031805
vn 0.899549901 0.403963655 -0.166202739
vn 0.436235249 -0.801929057 0.408177137
vn 0.413935155 -0.656381547 0.63073051
vn -0.851799726 -0.523661256 0.0147018256
vn -0.42716223 0.677245736 -0.599058211
vn 0.838572741 0.544525385 0.016970532
vn 0.413935155 -0.656381547 0.63073051
vn 0.46528396 -0.73984766 0.485938609
vn -0.828442454 -0.557388604 -0.0547827631
vn -0.476239324 0.752080977 -0.455598891
vn 0.817487061 0.569621921 0.0851224735
vn 0.46528396 -0.73984766 0.485938609
vn 0.490084827 -0.76550132 0.416922778
vn -0.839605749 -0.543137252 -0.00800615456
vn -0.505119324 0.784383535 -0.359995931
vn 0.824571311 0.562019467 0.0649330243
vn 0.490084827 -0.76550132 0.416922778
vn 0.490083754 -0.765502036 0.416922718
vn -0.839606702 -0.543135822 -0.00800686982
vn -0.505118132 0.784384251 -0.359995872
vn 0.824572265 0.562018037 0.0649337247
vn 0.490083635 -0.765502155 0.416922748
vn -0.341013432 0.0469087064 0.67381382
vn -0.84487313 0.416004866 -0.0821715891
vn 0.572641611 -0.194796786 -0.387608796
vn -0.0670254081 -0.127977684 0.967858195
vn -0.341013432 0.0469087064 0.67381382
vn -0.815507412 0.379581243 0.43688184
vn -0.129224047 0.618004501 -0.775481522
vn 0.851878762 -0.330153435 -0.40657264
vn 0.165595382 -0.568576694 0.805790722
vn -0.815507412 0.379581243 0.43688184
vn -0.856300771 0.327184975 0.399623692
vn -0.201855451 0.501763105 -0.841123164
vn 0.882748187 -0.2780267 -0.37875694
vn 0.228302926 -0.45260486 0.861989915
vn -0.856300771 0.327184975 0.399623692
vn -0.852509975 0.32716608 0.407663047
vn -0.0572668985 0.7176283 -0.694067895
vn 0.877960801 -0.294249952 -0.377626628
vn 0.0827177167 -0.684712172 0.724104285
vn -0.852509975 0.32716608 0.407663047
vn -0.837908149 0.33734709 0.42907688
vn 0.0592931882 0.83959794 -0.539962649
vn 0.881800294 -0.296120346 -0.367070824
vn -0.0154010002 -0.798371136 0.601968765
vn -0.837908149 0.33734709 0.42907688
vn -0.837908149 0.337346852 0.429077029
vn 0.0592932627 0.839597881 -0.539962709
vn 0.881800294 -0.296120167 -0.367070943
vn -0.0154010467 -0.798371136 0.601968765
vn -0.837908149 0.337347001 0.42907694
vn 0.354568571 0.00378319621 -0.670869231
vn 0.108524621 -0.194647759 0.791194439
vn -0.783678889 0.360019416 0.116937831
vn 0.093131572 0.136436194 -0.984004855
vn 0.354568571 0.00378319621 -0.670869231
vn 0.581063092 -0.354523212 -0.73258388
vn 0.728161633 -0.178002477 0.661888063
vn -0.551058948 0.419855744 0.72114861
vn -0.698157489 0.243334994 -0.673323274
vn 0.581063092 -0.354523212 -0.73258388
vn 0.567286432 -0.37818113 -0.731549859
vn 0.772438884 -0.0658481792 0.631666183
vn -0.546455503 0.435679048 0.715241373
vn -0.751607955 0.123346098 -0.64797467
vn 0.567286432 -0.37818113 -0.731549859
vn 0.535360813 -0.448264778 -0.715854466
vn 0.8233881 0.080164969 0.561788023
vn -0.507782221 0.538818538 0.672184467
vn -0.795809388 0.0103887506 -0.605458021
vn 0.535360813 -0.448264778 -0.715854466
vn 0.535362363 -0.448264688 -0.715853274
vn 0.823387384 0.0801655427 0.561788797
vn -0.50778389 0.538818419 0.672183216
vn -0.795808911 0.0103881871 -0.605458856
vn 0.535362542 -0.448264688 -0.715853214
vn 0.6626755 0.16802904 0.136380404
vn 0.432273865 -0.154233858 0.478486508
vn 0.735732198 -0.104774311 -0.198674977
vn 0.574719012 0.239470109 -0.0177530125
vn 0.6626755 0.16802904 0.136380404
vn 0.627960801 -0.565553069 -0.534616768
vn 0.210365444 -0.540635169 0.814530611
vn -0.550706089 0.621221125 0.557500899
vn -0.133110717 0.596303165 -0.791646481
vn 0.627960801 -0.565553069 -0.534616768
vn 0.464856654 -0.669678569 -0.579170942
vn 0.338709891 -0.470645726 0.814719737
vn -0.418164253 0.699854314 0.579087794
vn -0.2920174 0.500821292 -0.814803004
vn 0.464856654 -0.669678569 -0.579170942
vn 0.346657127 -0.742425561 -0.573265374
vn 0.250015408 -0.516653299 0.818878353
vn -0.2942141 0.764704883 0.573292792
vn -0.197572365 0.538932621 -0.818850935
vn 0.346657127 -0.742425561 -0.573265374
vn 0.378411829 -0.727544248 -0.572262049
vn 0.247321978 -0.517052591 0.81944406
vn -0.325979084 0.7514956 0.573578298
vn -0.194888845 0.541003108 -0.818128407
vn 0.378411829 -0.727544248 -0.572262049
vn 0.465286106 -0.681881487 -0.564399302
vn 0.234691754 -0.521882653 0.820096552
vn -0.382291108 0.724715352 0.573272407
vn -0.151696742 0.564716458 -0.811223447
vn 0.465286106 -0.681881487 -0.564399302
vn 0.465286165 -0.681881607 -0.564399064
vn 0.234692261 -0.521883488 0.820095897
vn -0.382291168 0.724715531 0.573272169
vn -0.151697263 0.564717352 -0.811222732
vn 0.465286195 -0.681881726 -0.564398944
vn 0.308295608 0.270573705 -0.392540753
vn 0.308255285 0.49950242 0.646497607
vn 0.542580187 0.231689543 0.545239389
vn 0.233139396 0.34052977 -0.606430531
vn 0.308295548 0.270573735 -0.392540783
vn 0.0840361714 -0.107776061 -0.990617096
vn 0.831623316 0.555279195 0.00823009387
vn -0.128221288 0.180981234 0.975092351
vn -0.875808418 -0.482074052 -0.0237549599
vn 0.0840361714 -0.107776061 -0.990617096
vn 0.0667521358 -0.0914534181 -0.993569553
vn 0.678646624 0.734093249 -0.0233645439
vn -0.118954487 0.143118754 0.982530832
vn -0.730849028 -0.682427943 0.0123258419
vn 0.0667521358 -0.0914534181 -0.993569553
vn 0.00637640618 -0.0368700139 -0.999299765
vn 0.606183589 0.794857204 -0.0272668824
vn -0.0716725439 0.0910086185 0.993267596
vn -0.671479762 -0.740718603 0.0212347228
vn 0.00637640618 -0.0368700139 -0.999299765
vn 0.177497536 -0.182199702 -0.967108011
vn 0.548865676 0.833895922 -0.0580014959
vn -0.240067437 0.225579172 0.944183111
vn -0.611435413 -0.790516615 0.0350760557
vn 0.177497536 -0.182199702 -0.967108011
vn 0.153878167 -0.15487285 -0.975876987
vn 0.745991349 0.665868759 0.0107551143
vn -0.196083084 0.205951169 0.958715618
vn -0.788196266 -0.614790499 -0.0279165432
vn 0.153878167 -0.15487285 -0.975876987
vn 0.0266080126 0.00657971855 -0.999624312
vn 0.789829016 0.612939835 0.0217932444
vn -0.0910966247 0.0874422342 0.991995633
vn -0.854317605 -0.518917918 -0.0294219516
vn 0.0266080126 0.00657971855 -0.999624312
vn 0.0266078077 0.00657957699 -0.999624312
vn 0.789829075 0.612939835 0.0217924714
vn -0.0910964906 0.087442331 0.991995633
vn -0.854317665 -0.518917859 -0.029421147
vn 0.0266079511 0.00657967618 -0.999624312
vn 0.59329021 -0.0407003462 0.731920004
vn -0.707660675 -0.216353714 0.572626829
vn -0.616092324 0.0368838012 -0.606706858
vn 0.565672576 0.22305657 -0.593538761
vn 0.593290269 -0.0407002755 0.731919706
vn 0.714517415 -0.470683485 0.517611802
vn -0.681758285 -0.30658555 0.664237142
vn -0.704756737 0.521254361 -0.481260687
vn 0.691518903 0.357156426 -0.627886057
vn 0.714517415 -0.470683485 0.517611802
vn 0.722554684 -0.389834911 0.570914567
vn -0.690521538 -0.381481797 0.614533722
vn -0.721429586 0.430658966 -0.54228425
vn 0.691646636 0.422305763 -0.585903347
vn 0.722554684 -0.389834911 0.570914567
vn 0.713875055 -0.259043962 0.650598705
vn -0.687225819 -0.435753107 0.581239998
vn -0.71943748 0.294653594 -0.628958702
vn 0.681663513 0.47136271 -0.559599936
vn 0.713875055 -0.259043962 0.650598705
vn 0.715307951 -0.259842336 0.648703635
vn -0.694868267 -0.359810859 0.622650981
vn -0.718034446 0.293690711 -0.631008983
vn 0.692141831 0.393659204 -0.604956269
vn 0.715307951 -0.259842336 0.648703635
vn 0.719024241 -0.26381126 0.64296788
vn -0.692957997 -0.216391429 0.68773824
vn -0.716273248 0.322789639 -0.61867553
vn 0.69570899 0.275369823 -0.66344589
vn 0.719024241 -0.26381126 0.64296788
vn 0.719025612 -0.263810784 0.642966568
vn -0.692961931 -0.21638982 0.687734783
vn -0.716274559 0.322789192 -0.618674278
vn 0.695712864 0.275368243 -0.663442492
vn 0.719025493 -0.263810843 0.642966688
vn -0.736734569 -0.19582662 0.181791514
vn -0.792872012 -0.229854047 0.517152011
vn 0.710413039 0.12797156 -0.00925624371
vn 0.250771195 -0.0149076395 0.775868893
vn -0.736734569 -0.19582662 0.181791514
vn -0.92050153 -0.355359167 0.162470981
vn -0.127921835 -0.120611191 -0.984423161
vn 0.89994204 0.402770072 -0.166974813
vn 0.10736236 0.168022096 0.979919374
vn -0.92050153 -0.355359167 0.162470981
vn -0.856079996 -0.486596942 0.174213946
vn -0.136029497 -0.114712618 -0.984041154
vn 0.825578332 0.53567034 -0.177419722
vn 0.105527826 0.163786024 0.980835378
vn -0.856079996 -0.486596942 0.174213946
vn -0.674966991 -0.714717329 0.183299348
vn -0.104719199 -0.153774291 -0.982541263
vn 0.641982377 0.743977368 -0.185354725
vn 0.0717345402 0.183034301 0.980485916
vn -0.674966991 -0.714717329 0.183299348
vn -0.664498806 -0.723586321 0.186719626
vn -0.171116799 -0.0982209146 -0.980342686
vn 0.601216197 0.7774719 -0.184598342
vn 0.107834205 0.152106524 0.982463956
vn -0.664498806 -0.723586321 0.186719626
vn -0.664498746 -0.723586261 0.186720029
vn -0.171116516 -0.0982205942 -0.980342746
vn 0.601216197 0.77747184 -0.184598655
vn 0.107833952 0.152106225 0.982464015
vn -0.664498746 -0.723586261 0.186719865
vn -0.139118671 0.695905507 0.405821621
vn -0.865201235 -0.138805896 0.366870254
vn 0.717573225 0.255243868 -0.606726587
vn 0.745225728 0.594204426 -0.302588433
vn -0.139118046 0.695906222 0.405821621
vn -0.275114894 0.740107715 0.613638639
vn -0.94249922 -0.333858043 -0.015301967
vn 0.247802138 -0.676188588 -0.69380337
vn 0.915186465 0.39777714 -0.0648627281
vn -0.275114894 0.740107715 0.613638639
vn -0.33986944 0.875430226 0.343672514
vn -0.911936522 -0.39561221 0.108916499
vn 0.322384357 -0.856644332 -0.40277648
vn 0.894451439 0.414398104 -0.168020457
vn -0.33986944 0.875430226 0.343672514
vn -0.354271621 0.888029218 0.293079704
vn -0.903927207 -0.404961884 0.137555674
vn 0.337203413 -0.873915792 -0.350092947
vn 0.886858881 0.419075638 -0.194568798
vn -0.354271621 0.888029218 0.293079704
vn -0.209918752 0.721509755 0.659816563
vn -0.906462014 -0.396047503 0.146536782
vn 0.181610361 -0.681161225 -0.709251046
vn 0.878153443 0.436396658 -0.195970654
vn -0.209918752 0.721509755 0.659816563
vn -0.125604659 0.598666728 0.791088879
vn -0.927081823 -0.353570938 0.12452697
vn 0.0782209933 -0.515030861 -0.853595138
vn 0.879698157 0.437206775 -0.187033221
vn -0.125604659 0.598666728 0.791088879
vn -0.125603348 0.598667264 0.7910887
vn -0.927082002 -0.353570014 0.124528363
vn 0.0782197565 -0.515031397 -0.853594959
vn 0.879698336 0.437205821 -0.187034637
vn -0.125603512 0.598667204 0.7910887
vn -0.497519284 -0.478142262 0.197963744
vn 0.241553098 -0.613998652 -0.751437187
vn 0.46816805 0.746815979 -0.472318441
vn -0.280754924 0.399609268 0.516764641
vn -0.497519553 -0.478141963 0.197964072
vn -0.553951085 -0.727385044 0.405029953
vn 0.451324582 -0.672176659 -0.586928189
vn 0.505404234 0.733873963 -0.453867376
vn -0.499871403 0.678665578 0.538090765
vn -0.553951085 -0.727385044 0.405029953
vn -0.7538445 -0.644775927 0.126422152
vn 0.532264829 -0.713605642 -0.455478996
vn 0.725739956 0.661077976 -0.190466627
vn -0.560369432 0.729907691 0.39143455
vn -0.7538445 -0.644775927 0.126422152
vn -0.711559713 -0.66907686 0.214520261
vn 0.570222735 -0.729570389 -0.377588689
vn 0.680713594 0.676090539 -0.282011688
vn -0.601068854 0.736584067 0.310097277
vn -0.711559713 -0.66907686 0.214520261
vn -0.565602839 -0.661430299 0.492547959
vn 0.336679578 -0.732657909 -0.591489077
vn 0.484408438 0.67146486 -0.560788274
vn -0.417874008 0.742692471 0.523248732
vn -0.565602839 -0.661430299 0.492547959
vn -0.565602183 -0.661431611 0.492546946
vn 0.336681068 -0.732656002 -0.591490567
vn 0.484407693 0.671466291 -0.560787261
vn -0.417875499 0.742690623 0.523250222
vn -0.565602064 -0.66143173 0.492546797
vn -0.411705166 -0.585335493 -0.203482985
vn 0.320111692 -0.552117109 -0.769867063
vn 0.474961251 0.792226732 -0.383130074
vn -0.751027167 -0.0500121266 0.494381279
vn -0.411705166 -0.585335493 -0.203482985
vn -0.512308359 -0.773301661 0.373556793
vn 0.0065891305 -0.440871388 -0.897546113
vn 0.428440481 0.811258674 -0.397867024
vn -0.0904570147 0.478828371 0.873235941
vn -0.512308359 -0.773301661 0.373556793
vn -0.602270484 -0.722011268 0.340543777
vn 0.0486372523 -0.460407108 -0.886374533
vn 0.543964624 0.755928934 -0.364244372
vn -0.106943093 0.494324774 0.862673938
vn -0.602270484 -0.722011268 0.340543777
vn -0.577434957 -0.737547994 0.350131243
vn 0.0666903928 -0.471626729 -0.879272878
vn 0.513493001 0.771151841 -0.376364022
vn -0.130632326 0.505230486 0.85304004
vn -0.577434957 -0.737547994 0.350131243
vn -0.272184074 -0.848881662 0.453117818
vn -0.0929098129 -0.446230918 -0.890081823
vn 0.218379468 0.862686396 -0.456160784
vn 0.0391052142 0.460035682 0.887038946
vn -0.272184074 -0.848881662 0.453117818
vn -0.085852921 -0.8845734 0.458431184
vn -0.135339603 -0.448129207 -0.883664846
vn -0.0219172295 0.891673326 -0.452148587
vn 0.027569402 0.455227792 0.88994813
vn -0.085852921 -0.8845734 0.458431184
vn -0.0858532339 -0.884575129 0.458427787
vn -0.135339573 -0.448128462 -0.883665204
vn -0.0219169091 0.891675115 -0.4521451
vn 0.0275694244 0.455228418 0.889947832
vn -0.0858532563 -0.884575248 0.458427668
vn 0.565093517 0.208030269 0.673392892
vn -0.746667027 -0.273124248 -0.590261936
vn -0.14904362 -0.819382787 0.447001219
vn 0.0791093707 0.865897894 -0.427926719
vn 0.565093517 0.208030269 0.673392892
vn 0.705359221 -0.226742923 0.671607196
vn -0.325640172 -0.945154011 0.0253466889
vn -0.754930973 0.242024139 -0.609510958
vn 0.27606833 0.960435212 0.0367495269
vn 0.705359221 -0.226742923 0.671607196
vn 0.620839 -0.196805865 0.758832335
vn -0.160511732 -0.979611158 -0.120822079
vn -0.678016961 0.196947351 -0.708170056
vn 0.103333741 0.979752719 0.171484381
vn 0.620839 -0.196805865 0.758832335
vn 0.495696574 -0.195853651 0.846124232
vn -0.10663069 -0.980900228 -0.162680075
vn -0.563489318 0.192839026 -0.803301215
vn 0.0388379619 0.977885604 0.205503061
vn 0.495696574 -0.195853651 0.846124232
vn 0.524603844 -0.19606711 0.828461528
vn -0.0658909082 -0.979793131 -0.188849047
vn -0.579454601 0.190592259 -0.792405844
vn 0.0110401493 0.974318266 0.224904776
vn 0.524603844 -0.19606711 0.828461528
vn 0.561111748 -0.191550776 0.805271327
vn -0.0961215347 -0.981926203 -0.163038835
vn -0.64616406 0.183348566 -0.740847766
vn 0.0110692456 0.973723948 0.227462441
vn 0.561111748 -0.191550776 0.805271327
vn 0.561111867 -0.191549301 0.805271626
vn -0.0961210355 -0.981926322 -0.163038194
vn -0.646164119 0.18334718 -0.740848064
vn 0.0110687288 0.973724127 0.22746177
vn 0.561111867 -0.19154948 0.805271566
vn 0.282756597 0.691991627 -0.363213718
vn 0.309381247 0.252402365 0.725271225
vn -0.366449624 -0.589057088 -0.192926183
vn 0.405185461 0.529279292 0.575869977
vn 0.282756627 0.691991627 -0.363213658
vn 0.535987616 0.702624738 0.468012601
vn 0.102709942 -0.603393257 0.790801644
vn -0.592386723 -0.676411867 -0.437658489
vn -0.159109056 0.629606128 -0.760447562
vn 0.535987616 0.702624738 0.468012601
vn 0.649267375 0.64571023 0.401883364
vn 0.0769394338 -0.579963863 0.811000764
vn -0.703632057 -0.608599186 -0.36675483
vn -0.131304085 0.617074966 -0.775872231
vn 0.649267375 0.64571023 0.401883364
vn 0.664037764 0.639710069 0.387072325
vn -0.070927389 -0.460254639 0.884949088
vn -0.710127413 -0.600266337 -0.367966503
vn 0.0248377007 0.499698281 -0.865843356
vn 0.664037764 0.639710069 0.387072325
vn 0.578876972 0.702423513 0.4141289
vn -0.137693048 -0.415546268 0.899089456
vn -0.621976912 -0.670556366 -0.404350042
vn 0.094593145 0.447413325 -0.889310598
vn 0.578876972 0.702423513 0.4141289
vn 0.463391691 0.770945847 0.43693319
vn -0.0704237148 -0.457525581 0.886403382
vn -0.539428294 -0.730968475 -0.417973965
vn -0.00561286928 0.497502893 -0.867444158
vn 0.463391691 0.770945847 0.43693319
vn 0.463391721 0.770946443 0.436932117
vn -0.0704245865 -0.457526833 0.886402547
vn -0.539428294 -0.730969012 -0.417972982
vn -0.00561200595 0.497504264 -0.867443442
vn 0.463391781 0.770946383 0.436932325
vn -0.488304347 -0.24591589 -0.683741391
vn 0.40387693 0.531034827 0.565588653
vn -0.0993909389 -0.440860212 0.660323977
vn -0.262135565 -0.721807003 0.529933035
vn -0.488304108 -0.245915651 -0.683741331
vn -0.27633217 -0.27374807 -0.921250582
vn 0.122474417 0.940312862 -0.317508817
vn 0.208567411 0.289593548 0.934149504
vn -0.190239146 -0.924467325 0.330407679
vn -0.27633217 -0.27374807 -0.921250582
vn -0.474092782 -0.220120311 -0.852515757
vn 0.0387773402 0.961776853 -0.27107498
vn 0.417507201 0.231843054 0.878599226
vn -0.0953629613 -0.950054109 0.29715842
vn -0.474092782 -0.220120311 -0.852515757
vn -0.418034106 -0.23598066 -0.877246082
vn -0.117479421 0.971462011 -0.206058562
vn 0.372427046 0.236052409 0.897539616
vn 0.0718723536 -0.971390307 0.22635214
vn -0.418034106 -0.23598066 -0.877246082
vn -0.509118855 -0.235212237 -0.827933133
vn -0.158962801 0.970661879 -0.180406168
vn 0.431174845 0.234591708 0.871237636
vn 0.0810187906 -0.971282423 0.223710686
vn -0.509118855 -0.235212237 -0.827933133
vn -0.509118557 -0.235214531 -0.827932656
vn -0.158965901 0.970660329 -0.180411771
vn 0.431174576 0.234593913 0.871237159
vn 0.0810218975 -0.971280873 0.223716319
vn -0.509118557 -0.235214368 -0.827932656
vn -0.102537915 0.454690903 0.664205492
vn -0.173880011 0.340809941 0.806046665
vn -0.393935323 -0.254140377 -0.527140617
vn 0.609534323 0.205854595 -0.322130382
vn -0.102537259 0.454690993 0.664205015
vn 0.762966633 0.112528965 0.636568308
vn -0.644551158 0.103941977 0.7574628
vn -0.764214933 -0.0211880319 -0.644613564
vn 0.643302917 -0.0126010422 -0.765508115
vn 0.762966633 0.112528965 0.636568308
vn 0.762204111 0.13673678 0.632730544
vn -0.645281971 0.12614426 0.753457963
vn -0.763849854 -0.0447159447 -0.643843114
vn 0.643636286 -0.034123417 -0.764570475
vn 0.762204111 0.13673678 0.632730544
vn 0.764006913 0.137988791 0.630279779
vn -0.643859804 0.195472509 0.739753366
vn -0.762164116 -0.0668788701 -0.643920124
vn 0.6457026 -0.12436258 -0.753393769
vn 0.764006913 0.137988791 0.630279779
vn 0.762595117 0.0749160573 0.642523408
vn -0.638388216 0.219976738 0.737611473
vn -0.75144279 0.0431885459 -0.65838325
vn 0.649540544 -0.101872131 -0.753471434
vn 0.762595117 0.0749160573 0.642523408
vn 0.762594938 0.0749160945 0.642523587
vn -0.638388038 0.219976738 0.737611592
vn -0.751442552 0.04318849 -0.658383548
vn 0.649540365 -0.101872131 -0.753471553
vn 0.762594879 0.0749161243 0.642523706
vn 0.724495769 0.492047459 0.182583988
vn -0.767546177 -0.297821879 0.0916645601
vn 0.0414842591 -0.151857078 -0.866513252
vn 0.355614901 -0.0974697694 -0.758185089
vn 0.724495769 0.492047459 0.182583988
vn 0.827783346 0.324084491 0.457978189
vn -0.530398071 0.19155772 0.825822949
vn -0.839675009 -0.257796168 -0.478003144
vn 0.518506408 -0.125269428 -0.845847964
vn 0.827783346 0.324084491 0.457978189
vn 0.809824944 0.404355794 0.425064743
vn -0.561848462 0.331203997 0.758043706
vn -0.820453405 -0.345079124 -0.455825239
vn 0.55122 -0.271927357 -0.788804173
vn 0.809824944 0.404355794 0.425064743
vn 0.796835601 0.468016714 0.382117033
vn -0.582826495 0.444843352 0.680020332
vn -0.813080192 -0.3696886 -0.449700922
vn 0.566581905 -0.346515238 -0.747604251
vn 0.796835601 0.468016714 0.382117033
vn 0.796835482 0.468016803 0.382117212
vn -0.582826436 0.444843382 0.680020392
vn -0.813080013 -0.36968872 -0.44970116
vn 0.566581786 -0.346515298 -0.747604311
vn 0.796835363 0.468016863 0.382117331
vn -0.356550097 -0.386001885 -0.478972107
vn 0.439645588 0.0633895993 -0.589015603
vn 0.688382804 0.356635123 0.287669003
vn -0.766115844 -0.482154757 -0.174602717
vn -0.356550395 -0.386001915 -0.478971899
vn -0.0741744861 -0.698888958 -0.711373627
vn 0.779875338 0.402588278 -0.479288161
vn 0.0248579606 0.747043848 0.6643098
vn -0.829191864 -0.354433328 0.432224363
vn -0.0741744861 -0.698888958 -0.711373627
vn 0.0457377695 -0.804987431 -0.59152621
vn 0.817041039 0.370045334 -0.442165673
vn -0.0809497535 0.833893359 0.545956969
vn -0.852252901 -0.341140419 0.396595806
vn 0.0457377695 -0.804987431 -0.59152621
vn 0.0356689431 -0.790134013 -0.611895442
vn 0.846364021 0.346361548 -0.40460062
vn -0.0961640775 0.85060817 0.516931534
vn -0.906859159 -0.28588739 0.309636742
vn 0.0356689431 -0.790134013 -0.611895442
vn 0.0356634334 -0.79013598 -0.611893177
vn 0.846364021 0.346361697 -0.404600531
vn -0.096158646 0.850610137 0.516929328
vn -0.906859159 -0.28588751 0.309636682
vn 0.0356635861 -0.79013592 -0.611893237
vn -0.152292594 0.564194441 0.811474919
vn -0.388319641 0.219358385 0.895036161
vn -0.875798941 0.481881261 -0.0276893657
vn -0.603135347 0.797163725 -0.0275265481
vn 0.997193575 -0.0736814812 -0.013268725
vn 0.875965536 -0.482222646 -0.0120745338
vn 0.35678938 -0.202110484 -0.912059605
vn 0.522372961 0.172593668 -0.83506763
vn 0.568646669 -0.0702928603 0.819572985
vn 0.384514421 -0.454276532 0.803605318
vn -0.526146114 0.117723584 0.842206299
vn -0.265959889 0.443081886 0.856121361
vn 0.672888398 0.255864561 -0.69408536
vn 0.499166638 -0.0955461264 -0.861222208
vn -0.414369255 0.46746099 -0.780883074
vn -0.163893327 0.76243633 -0.625963151
vn 0.886619091 0.0775295049 0.455955833
vn 0.717083156 -0.264869213 0.644698441
vn -0.0700857118 0.421448439 0.904140055
vn 0.165756628 0.696542978 0.698106468
vn 0.2685664 -0.0469020493 -0.962118626
vn 0.0373055525 -0.401727974 -0.914998889
vn -0.732821524 0.288021237 -0.61645472
vn -0.439404309 0.574707389 -0.690387785
vn -0.155871972 -0.0223811269 -0.987523675
vn -0.416892707 -0.32872352 -0.847432196
vn 0.490360409 -0.747511864 -0.448076695
vn 0.666271925 -0.411846012 -0.621662796
vn -0.19747448 0.956151545 0.216282368
vn -0.462650418 0.74753505 0.476598352
vn 0.445750982 0.301763892 0.842760086
vn 0.625538051 0.546274841 0.557033241
vn -0.44699946 0.497348785 -0.74352926
vn -0.721816659 0.180498749 -0.668132424
vn 0.127646968 -0.442576259 -0.887599289
vn 0.321467489 -0.0778392479 -0.94371593
vn 0.124218129 0.720692515 0.682035327
vn -0.0935518667 0.426147521 0.899803519
vn 0.740162015 -0.203086883 0.641027331
vn 0.880770802 0.14084509 0.452112257
vn -0.647512138 0.179395542 -0.740638375
vn -0.829522669 -0.148560509 -0.538351059
vn 0.100859419 -0.641568959 -0.7604056
vn 0.196560442 -0.277926087 -0.9402771
vn 0.0498104207 0.892475069 0.44833833
vn -0.0625585914 0.635734022 0.769369066
vn 0.848596215 0.123062484 0.514529049
vn 0.879338026 0.420278728 0.223898306
vn 0.67722106 0.134977564 -0.723292947
vn 0.552992821 -0.267308831 -0.789141953
vn 0.886065423 -0.405437112 0.224741772
vn 0.9798913 -8.57619889E-05 0.199532166
vn -0.637702465 0.750196338 -0.174759999
vn -0.893252373 0.409351319 -0.185827076
vn -0.523921251 0.254258692 0.812932432
vn -0.307603598 0.60229975 0.736624062
vn -0.586443067 0.605791748 0.537681103
vn -0.769625723 0.225667343 0.597285986
vn -0.847941995 0.233429402 -0.475925535
vn -0.663341582 0.605409205 -0.439838171
vn 0.900081515 0.183473229 0.395209938
vn 0.865358055 -0.238828599 0.440586418
vn 0.746051788 -0.219421387 -0.628697872
vn 0.792175055 0.19189994 -0.579338491
vn -0.250793904 0.391684204 -0.885260344
vn -0.516218781 0.0597223379 -0.854371965
vn 0.396516591 -0.503619492 -0.767555892
vn 0.576062083 -0.129520759 -0.807079256
vn -0.114450321 0.784083068 0.610012174
vn -0.3662588 0.491309822 0.790233612
vn 0.542717814 -0.0828526542 0.835818648
vn 0.709562302 0.254692525 0.657003105
vn 0.0122156078 -0.000344766129 0.999925315
vn 0.19089222 -0.375852823 0.90680474
vn -0.737692952 -0.549938202 0.391633958
vn -0.831584275 -0.167903662 0.529411018
vn 0.488850743 0.846739292 -0.209898725
vn 0.715129077 0.555829346 -0.423844516
vn -0.226599604 0.358386129 -0.905655622
vn -0.364891768 0.661510825 -0.655177355
vn -0.193169683 0.458882153 -0.867244303
vn -0.143190295 0.0533439778 -0.988256514
vn 0.826876223 0.167810142 -0.536763966
vn 0.693374217 0.555053294 -0.459508419
vn -0.7946015 0.258619875 0.549294293
vn -0.804687023 -0.166918889 0.569751561
vn 0.181964695 -0.046930477 0.982184529
vn 0.10448882 0.358968556 0.927482426
vn -0.315075219 -0.254918158 0.914190531
vn -0.174492568 -0.626379907 0.759737194
vn -0.899034798 -0.437678754 -0.0131840697
vn -0.974095702 -0.0916323289 0.206739143
vn 0.652197361 0.729826868 0.204917923
vn 0.889381647 0.456711441 -0.0203706082
vn 0.138167202 0.618259192 -0.773734748
vn -0.0270000473 0.872571826 -0.487739027
vn 0.0363879539 -0.281532586 0.95886147
vn 0.108433701 -0.648089886 0.753804803
vn -0.845815599 -0.439604998 0.302230746
vn -0.833238423 -0.10012351 0.543772936
vn 0.687693596 0.725534022 -0.0260367021
vn 0.824785292 0.459552318 -0.329455346
vn -0.147424027 0.640268207 -0.753871858
vn -0.195519105 0.885936558 -0.420581311
vn 0.73725301 0.365230799 -0.568387628
vn 0.69418931 -0.0310361162 -0.719123065
vn 0.90287143 -0.308488965 0.299429119
vn 0.928319156 0.10355255 0.357072115
vn -0.726659358 0.66976589 -0.15290463
vn -0.915923893 0.30391258 -0.262145907
vn -0.666875422 0.0180622786 0.744950294
vn -0.505057037 0.401735067 0.763888955
vn -0.616179407 -0.273820609 0.738474905
vn -0.463771671 -0.648313105 0.603826106
vn -0.878051519 -0.337391257 -0.33940056
vn -0.992232919 0.00096028368 -0.124390677
vn 0.606922865 0.642313838 0.468057275
vn 0.881481886 0.359315395 0.306401819
vn 0.433475852 0.644975722 -0.629368722
vn 0.205356345 0.897984982 -0.389167964
vn 0.657396138 0.121106453 -0.743749619
vn 0.574992776 -0.296578646 -0.762511969
vn 0.92379272 -0.285249382 0.255420715
vn 0.975344598 0.122135825 0.183808997
vn -0.712047815 0.656932235 -0.247846633
vn -0.931217909 0.292759508 -0.217083126
vn -0.5446558 0.289313763 0.787176967
vn -0.365533203 0.646784723 0.669369102
vn 0.159549132 -0.263598412 0.951346338
vn 0.280661881 -0.612592936 0.738890231
vn -0.727142632 -0.58276397 0.362835675
vn -0.757606149 -0.244886205 0.605031967
vn 0.541580617 0.837434828 -0.0734389424
vn 0.700846851 0.598400474 -0.388240457
vn -0.317492157 0.597869277 -0.736037433
vn -0.3835437 0.833180487 -0.398377299
vn -0.88754034 0.166031688 0.429773867
vn -0.907235563 -0.249750867 0.338449717
vn -0.738209665 0.0898694396 -0.66855818
vn -0.735453904 0.466967046 -0.49096778
vn 0.63173455 0.322921485 0.704722047
vn 0.763769388 -0.0771927238 0.640856981
vn 0.8909024 0.258101672 -0.373733133
vn 0.752130032 0.620584369 -0.221755341
vn 0.951441467 0.170208499 0.256492108
vn 0.873297036 -0.205548435 0.441703707
vn 0.0890284851 0.341021478 0.935830295
vn 0.235451326 0.661039472 0.712453127
vn 0.0432517491 0.0611954071 -0.99718821
vn -0.125593588 -0.325449049 -0.937181473
vn -0.884820282 0.224127427 -0.408484966
vn -0.653794765 0.554300785 -0.515075743
vn 0.201028988 -0.487148196 -0.849867046
vn 0.0782307386 -0.802743137 -0.591171205
vn 0.891789198 -0.452024519 0.0196446218
vn 0.941507757 -0.175113201 -0.287921131
vn -0.668425322 0.67776686 -0.306332648
vn -0.878056049 0.478511691 0.00664601615
vn -0.0405225456 0.797108829 0.602474511
vn 0.090189971 0.96550256 0.244275704
vn 0.451537848 0.805040836 0.384737432
vn 0.414689839 0.550522208 0.724539638
vn -0.63468194 0.59691906 0.490781516
vn -0.50659585 0.843217254 0.179848105
vn 0.623922944 -0.249705911 -0.740518153
vn 0.604290903 -0.609562218 -0.513094902
vn -0.449835062 -0.534081399 -0.715825081
vn -0.337807268 -0.189528197 -0.921935618
vn -0.164931938 -0.720714509 -0.673326135
vn -0.341674447 -0.883209765 -0.321246028
vn 0.647305965 -0.757602274 0.0838678032
vn 0.733750224 -0.611204326 -0.29671526
vn -0.417868853 0.793051422 -0.443232387
vn -0.619872272 0.781735778 -0.068172738
vn 0.376083106 0.865602374 0.330596596
vn 0.486089677 0.870985568 -0.0714209825
vn -0.764656842 0.255930156 -0.591438651
vn -0.945255518 -0.0237912796 -0.325462908
vn -0.185847968 -0.685778737 -0.703681827
vn -0.0769114047 -0.354430765 -0.931913853
vn 0.298159599 0.890019 0.344915956
vn 0.223704293 0.673623919 0.704405546
vn 0.953805745 -0.00584829133 0.300367266
vn 0.963735759 0.266431302 -0.0150908558
vn 0.869416177 0.465994477 0.164209247
vn 0.888106644 0.139841795 0.437847912
vn -0.0205644835 0.570471883 0.821059644
vn 0.0418808125 0.852694929 0.520727813
vn 0.044894848 -0.175412983 -0.983470738
vn -0.0187594797 -0.565622926 -0.824450612
vn -0.904695153 -0.117306396 -0.40959236
vn -0.765441716 0.224666834 -0.603012264
vn -0.508887649 -0.262538046 -0.819821358
vn -0.621659517 -0.56542176 -0.542067945
vn 0.43808338 -0.747383118 -0.499501199
vn 0.455174625 -0.436159194 -0.776261032
vn -0.30954057 0.940518498 0.140034273
vn -0.402403682 0.75778383 0.513648629
vn 0.651842892 0.542649031 0.529747963
vn 0.650363863 0.741802394 0.163572669
vn 0.642567337 0.657202423 0.393944323
vn 0.649194241 0.341213554 0.679794192
vn -0.407127827 0.538113654 0.73802489
vn -0.320529193 0.831099391 0.454461038
vn 0.389485389 -0.146462932 -0.909312725
vn 0.370837003 -0.542714 -0.753618896
vn -0.67850703 -0.32365337 -0.659451842
vn -0.568332434 0.0441979952 -0.821611047
vn -0.734062254 0.644626021 -0.213564843
vn -0.916252673 0.392919123 0.0780742913
vn -0.678202808 -0.38572216 -0.625507355
vn -0.522356212 -0.0708228424 -0.849781215
vn 0.740262151 0.615674973 0.27010411
vn 0.705312431 0.361076564 0.610047579
vn 0.902709067 -0.416767091 -0.106871553
vn 0.921215236 -0.0991705135 -0.376201659
vn -0.218566269 0.514585972 -0.82911402
vn -0.604401112 0.439405203 -0.664546728
vn -0.303151071 -0.590275228 -0.74811399
vn 0.0472357385 -0.42631653 -0.903339922
vn 0.625361502 0.623917401 0.468668491
vn 0.323809415 0.559655488 0.762845457
vn 0.601788938 -0.473040342 0.643492758
vn 0.873559952 -0.3192662 0.367371947
vn -0.567958653 0.46534133 -0.678881824
vn -0.851016521 0.366583496 -0.376015216
vn -0.519261897 -0.63903451 -0.567452192
vn -0.272659689 -0.454229027 -0.848134875
vn 0.702725768 0.687262952 0.183973268
vn 0.546570897 0.610668421 0.573013365
vn 0.843287587 -0.401069701 0.357783645
vn 0.97151947 -0.236937091 -0.00327835605
vn 0.0373948254 -0.350100309 -0.935965478
vn -0.381180733 -0.349271208 -0.855985284
vn -0.101171225 -0.994015574 -0.04119955
vn 0.283572525 -0.939525902 -0.192035764
vn 0.489369452 0.867740691 -0.086853981
vn 0.115932427 0.990195453 0.0779268891
vn 0.383479118 0.31186983 0.869299173
vn 0.72611928 0.252911806 0.639364064
vn 0.366572797 0.542189717 0.756078541
vn 0.0664756969 0.308914661 0.948763788
vn -0.58384198 0.778232098 0.231264725
vn -0.233373567 0.9664976 0.106860071
vn 0.824096739 -0.444936335 -0.350565583
vn 0.569692373 -0.776795745 -0.268400639
vn -0.0932417437 -0.280258566 -0.955385327
vn 0.21460636 -3.72995237E-05 -0.976700604
vn -0.120276861 -0.81615454 -0.565177202
vn -0.504612088 -0.772023082 -0.386454344
vn 0.0509866513 -0.845073521 0.532213449
vn 0.378011763 -0.883507907 0.276624233
vn 0.313161016 0.670087695 -0.672987878
vn -0.0278869979 0.862650037 -0.505031884
vn 0.515760362 0.748617411 0.416609198
vn 0.802408695 0.571732223 0.171062902
vn -0.17212674 -0.722198904 -0.669926286
vn -0.543017685 -0.701827407 -0.461053193
vn 0.070277378 -0.915097117 0.397062182
vn 0.379048169 -0.917943001 0.117060505
vn 0.280558437 0.75986433 -0.586424112
vn -0.0451229736 0.92824924 -0.369211584
vn 0.555689752 0.674112678 0.486601502
vn 0.822290838 0.53320539 0.198821083
vn -0.414609104 0.822718203 -0.38888818
vn -0.700201094 0.707696974 -0.0942521468
vn -0.725425243 -0.210130528 -0.655441344
vn -0.445022911 -0.0163339879 -0.895370245
vn 0.896780014 0.338451624 0.285019606
vn 0.742156148 0.17506662 0.646958947
vn 0.68077147 -0.729408085 0.0671869367
vn 0.839011669 -0.490499586 -0.235519841
vn -0.196883634 0.69686377 -0.689650416
vn -0.587122917 0.568954945 -0.575827241
vn -0.227811918 -0.395586163 -0.889726579
vn 0.121878587 -0.185394853 -0.975076616
vn 0.563466072 0.50964129 0.65020901
vn 0.249162748 0.363034576 0.897844017
vn 0.587507844 -0.596344531 0.546998858
vn 0.866368234 -0.368712366 0.336834311
vn 0.363203377 -0.113298029 0.924795628
vn 0.016247578 -0.360612065 0.932574391
vn -0.489499599 0.553340077 0.673947215
vn -0.105811588 0.715363204 0.690694869
vn 0.784271061 -0.264472663 -0.561224699
vn 0.479367167 -0.526884615 -0.701854527
vn -0.0379908234 0.391236335 -0.919505775
vn 0.306472778 0.567342043 -0.764328063
vn -0.723762155 0.231952518 0.649897158
vn -0.760215402 -0.19163397 0.620764792
vn -0.905058384 0.0168650318 -0.424952894
vn -0.858328044 0.413112968 -0.304319918
vn 0.80476284 0.398784399 0.43969056
vn 0.920963049 -0.00814060681 0.389564812
vn 0.733972251 0.195758119 -0.650356472
vn 0.638313115 0.576464891 -0.51014179
vn 0.327697039 0.508406639 -0.796327412
vn 0.119170949 0.183003753 -0.975862622
vn 0.813535035 -0.412876636 -0.409504145
vn 0.95763129 -0.0421226248 -0.28490001
vn -0.510832369 0.702889621 0.494971305
vn -0.803102434 0.396909446 0.444397837
vn -0.0856160596 -0.204334006 0.975150049
vn 0.136593312 0.148303211 0.979463279
vn -0.803361773 0.556307614 0.212442294
vn -0.965691447 0.162409022 0.202641025
vn -0.576988876 0.16065754 -0.800795197
vn -0.453777045 0.546822071 -0.70361352
vn 0.627630174 0.258914918 0.734195769
vn 0.608213544 -0.164684519 0.776501954
vn 0.957457662 -0.158235595 -0.241321892
vn 0.947365582 0.255632788 -0.192744017
vn 0.828953683 -0.225561649 0.511818051
vn 0.688352525 -0.609832466 0.392778784
vn -0.197154626 -0.314947426 0.928406298
vn 0.0188410617 0.0344499275 0.999228776
vn 0.351475 0.634039462 -0.688809991
vn 0.163188145 0.335616887 -0.927755892
vn -0.709153235 0.606799126 -0.359021723
vn -0.448677957 0.876120508 -0.17635487
vn 0.22839874 -0.404822052 0.885411263
vn 0.105369911 -0.744448841 0.659312606
vn -0.810138881 -0.188613012 0.555067718
vn -0.609927833 0.0941279009 0.786846817
vn 0.850799143 0.469884485 -0.235264659
vn 0.78992933 0.217614442 -0.573284984
vn -0.142741829 0.749330938 -0.646628141
vn -0.000510335434 0.950588763 -0.31045264
vn 0.131704733 -0.573454559 0.808581352
vn 0.0216440484 -0.858812988 0.51183188
vn -0.864273548 -0.252840757 0.434859604
vn -0.679501176 -0.0278242622 0.733146667
vn 0.88183713 0.467061371 -0.0649379641
vn 0.846692085 0.28561902 -0.448925763
vn -0.059910208 0.86289984 -0.501811385
vn 0.0549837761 0.990987241 -0.122151561
vn 0.349813581 -0.153184071 0.924210548
vn 0.198327512 -0.537516475 0.819598794
vn -0.725231528 -0.00101891509 0.688504398
vn -0.49626857 0.32759589 0.803989112
vn 0.808280289 0.357855231 -0.467570931
vn 0.702581286 0.0245601982 -0.711179554
vn -0.233619481 0.546966195 -0.803896666
vn -0.0473649763 0.827975214 -0.558760822
vn 0.0949458629 -0.507420957 0.856451511
vn 0.0335741378 -0.819210947 0.572508693
vn -0.881479859 -0.28912133 0.373365939
vn -0.741825402 -0.0315518193 0.669850469
vn 0.849098861 0.527862012 -0.0198191963
vn 0.863044381 0.319465488 -0.391275197
vn -0.0728050098 0.821008086 -0.566255391
vn -0.00340355444 0.982135952 -0.188141942
vn 0.447106063 0.139129579 -0.883594453
vn 0.204294354 -0.203171045 -0.957593501
vn 0.767343342 -0.625009656 -0.143342555
vn 0.95659107 -0.25361535 -0.143571556
vn -0.431020588 0.889271259 0.153029189
vn -0.761530876 0.621886969 0.182557583
vn -0.174267843 0.179363564 0.968224943
vn 0.0967816859 0.480878741 0.871429265
vn 0.25717625 0.416262895 0.872115612
vn -0.0797520354 0.178966284 0.980617464
vn -0.582815051 0.776274025 0.240260959
vn -0.209373698 0.957094014 0.200334087
vn 0.85256201 -0.445789546 -0.272781342
vn 0.5750947 -0.769179404 -0.278620005
vn 0.0556140989 -0.148100913 -0.987407327
vn 0.373592556 0.113023542 -0.920681417
vn 0.492461443 0.327107549 -0.806524932
vn 0.131302968 0.176689908 -0.975469232
vn 0.439959943 -0.74142772 -0.506675661
vn 0.76703757 -0.514027655 -0.383964837
vn -0.0244644508 0.820551813 0.571048379
vn -0.437248349 0.719414413 0.53968215
vn -0.114337459 -0.212309867 0.970490336
vn 0.260894418 -0.0308764633 0.964873433
vn -0.00377282756 -0.0847624466 0.996394038
vn -0.219947606 -0.431353867 0.874961078
vn -0.867357492 0.288636059 0.405438304
vn -0.599895895 0.564572215 0.56690675
vn 0.978392482 0.0672373101 -0.195518047
vn 0.860306382 -0.264174223 -0.435987294
vn 0.185813367 0.451625109 -0.872644365
vn 0.361781657 0.713401794 -0.600143194
vn -0.00120928744 0.338374496 -0.941010773
vn -0.384416282 0.154520705 -0.910135984
vn 0.192298993 -0.720604897 -0.666145384
vn 0.516629219 -0.464246064 -0.719423234
vn 0.192148253 0.834290922 0.516756952
vn -0.17174843 0.699964166 0.693219006
vn 0.399635643 -0.188836664 0.897012889
vn 0.705953836 0.0213253312 0.707936704
vn -0.130727813 0.537566066 0.833026409
vn -0.441553921 0.247520581 0.86241734
vn -0.7466833 0.65991503 -0.0835232958
vn -0.416730672 0.908587217 -0.0283697285
vn 0.954147935 -0.285790265 0.0890264884
vn 0.751668036 -0.658064663 0.0441141911
vn 0.416623682 -0.222966239 -0.881312013
vn 0.645515025 0.102405764 -0.756850958
vn 0.882974803 -0.353737205 -0.30858624
vn 0.654812813 -0.71017319 -0.258600414
vn 0.553822339 -0.356223881 0.752585828
vn 0.787329853 -0.0394159518 0.615270734
vn -0.232320085 0.637898743 -0.734242797
vn -0.571866393 0.380497217 -0.726767302
vn -0.642103493 0.707103014 0.296156257
vn -0.304700792 0.931535244 0.198493138
vn -0.0229831543 -0.206903741 0.978091359
vn -0.320009053 -0.469980001 0.822625697
vn -0.765363455 0.442817301 0.467045635
vn -0.436494023 0.620151877 0.651831746
vn 0.963197351 -0.155729383 -0.219087258
vn 0.764661074 -0.413695067 -0.494115174
vn 0.292113215 0.497691721 -0.816684067
vn 0.5291152 0.670259058 -0.520374715
vn -0.507081151 0.630187511 0.587990224
vn -0.764433444 0.290754467 0.57541579
vn -0.739368498 0.465956688 -0.486023247
vn -0.491116166 0.783680022 -0.38032949
vn 0.877700865 -0.0612471513 0.475278884
vn 0.758646548 -0.469733983 0.451448053
vn 0.745527148 -0.275465846 -0.606883705
vn 0.864780307 0.106668264 -0.490690172
vn 0.400603533 -0.876569629 -0.26672563
vn -0.00455663074 -0.92020911 -0.391400695
vn -0.214643419 -0.731650829 0.647004843
vn 0.200307295 -0.707173526 0.678072751
vn 0.596325934 0.649169624 -0.472201347
vn 0.210712388 0.757905602 -0.617397249
vn -0.00477136904 0.904392719 0.426674455
vn 0.391947001 0.786739945 0.476883411
vn 0.0704276115 -0.918051302 -0.39015606
vn -0.187852576 -0.980541646 -0.0570053831
vn 0.640325546 -0.581233263 0.502146482
vn 0.820888877 -0.556729794 0.127253264
vn -0.322269708 0.530819058 -0.783819735
vn -0.61976856 0.613027275 -0.489984125
vn 0.219238132 0.972384214 0.0800228715
vn 0.436383098 0.86191833 -0.258198738
vn 0.991248667 -0.102651685 0.0829982013
vn 0.848386645 -0.330153406 0.413810015
vn 0.390024424 0.601206303 0.697446764
vn 0.571451306 0.742380023 0.349736094
vn -0.161699012 -0.325415462 -0.931642711
vn -0.419705659 -0.575164557 -0.702163041
vn -0.846276224 0.36233753 -0.390548438
vn -0.557446778 0.524262786 -0.643740356
vn -0.845652759 0.520109892 -0.119821176
vn -0.91863817 0.310694069 0.244076103
vn -0.744413853 -0.558643401 -0.365739644
vn -0.68995434 -0.277441084 -0.668572724
vn 0.689976275 0.723388612 -0.025331445
vn 0.770354033 0.534274101 0.348002762
vn 0.902234554 -0.340669155 -0.26441887
vn 0.81364274 -0.0784030259 -0.576054215
vn 0.9864465 0.111795411 -0.120104596
vn 0.963425636 -0.102061071 0.247779265
vn 0.371971399 0.741587758 0.558287501
vn 0.447853148 0.8774845 0.171606004
vn -0.259580851 -0.452617973 -0.853085458
vn -0.407042325 -0.722842515 -0.558404207
vn -0.964138508 0.136369959 -0.227684453
vn -0.77218318 0.324844509 -0.546085298
vn 0.975000262 -0.198796973 0.0992690921
vn 0.804620981 -0.415331095 0.424364418
vn 0.432720602 0.552508295 0.712381542
vn 0.633490384 0.679600775 0.369909048
vn -0.174483478 -0.297298908 -0.938705981
vn -0.459661573 -0.523670435 -0.717272997
vn -0.799865961 0.446885377 -0.400634348
vn -0.492016077 0.583153784 -0.646414638
vn 0.568277299 0.760967314 0.313033074
vn 0.555958986 0.509427786 0.656805098
vn -0.507371247 0.648466408 0.567508399
vn -0.401803374 0.883715987 0.240000233
vn 0.493067294 -0.300743788 -0.816356421
vn 0.473237813 -0.658316433 -0.585376441
vn -0.588018835 -0.490001768 -0.643531024
vn -0.475444764 -0.155848533 -0.865831077
vn 0.0356390886 -0.939642906 -0.340295613
vn -0.0185018927 -0.996740341 0.0785261318
vn 0.891880453 -0.427258641 0.148321673
vn 0.865765631 -0.422852099 -0.267667651
vn -0.74209255 0.387301624 -0.547079682
vn -0.87390542 0.462726027 -0.148909286
vn 0.0579225048 0.995618284 -0.0734118074
vn 0.104257137 0.876413405 -0.470138282
vn 0.125507131 -0.610552371 -0.781967878
vn 0.220616877 -0.863902271 -0.452770382
vn 0.96233803 -0.111681052 -0.247856483
vn 0.805224299 0.0692789257 -0.588909447
vn -0.941987574 0.308921188 -0.131251827
vn -0.95348835 0.1473988 0.262932599
vn -0.182331622 0.874266505 0.449903607
vn -0.240003198 0.96957314 0.0482332222
vn -0.980253041 0.158114463 0.11875955
vn -0.856367707 0.0554854386 0.513376713
vn -0.523021042 -0.851397216 0.0396460518
vn -0.675022602 -0.672011375 -0.304540902
vn 0.298862219 0.864647806 -0.40381375
vn 0.550492585 0.832580149 -0.0613858141
vn 0.848568559 -0.0937847793 -0.520707011
vn 0.577411294 0.0197841115 -0.816213727
vn 0.455967754 0.428229213 0.78020072
vn 0.0508897565 0.408957213 0.911133468
vn -0.13347885 0.990740299 0.0248415917
vn 0.279269874 0.959899783 -0.0245115012
vn 0.52669394 -0.843336463 -0.106663078
vn 0.128679425 -0.989599347 -0.0643011928
vn -0.0576393679 -0.372754008 -0.926138282
vn 0.348520786 -0.285142124 -0.892875791
vn 0.27298817 0.821736097 0.500227153
vn -0.13801904 0.783346653 0.606068373
vn -0.289415926 0.840640187 -0.457780033
vn 0.125889853 0.874844253 -0.467759937
vn 0.662048042 -0.671299636 0.333240569
vn 0.289895982 -0.858798325 0.422404796
vn 0.127770975 -0.760335386 -0.636839628
vn 0.50683409 -0.587047756 -0.631263912
vn 0.157995492 -0.45463571 0.876552224
vn -0.231794357 -0.591638327 0.772162855
vn -0.462597013 0.459320724 0.758306384
vn -0.0613583401 0.500961304 0.863291919
vn 0.790478468 -0.302717417 -0.532452703
vn 0.463854641 -0.424548 -0.777558923
vn 0.215611741 0.622222006 -0.752563238
vn 0.557931542 0.649710596 -0.516322136
vn 0.117602177 0.73448199 0.668360591
vn -0.280355096 0.603554785 0.746406555
vn -0.433547348 0.853539526 -0.288975894
vn -0.0311527401 0.961245477 -0.273928016
vn 0.770268261 -0.599424422 0.217662975
vn 0.43749249 -0.863568723 0.250697821
vn 0.26630339 -0.576802492 -0.772257388
vn 0.60789907 -0.344836533 -0.715224743
vn -0.195105195 0.617044628 0.762358189
vn -0.557302237 0.394787461 0.730449915
vn -0.560865641 0.781313956 -0.273821652
vn -0.207047313 0.96615839 -0.153848425
vn 0.833927691 -0.454327494 0.313290834
vn 0.574500024 -0.78358227 0.236534268
vn 0.54256171 -0.367513537 -0.755354643
vn 0.800520658 -0.0828655958 -0.593548596
vn 0.34783569 0.675634265 0.650022089
vn -0.0731742084 0.698407412 0.711949825
vn -0.0897088349 0.937150955 -0.33719492
vn 0.323806763 0.89553225 -0.305239707
vn 0.497275233 -0.822848856 0.275022209
vn 0.0911898389 -0.949728787 0.299498856
vn 0.0705345273 -0.669665694 -0.739305615
vn 0.470129102 -0.571693599 -0.672417343
vn 0.116315998 0.0406156741 -0.992381513
vn -0.302412987 -0.0279392041 -0.952767372
vn 0.0173858162 -0.906984687 -0.420804679
vn 0.3989833 -0.763550162 -0.507743537
vn 0.387818515 0.875890672 0.287075579
vn -0.00379561051 0.89075458 0.454468846
vn 0.308516711 -0.0113230357 0.95115155
vn 0.664822459 0.0543016121 0.745025158
vn 0.0978887901 -0.923690557 0.370423466
vn -0.285764962 -0.940145314 0.18564786
vn -0.505408943 -0.125616983 0.853687465
vn -0.111257471 -0.182178482 0.976950765
vn 0.819768071 0.0805686638 -0.566999972
vn 0.508208215 0.164408907 -0.845395803
vn 0.268659025 0.951245487 -0.151507482
vn 0.595563889 0.801132321 0.0590812974
vn 0.429237813 -0.087406911 0.898952186
vn 0.0144980783 -0.113058679 0.99348253
vn -0.0261317622 0.853016973 0.521228552
vn 0.383515924 0.793976665 0.471716702
vn 0.43878001 -0.74074471 -0.508693814
vn 0.0249933675 -0.831645072 -0.55474478
vn -0.0158995893 0.152445778 -0.988183975
vn 0.392859131 0.154266968 -0.906566858
vn -0.759603739 -0.131898463 0.636871278
vn -0.681700408 -0.529526353 0.504862785
vn -0.87661922 -0.112573355 -0.467831254
vn -0.937350094 0.239461169 -0.253047764
vn 0.669046998 0.471030951 0.574896574
vn 0.889629543 0.133617416 0.436698586
vn 0.655316591 0.533945203 -0.534287035
vn 0.461499751 0.829814076 -0.31373018
vn -0.748041868 0.143558398 -0.64793849
vn -0.611338496 -0.246417224 -0.752026439
vn 0.325641215 0.258843094 -0.909372389
vn 0.109146923 0.596288919 -0.795315325
vn -0.45822525 0.146610349 0.876661301
vn -0.292577863 -0.243060663 0.924834967
vn 0.636410832 0.262115747 0.725449324
vn 0.392918497 0.599277437 0.697482347
vn -0.927246153 0.0897495672 -0.36353761
vn -0.750938535 -0.189863577 -0.632489681
vn -0.0421216413 0.602986097 -0.796638906
vn -0.27785638 0.807502389 -0.52032268
vn -0.177007556 -0.267743617 0.947091222
vn 0.074226357 -0.583059728 0.809031367
vn 0.7623564 0.219648048 0.608742476
vn 0.456733137 0.457466632 0.762967348
vn 0.00279459287 0.738686442 -0.674043417
vn 0.0469168574 0.392471731 -0.918566704
vn 0.921637714 0.228536546 -0.313616097
vn 0.802540421 0.582569242 -0.128615722
vn -0.863557279 0.162424564 0.47737509
vn -0.90595752 -0.241341457 0.347843736
vn -0.0073472308 -0.389386684 0.921045065
vn -0.045739755 0.018327754 0.998785257
vn 0.0376776829 0.925448835 -0.37699452
vn 0.277510345 0.705487549 -0.652131438
vn 0.852193177 0.471407175 0.227028832
vn 0.568002284 0.708550215 0.418724209
vn -0.985595644 -0.164448872 0.0394696109
vn -0.847956955 -0.493258297 -0.194075301
vn -0.245057642 -0.697285593 0.673601925
vn -0.433925927 -0.358613044 0.826501667
vn 0.167010307 0.858060479 -0.485633433
vn 0.230152473 0.567289114 -0.790704072
vn 0.974791348 0.194641829 -0.109070994
vn 0.848744273 0.512874901 0.12881209
vn -0.920638621 0.146111682 0.362044036
vn -0.966119885 -0.215761945 0.141630813
vn -0.191489592 -0.56877774 0.799889803
vn -0.216216937 -0.184223115 0.958807647
vn -0.872792244 0.0395320728 -0.486488283
vn -0.798959136 -0.379689872 -0.466368884
vn 0.106197856 -0.119858451 -0.9870947
vn -0.0463544726 0.267274112 -0.962504983
vn -0.209236458 0.506755114 0.83631295
vn -0.0691340193 0.134194523 0.98854053
vn 0.817726672 0.381142765 0.431338996
vn 0.603360534 0.724751353 0.332703233
vn 0.675094485 0.585940361 -0.448242545
vn 0.685618877 0.234566286 -0.689133823
vn 0.939265728 -0.245248109 0.24006933
vn 0.908319473 0.140957057 0.393810689
vn -0.813136935 0.582013488 -0.00828967243
vn -0.951242208 0.230246902 -0.205243111
vn -0.656558096 -0.249459699 0.711829543
vn -0.548868239 0.137111679 0.824587166
vn -0.977460682 -0.205932334 -0.0465024523
vn -0.800804257 -0.584095657 -0.132456765
vn -0.337398946 -0.0449817628 -0.940286458
vn -0.552256644 0.277270615 -0.786214769
vn 0.0834019557 0.388514519 0.917660356
vn 0.366006851 0.0697182789 0.927996993
vn 0.80016005 0.592441201 0.0935804769
vn 0.486477464 0.859318018 0.157835722
vn 0.842504501 0.174812511 0.509535909
vn 0.987255156 -0.0179638639 0.158127993
vn 0.335485011 -0.813220024 0.475523949
vn 0.252383083 -0.555414021 0.792349756
vn -0.393603563 0.917010427 -0.0645608306
vn -0.372302681 0.798357189 -0.473303735
vn -0.989988267 -0.0173646882 -0.140077412
vn -0.957940817 0.17130208 0.230228275
vn -0.879484177 0.464960247 -0.101585202
vn -0.839684129 0.263385296 -0.474930257
vn 0.0692636743 0.835015833 -0.545848966
vn -0.0503775813 0.983261645 -0.175096259
vn -0.14434351 -0.529590487 0.835882127
vn -0.0311250705 -0.830491066 0.556161761
vn 0.857551873 -0.231436446 0.459393054
vn 0.669428647 0.00945657212 0.74281615
vn 0.89363414 0.00399397686 0.448778421
vn 0.984540462 -0.161875308 0.0669062212
vn 0.255659491 -0.900457144 0.351873845
vn 0.231972232 -0.674213111 0.701160192
vn -0.268716931 0.960560679 0.0715148076
vn -0.293894351 0.890223503 -0.348034799
vn -0.990724623 0.125264674 -0.0526642539
vn -0.906133235 0.262400061 0.331766099
vn 0.988871396 0.0802559331 0.125269264
vn 0.959473193 -0.0656248257 -0.274052143
vn 0.433955222 -0.879854739 0.193748578
vn 0.510345042 -0.666414738 0.543543339
vn -0.308675945 0.927104831 0.212593019
vn -0.46765998 0.865798771 -0.178007588
vn -0.957399309 0.028217271 0.287385434
vn -0.760136664 0.162769273 0.629045725
vn -0.868519545 0.473400086 -0.146854028
vn -0.897005618 0.145398334 -0.417420954
vn 0.00632485701 0.564037442 -0.825724959
vn -0.0460833088 0.849123955 -0.526179433
vn -0.0228553675 -0.167543069 0.985599756
vn 0.0331148915 -0.559555888 0.828130722
vn 0.913127184 -0.123243004 0.388599962
vn 0.781941235 0.221550614 0.582651913
vn -0.679004014 0.701990783 -0.214854598
vn -0.602841735 0.529362559 -0.596956432
vn 0.411346793 0.823731065 -0.390206426
vn 0.247440696 0.968261659 -0.0352498926
vn -0.473674506 -0.534923375 0.699635208
vn -0.377006084 -0.831081927 0.408863336
vn 0.63152045 -0.50260663 0.590397
vn 0.448486924 -0.242851466 0.860164285
vn 0.488909632 0.871561289 -0.0367198214
vn 0.55311054 0.714888453 -0.427788645
vn 0.987927079 -0.110415168 0.108667612
vn 0.888415515 0.116140805 0.444105029
vn -0.916956425 0.291552812 0.272374511
vn -0.993158996 0.0769546777 -0.0878251567
vn -0.519576669 -0.732355773 0.44010812
vn -0.488125145 -0.451769143 0.746751964
vn -0.911559463 0.345965981 -0.222186536
vn -0.816198945 0.113652207 -0.566482484
vn 0.0283131655 0.777727664 -0.627963483
vn -0.140084103 0.947735488 -0.286659956
vn -0.162191644 -0.455396444 0.875390172
vn 0.00800808799 -0.767742038 0.640708983
vn 0.831856847 -0.0815697238 0.548963189
vn 0.593652427 0.163088828 0.788022101
vn 0.657319188 0.749949574 -0.0742104948
vn 0.703143418 0.551658988 -0.448622018
vn 0.939795315 -0.296487689 0.169940695
vn 0.87579757 -0.0275295414 0.481892914
vn -0.848016679 0.490775228 0.200018495
vn -0.952529848 0.266601026 -0.147005826
vn -0.674369514 -0.574399114 0.463995218
vn -0.598137975 -0.281297624 0.750401616
vn -0.0498488285 0.996248364 0.070741266
vn -0.248595849 0.921394646 -0.298717231
vn 0.685655773 0.458668977 -0.56524235
vn 0.79858923 0.574033678 -0.180943638
vn -0.425318599 -0.287197948 0.858266473
vn -0.661563814 -0.490229309 0.567458034
vn 0.283041358 -0.917564869 0.279217303
vn 0.430951655 -0.682640851 0.59015429
vn 0.934412003 0.102504708 -0.341126055
vn 0.723259449 -0.020431539 -0.690274119
vn 0.473828435 -0.876258135 -0.0875122175
vn 0.703716218 -0.681578517 0.200584829
vn -0.174511194 0.903255701 0.392013997
vn -0.496411979 0.860290408 0.116084419
vn -0.715265453 -0.0176167618 0.69863081
vn -0.382075906 0.102469176 0.918432355
vn 0.662919819 -0.623682439 0.41419512
vn 0.468241274 -0.874050975 0.129556939
vn -0.415519923 -0.603390872 0.680634022
vn -0.147174075 -0.383535296 0.911723912
vn 0.589054585 0.743881047 -0.315682977
vn 0.386999071 0.630090773 -0.673214138
vn -0.494725645 0.863041341 -0.102010965
vn -0.219498798 0.955501616 0.197070763
vn -0.689276934 0.623515844 -0.368951559
vn -0.881379485 0.24474597 -0.404066354
vn -0.018929746 0.00136339199 -0.999819875
vn 0.0924488753 0.393873811 -0.914503515
vn 0.164076731 0.390024006 0.906068504
vn 0.0571984462 -0.0120649515 0.998289943
vn 0.896118104 -0.249009311 0.367378116
vn 0.928002715 0.165252268 0.333920211
vn -0.691754937 0.721238792 0.0359117053
vn -0.924588978 0.376658827 -0.0571259372
vn -0.270036697 0.317001522 -0.909170091
vn -0.10080307 0.660342336 -0.74416846
vn 0.426519156 0.0811000541 0.900835276
vn 0.305366814 -0.327410787 0.894177437
vn 0.929084003 -0.369416684 0.0182829108
vn 0.994144857 0.0335564911 0.102712803
vn -0.700324774 -0.0217995327 0.71349144
vn -0.872716367 -0.265750855 0.409563929
vn -0.761044443 0.619767547 -0.191571325
vn -0.603724599 0.78116101 0.159072369
vn 0.806551814 -0.322235823 0.495619088
vn 0.784651637 -0.596191883 0.169932485
vn 0.854772627 0.297611415 -0.425195485
vn 0.871719599 0.486992061 -0.0542556494
vn -0.523461461 0.697389781 0.489525884
vn -0.828216314 0.428709626 0.360923678
vn -0.439837903 0.652149558 -0.617449224
vn -0.176864147 0.896685719 -0.405800253
vn 0.65476203 -0.29099983 0.697571337
vn 0.467675984 -0.658390582 0.589746475
vn 0.82356596 -0.407696366 -0.394363761
vn 0.97678262 -0.07108666 -0.202095002
vn -0.268989444 0.402093619 -0.87519443
vn -0.494454086 0.0405404307 -0.868257821
vn 0.475100577 -0.41687423 -0.774916351
vn 0.610627472 -0.0230427962 -0.791582644
vn -0.223375142 0.735346198 0.63981992
vn -0.444284439 0.40707469 0.798061073
vn 0.524013162 -0.0595295094 0.849627256
vn 0.655290842 0.303258121 0.691829741
vn 0.105460897 0.67838347 -0.727099597
vn -0.232978567 0.455616415 -0.859147668
vn 0.449926853 -0.374606609 -0.810700774
vn 0.721506 -0.0834348649 -0.68736279
vn -0.0746307448 0.580017924 0.81117779
vn -0.431056321 0.347426921 0.832757473
vn 0.256815642 -0.480084538 0.838787556
vn 0.545171499 -0.179749206 0.818827391
vn -0.370130301 0.240152523 -0.897401989
vn -0.485260993 -0.168256134 -0.858027756
vn 0.573542297 -0.32766813 -0.750788212
vn 0.593302071 0.0857281163 -0.800402045
vn -0.421021104 0.69201833 0.586388826
vn -0.541234255 0.328737378 0.773949087
vn 0.518972456 0.156865492 0.840274274
vn 0.543472946 0.528168321 0.652437985
vn 0.948602855 -0.186132506 0.255943894
vn 0.762964606 -0.565397441 0.313385993
vn 0.133039266 -0.0158236604 0.99098444
vn 0.371080875 0.306636631 0.876511812
vn 0.10587915 0.364568561 -0.92513752
vn -0.163921773 0.0403020456 -0.985649765
vn -0.770609736 0.57469064 -0.275483727
vn -0.45406425 0.845850527 -0.279932976
vn -0.377276778 0.184860468 -0.907462835
vn -0.528152943 -0.204863042 -0.82406646
vn 0.51451081 -0.45306465 -0.728018582
vn 0.57058531 -0.0503246002 -0.819694936
vn -0.334822416 0.783284307 0.523793459
vn -0.481458724 0.453325272 0.750129163
vn 0.560034513 0.18862243 0.806711137
vn 0.612154186 0.535616517 0.581706285
vn -0.208582237 0.639600515 0.739867985
vn -0.385260373 0.277983487 0.879942954
vn -0.94023788 0.338156998 -0.0400331058
vn -0.719815195 0.687568665 -0.0954748318
vn 0.995460749 0.0742449984 -0.0595453344
vn 0.93903017 -0.343834013 0.000692341768
vn 0.350852221 -0.268071264 -0.89724052
vn 0.459112436 0.134006009 -0.878213048
vn 0.575500727 0.409722298 0.707761705
vn 0.50032115 0.0210792515 0.865583301
vn -0.529467106 0.322659254 0.784573555
vn -0.365376353 0.677038848 0.638841569
vn 0.572796762 0.102001406 -0.81332624
vn 0.497347206 -0.317373723 -0.807415426
vn -0.532366693 -0.00730845612 -0.846482337
vn -0.368024021 0.375736862 -0.850517571
vn 0.180771723 -0.493609726 -0.850688577
vn -0.102105476 -0.746827841 -0.657132149
vn 0.634425938 -0.762437761 0.127249539
vn 0.847209215 -0.514663935 -0.13174817
vn -0.28804329 0.895034909 -0.340504825
vn -0.61774087 0.780500412 -0.0959965363
vn 0.131717592 0.726599693 0.674317002
vn 0.388173223 0.845014572 0.367793351
vn 0.141667947 -0.214075953 -0.966489375
vn -0.0203439631 -0.578214586 -0.815631032
vn 0.828490794 -0.537994862 -0.155449852
vn 0.913339972 -0.186121598 -0.362172484
vn -0.577790737 0.814409852 -0.0537992306
vn -0.811655045 0.552985907 0.18820937
vn 0.0570185445 0.564846039 0.823224127
vn 0.208888769 0.820910871 0.531479895
vn 0.663635075 0.22919105 0.712081432
vn 0.592466176 -0.184750795 0.784124374
vn -0.428677142 0.136776492 0.893044353
vn -0.269077033 0.513775766 0.814636111
vn 0.483606398 0.282565325 -0.828421175
vn 0.394458085 -0.126046166 -0.910228074
vn -0.621721566 0.194009528 -0.758829772
vn -0.445350736 0.56603682 -0.693732738
vn -0.330768406 0.152751684 0.9312675
vn -0.31028837 -0.272411525 0.910776138
vn -0.986380816 -0.141472131 0.0838959888
vn -0.948329508 0.262893289 0.177646458
vn 0.843267977 0.537435055 -0.00791549496
vn 0.980998933 0.150690034 -0.122203067
vn 0.27253297 0.271022111 -0.923186243
vn 0.201217145 0.639552593 -0.74194622
vn 0.0676295385 -0.381396741 -0.921934307
vn -0.347625464 -0.424094915 -0.836241603
vn 0.0106032789 -0.999943495 -0.00074955466
vn 0.385368705 -0.908971786 -0.158937708
vn 0.388088912 0.91274184 -0.127629519
vn 0.00483824452 0.999289036 0.037390165
vn 0.354230464 0.387755662 0.850979686
vn 0.69914341 0.358172029 0.618798196
vn -0.137014747 0.932217121 -0.334960043
vn -0.535173833 0.780851722 -0.322272569
vn -0.140626833 0.0344169475 -0.989464283
vn 0.213862851 0.249058694 -0.944580615
vn 0.49628979 0.160459593 0.853199363
vn 0.161378607 -0.0679813549 0.98454839
vn 0.538462818 -0.793135762 0.284593552
vn 0.833957195 -0.506600797 0.218794435
vn 0.170523047 0.293035865 -0.940771937
vn -0.225583434 0.137658402 -0.964449227
vn 0.238586798 -0.762656569 -0.60119164
vn 0.585647643 -0.532025993 -0.611526906
vn 0.171865225 0.842452765 0.510622799
vn -0.2241074 0.741945505 0.631896138
vn 0.240026027 -0.173519522 0.955132723
vn 0.586961985 0.00593019137 0.809592843
vn 0.475446612 0.396567315 -0.785292864
vn 0.111431144 0.25941202 -0.95931673
vn 0.431900293 -0.693782091 -0.576305926
vn 0.76070863 -0.476152271 -0.441136479
vn -0.0154331801 0.769018412 0.639040291
vn -0.428472817 0.669059813 0.6072644
vn -0.0944679826 -0.294404566 0.951000452
vn 0.280068278 -0.111470282 0.953486264
vn 0.116641097 0.898467362 0.423262626
vn -0.307251126 0.85501045 0.417796433
vn -0.158728153 0.749445677 -0.642756999
vn 0.242794529 0.8029055 -0.544420421
vn 0.549776375 -0.581262589 0.599899709
vn 0.169141099 -0.772500038 0.612074316
vn 0.305720747 -0.837262332 -0.453350455
vn 0.666895032 -0.645958364 -0.371468365
vn 0.458828479 0.185658187 -0.868911624
vn 0.110004544 -0.0249921177 -0.993616819
vn 0.495500207 -0.795476556 -0.348850399
vn 0.803781986 -0.522335827 -0.284780413
vn -0.087409392 0.91870451 0.385151595
vn -0.490786254 0.781263351 0.385689497
vn -0.0902283117 -0.009434646 0.995876431
vn 0.268938333 0.195419356 0.943124354
vn -0.168135375 0.979058325 0.114783846
vn -0.563297212 0.820909441 0.0938287228
vn -0.232006073 0.452101797 -0.861264884
vn 0.124987081 0.640660822 -0.757583022
vn 0.573342621 -0.203166425 0.793726385
vn 0.252232045 -0.479383916 0.840577185
vn 0.563077569 -0.815592647 -0.133237883
vn 0.850998402 -0.516903639 -0.09280283
vn 0.287442178 -0.530212343 0.797654033
vn -0.0196790211 -0.774780154 0.631924391
vn -0.624702454 0.103715166 0.773944438
vn -0.271466643 0.265287489 0.925164044
vn 0.86316663 0.112610452 -0.492201507
vn 0.613542855 -0.067758888 -0.786748946
vn -0.00735611282 0.793011665 -0.609162033
vn 0.292248368 0.894701898 -0.337785989
vn -0.383139104 0.797405124 0.466207653
vn -0.691224456 0.507034242 0.51490289
vn -0.670518279 0.485727221 -0.560780108
vn -0.372063607 0.772923172 -0.51396358
vn 0.870770276 -0.116919972 0.477586478
vn 0.687912643 -0.498604238 0.527418196
vn 0.674043238 -0.494699448 -0.548578382
vn 0.855690181 -0.122329831 -0.502821863
vn -0.405104697 -0.646472931 -0.646500528
vn -0.132894412 -0.892893314 -0.430209935
vn 0.595725715 -0.183416218 -0.781965077
vn 0.26562497 -0.00558672193 -0.964060247
vn -0.810190439 0.364481002 0.459069848
vn -0.578436017 0.219024375 0.785773575
vn 0.161354333 0.900625288 0.403533012
vn -0.131010786 0.984279513 0.118448496
vn -0.4112719 0.0187575705 0.911319733
vn -0.0260904729 -0.146222621 0.988907576
vn -0.341694862 -0.895789027 0.28426525
vn -0.691476762 -0.669429481 0.271521777
vn -0.0818211883 0.956306517 -0.280683517
vn 0.336262643 0.884959161 -0.322140783
vn 0.0115737412 0.109540187 -0.993915021
vn -0.368898243 0.248562559 -0.895617545
vn 0.1528209 0.624371111 0.766032994
vn 0.49171713 0.367083102 0.789597511
vn -0.254400969 -0.403164834 0.879055381
vn -0.520409882 -0.0835825726 0.849816203
vn -0.0869942158 0.635492921 -0.767190158
vn 0.227951691 0.379315674 -0.896748364
vn -0.511553705 -0.391238928 -0.765013099
vn -0.755222619 -0.0726927146 -0.651425064
vn -0.898676038 -0.235138193 0.370258689
vn -0.687750936 -0.604001522 0.402716696
vn -0.570455611 -0.487972915 -0.660653293
vn -0.788569212 -0.13811174 -0.599236012
vn 0.262710631 0.773216248 0.577165306
vn 0.589623272 0.505057037 0.630287111
vn 0.674894273 0.593281031 -0.438788533
vn 0.348591715 0.84920913 -0.396645516
vn -0.391375989 0.0839946866 0.916389525
vn 0.00491139432 -0.0493193865 0.998771012
vn -0.27915138 -0.882141769 0.379342139
vn -0.642484725 -0.679358065 0.354522288
vn -0.1471176 0.917408109 -0.36975491
vn 0.273563921 0.867326975 -0.415820569
vn -0.0172341485 0.0115237841 -0.999785066
vn -0.403321385 0.136671051 -0.904794455
vn -0.618718624 0.165927544 0.767890155
vn -0.380305052 -0.156788468 0.911474347
vn -0.751875341 -0.658379078 0.0349361934
vn -0.953809083 -0.299138069 -0.0276509877
vn 0.412658155 0.901805401 -0.128297865
vn 0.754075408 0.652581215 -0.0742158517
vn 0.354065448 0.130698934 -0.926042914
vn 0.0560536385 0.42138958 -0.905145764
vn -0.00537491031 0.911037207 0.412289083
vn 0.352504134 0.741996408 0.570247352
vn -0.316922605 -0.0109004239 0.948388755
vn -0.608463943 0.221530303 0.762034118
vn -0.057319168 0.216564611 -0.974584162
vn 0.295372277 -0.0218330789 -0.955132723
vn -0.372622281 -0.755580544 -0.538749218
vn -0.659324706 -0.458456218 -0.595910013
vn 0.245346829 0.801846385 -0.544836998
vn 0.620679557 0.605520487 -0.498098165
vn 0.412694663 0.725409746 0.550875485
vn 0.0645217001 0.908456266 0.412969977
vn -0.711710274 -0.419672072 -0.563332856
vn -0.431958437 -0.737990916 -0.518441141
vn -0.613553226 -0.584419191 0.531042993
vn -0.872571945 -0.287582248 0.394860327
vn 0.363297254 0.272810608 -0.890836418
vn 0.639969587 -0.027102042 -0.767922163
vn 0.778425753 0.622809708 0.0784946904
vn 0.496797532 0.859950662 -0.116948895
vn -0.938189685 -0.256828219 -0.232033134
vn -0.791496634 -0.609636009 -0.0433242545
vn -0.617152929 0.0548804179 0.78492707
vn -0.777541399 0.341359913 0.528112531
vn 0.101584718 0.84130758 -0.530925691
vn 0.131103039 0.540336728 -0.831172824
vn 0.953603029 0.195184112 -0.229225844
vn 0.853512764 0.52096045 0.0107746245
vn -0.873167694 0.154454783 0.462300688
vn -0.940997779 -0.215112194 0.26124683
vn -0.0916191041 -0.54132551 0.835806608
vn -0.100906439 -0.151565209 0.983283222
vn -0.783318162 -0.0155945169 0.621425331
vn -0.743323505 -0.426404357 0.515411913
vn -0.872698605 -0.0527561232 -0.485400766
vn -0.902130961 0.316157103 -0.293605894
vn 0.700319588 0.436127782 0.565106153
vn 0.888485312 0.070430994 0.453468084
vn 0.71819979 0.431623816 -0.545792997
vn 0.550559044 0.758457184 -0.348751307
vn 0.623257756 -0.0739949867 0.778507888
vn 0.702513456 -0.433726609 0.564230561
vn -0.348878235 -0.607962728 0.713207781
vn -0.333713472 -0.241480067 0.911220431
vn 0.267632157 0.879754841 -0.392943293
vn 0.311371595 0.615273952 -0.724213779
vn -0.730215013 0.414738685 -0.542934537
vn -0.68192184 0.692375064 -0.23579511
vn -0.430325061 0.601642311 -0.672938943
vn -0.41045028 0.230920628 -0.882159948
vn 0.644901812 0.322496027 -0.692891061
vn 0.532923996 0.677998722 -0.506270409
vn -0.615846634 0.0949171782 0.782127678
vn -0.614499867 -0.326411456 0.71822381
vn 0.445968688 -0.220863372 0.867370307
vn 0.35127297 0.181843549 0.918444455
vn 0.730229378 0.383052856 -0.565716863
vn 0.641677201 0.0178941544 -0.766766071
vn 0.887957573 -0.42143321 0.184188381
vn 0.954571903 -0.0256888587 0.296871334
vn -0.670547307 0.74186331 -0.00225809077
vn -0.89899534 0.412538648 -0.147034824
vn -0.614089251 -0.0366831012 0.788383663
vn -0.416985482 0.325636655 0.848577499
vn 0.0640166476 0.293364823 -0.95385474
vn -0.0243840329 -0.1217416 -0.992262244
vn 0.87686801 -0.240306914 -0.416359395
vn 0.885079563 0.176193476 -0.430801719
vn -0.694745839 0.623186171 0.359120071
vn -0.858924448 0.241018519 0.451839536
vn 0.0632512569 0.113358438 0.991538823
vn 0.142145246 0.499134779 0.854786098
vn -0.978349626 -0.204947367 -0.0287854318
vn -0.803613424 -0.583887041 -0.115244813
vn -0.353170186 -0.0505899265 -0.934190273
vn -0.565027177 0.272928327 -0.778623402
vn 0.0992420241 0.394302249 0.913606465
vn 0.381597579 0.07520926 0.921263695
vn 0.802327514 0.591983199 0.0763314515
vn 0.490086943 0.859678507 0.144109949
vn 0.571986198 0.529772699 -0.626236916
vn 0.49226293 0.177360401 -0.852185726
vn 0.948805988 -0.315644383 -0.0116550252
vn 0.988205314 0.0726069957 0.13482748
vn -0.741247416 0.642909706 0.192923188
vn -0.952123582 0.30179593 0.0487835966
vn -0.459368318 -0.194329217 0.86672771
vn -0.297634602 0.183383495 0.936901391
vn 0.209801525 -0.591489971 0.778539002
vn 0.376088709 -0.808905721 0.451916784
vn -0.631289423 -0.771877229 0.0753603429
vn -0.70582819 -0.563858151 0.428801298
vn 0.415795714 0.864486456 0.282448381
vn 0.602655709 0.792478979 -0.0937185884
vn -0.410403371 0.789359987 -0.456595927
vn -0.504131436 0.861747742 -0.0569414347
vn -0.668811083 -0.0101504568 0.743363142
vn -0.459547788 -0.376313657 0.804489851
vn -0.785099387 -0.586382806 -0.199434564
vn -0.962650001 -0.210373089 -0.170435324
vn 0.467396796 0.869868755 0.157697678
vn 0.790133476 0.591592848 0.16033408
vn 0.43325147 0.357257545 -0.82744199
vn 0.149857283 0.651289463 -0.743884981
vn -0.0934380442 -0.168706343 -0.981227517
vn 0.107347071 -0.519964993 -0.847415447
vn 0.84523356 0.183053508 -0.502067506
vn 0.584751546 0.464853823 -0.664813101
vn -0.949011624 0.161538124 0.27070716
vn -0.833672523 -0.156739146 0.529549837
vn -0.0721940622 0.537173212 0.840376675
vn -0.252975255 0.788209677 0.561007142
vn 0.859626532 0.457875818 0.226698145
vn 0.994025826 0.0865733922 0.0664657652
vn 0.394953102 -0.329996318 0.857388198
vn 0.31742236 0.0699261725 0.945702612
vn -0.435934633 0.669971585 -0.600915253
vn -0.430922955 0.319850951 -0.843801379
vn -0.994271874 -0.102567323 -0.0300578624
vn -0.951114774 0.277597606 0.135352716
vn -0.251330554 -0.0558012538 0.966291428
vn 0.108337559 -0.283961385 0.952695608
vn -0.436338007 -0.869239092 0.232448921
vn -0.740965188 -0.595570028 0.310269177
vn 0.0349345729 0.988794208 -0.145140007
vn 0.423192143 0.86495769 -0.269734442
vn -0.129377291 0.250875622 -0.959334612
vn -0.460671633 0.427235723 -0.777979016
vn -0.243199185 -0.265999854 -0.932790518
vn -0.164227217 -0.642166972 -0.748766363
vn 0.801907957 -0.207379028 -0.560301304
vn 0.640317023 0.121863924 -0.758382022
vn -0.802401602 0.528369427 0.277447909
vn -0.779277146 0.231535748 0.582338691
vn 0.202278599 0.644419789 0.737432361
vn 0.0927799121 0.899663448 0.426611632
vn 0.082097888 -0.1053949 0.9910357
vn 0.474106818 -0.204425842 0.856406927
vn -0.0451139361 -0.956488311 0.288261861
vn -0.382874966 -0.794603884 0.471180916
vn -0.327625602 0.941517353 -0.0787812844
vn 0.0234645158 0.947041512 -0.320252746
vn -0.484458774 0.16611062 -0.858898759
vn -0.784052193 0.230470225 -0.576320827
vn 0.407432258 0.879802644 0.244839311
vn 0.749610066 0.628597677 0.207242996
vn 0.253664643 0.0487631075 0.966062367
vn -0.0367665514 0.346378922 0.937373936
vn -0.530179083 0.239749387 -0.813283682
vn -0.281640261 -0.0753777325 -0.95655477
vn -0.751731932 -0.637563586 -0.168557942
vn -0.954820156 -0.280323505 -0.0986771658
vn 0.557419479 0.81845057 -0.139363557
vn 0.83283323 0.505115569 -0.226378143
vn 0.600910842 0.190610722 0.776256204
vn 0.353083491 0.52575922 0.773892283
vn -0.768814445 0.169102877 -0.616707802
vn -0.625851452 -0.209082797 -0.751394928
vn -0.821204126 -0.505682647 0.264402956
vn -0.945486426 -0.110043764 0.306505859
vn -0.0601560026 0.204772025 0.976959407
vn 0.144515976 -0.169003919 0.974963009
vn -0.733783484 -0.506499708 0.452791214
vn -0.857590735 -0.111544348 0.502091646
vn 0.457006454 0.81681186 -0.352084428
vn 0.713327527 0.504160106 -0.486812443
vn -0.179232791 0.149787605 -0.972337067
vn -0.351216197 0.487728655 -0.799229622
vn 0.479504406 0.833142638 0.275588095
vn 0.60159111 0.555018008 0.574493825
vn -0.456221491 0.472611398 0.753989697
vn -0.482641608 0.753221989 0.446893424
vn 0.315377027 -0.115025751 -0.941969395
vn 0.421072394 -0.487843961 -0.764660895
vn -0.632214904 -0.544105589 -0.551591754
vn -0.643345714 -0.175168321 -0.745266616
vn 0.52826941 0.82760185 -0.189754188
vn 0.765210986 0.63476491 0.107358053
vn -0.133799523 0.707121432 0.694317639
vn -0.286141932 0.890940666 0.352629513
vn -0.078645736 -0.405363351 -0.910766363
vn 0.0976833478 -0.721336484 -0.685661495
vn -0.784592092 -0.614981771 -0.0788203254
vn -0.880397439 -0.316305727 -0.353342712
vn 0.715730369 -0.602235556 -0.353613228
vn 0.662520707 -0.747787654 0.043358203
vn 0.911875188 0.263153523 0.315014154
vn 0.943659544 0.316324294 -0.0971885398
vn -0.726155818 -0.127201006 -0.675660849
vn -0.923366427 -0.225311518 -0.310852259
vn -0.634253025 0.772530913 -0.0303160846
vn -0.468150079 0.781449974 -0.412518471
vn -0.777769983 0.458197266 0.430266291
vn -0.593893409 0.261805862 0.760755122
vn -0.764013708 -0.622108459 0.171067521
vn -0.930483222 -0.352491796 -0.0997520387
vn 0.46713677 0.764465272 -0.444270313
vn 0.775342286 0.598660707 -0.201121077
vn 0.570894361 -0.293699503 -0.766694427
vn 0.288455546 -0.0526129119 -0.9560467
vn 0.494910061 0.848022342 0.189531252
vn 0.691326618 0.569211125 0.445046276
vn -0.296111107 0.434033662 0.850842595
vn -0.401241988 0.719929814 0.566309035
vn 0.102848418 -0.0792161748 -0.99153769
vn 0.260109931 -0.450630724 -0.853975892
vn -0.716517329 -0.560240388 -0.415612251
vn -0.785125792 -0.187967211 -0.590123534
vn -0.863760114 -0.355895042 -0.356731236
vn -0.827384293 -0.561441362 0.0147933709
vn 0.0994533896 -0.907208979 -0.408755302
vn -0.0183643457 -0.677053511 -0.73570466
vn -0.167212889 0.98590076 -0.00628343225
vn -0.0612729862 0.91435945 0.400240481
vn 0.84635818 0.531592667 -0.0329716317
vn 0.663653612 0.6367535 -0.392566949
vn -0.557377756 -0.477780998 -0.67901051
vn -0.381962508 -0.800160348 -0.462437153
vn 0.541486979 -0.340372056 -0.768725395
vn 0.288730025 -0.0662880018 -0.955112994
vn -0.677720606 0.585122168 0.445338994
vn -0.51432389 0.368894696 0.774201214
vn 0.412444443 0.799374461 0.436909705
vn 0.170897812 0.974444032 0.145783439
vn -0.0695651993 -0.770376325 -0.633783042
vn -0.0205199197 -0.965847254 -0.258298337
vn 0.89141798 -0.395820111 -0.220681772
vn 0.764130116 -0.255911112 -0.592127264
vn -0.844969213 0.499214977 -0.191862851
vn -0.873363554 0.430538058 0.227756649
vn 0.0599558726 0.965557575 0.253187627
vn 0.00490058167 0.987197876 -0.15942505
vn -0.279070526 -0.547362447 -0.788995564
vn -0.172269672 -0.846079588 -0.504452705
vn 0.780220747 -0.345626414 -0.521342456
vn 0.592550516 -0.0983371288 -0.799508452
vn -0.811301589 0.563805878 0.154637426
vn -0.757654548 0.376060873 0.533420861
vn 0.209511846 0.845874488 0.490511179
vn 0.0714213774 0.98965317 0.124441244
vn 0.0683103502 -0.802330852 -0.592957795
vn 0.27316168 -0.930998445 -0.242124975
vn 0.894431829 -0.0751309469 -0.440848172
vn 0.64043653 -0.0253930371 -0.767591238
vn -0.988499939 0.148228794 0.0299360938
vn -0.889192045 0.1144934 0.44297713
vn -0.238781393 0.944149852 0.227078199
vn -0.394329637 0.905338526 -0.157690361
vn 0.720485866 -0.383721918 -0.577630997
vn 0.837800026 -0.512345135 -0.188662514
vn 0.839737296 0.542444944 0.0243887138
vn 0.726405382 0.575709403 -0.375358492
vn -0.823423922 -0.381178886 -0.42032811
vn -0.860299826 -0.509548187 -0.0156497527
vn -0.815790355 0.545171916 0.193063989
vn -0.785299599 0.578199446 -0.221336797
vn 0.836762369 0.116294987 -0.535073996
vn 0.987554193 -0.00981665496 -0.156972408
vn 0.466983944 0.860883176 0.202005237
vn 0.366569668 0.90870285 -0.199714497
vn -0.51688695 -0.642039061 -0.566227555
vn -0.501284003 -0.843885422 -0.191237211
vn -0.984528601 0.0477252901 0.168599635
vn -0.958843708 0.166187376 -0.230218157
vn -0.497909576 -0.766368032 -0.40591386
vn -0.172434419 -0.96185267 -0.212381572
vn 0.423379928 -0.327061683 -0.84485513
vn 0.0525823645 -0.192757457 -0.979836583
vn -0.711789012 0.438120455 0.54900527
vn -0.407673836 0.362927854 0.837905347
vn 0.194038212 0.964506209 0.179100409
vn -0.156835541 0.986606479 -0.044836469
vn 0.408665955 0.709743559 -0.573808491
vn 0.746256828 0.558433294 -0.362288594
vn 0.176278532 0.845427036 0.504161716
vn -0.103236638 0.9697842 0.221045062
vn -0.456757724 -0.574106395 -0.67953974
vn -0.205596566 -0.853634596 -0.478579134
vn -0.751711488 -0.531239629 0.390786797
vn -0.950608313 -0.287285715 0.117519461
vn -0.789199114 -0.565030575 0.240635052
vn -0.602891684 -0.503446817 0.618920743
vn 0.244102985 -0.960005939 0.137121439
vn -0.0131260706 -0.981665552 -0.190159112
vn -0.434690744 0.768804669 -0.469023824
vn -0.212978691 0.963598311 -0.161611721
vn 0.624240518 0.470259726 -0.623842657
vn 0.333987355 0.324347019 -0.885014951
vn 0.723125875 0.160149768 -0.671893656
vn 0.940837979 0.00772835873 -0.338768631
vn 0.502984285 0.846712887 0.173447952
vn 0.329764664 0.923084378 -0.197915554
vn -0.618289173 -0.602199554 -0.505048692
vn -0.534543931 -0.830756783 -0.155260846
vn -0.935409188 0.0292490833 0.352355182
vn -0.98366946 0.176637188 -0.0345507935
vn -0.858529329 0.474422306 0.194553286
vn -0.664979398 0.477595061 0.574199736
vn -0.670998573 -0.591022611 0.447719991
vn -0.861340344 -0.5003227 0.0881479606
vn 0.370900303 0.548175693 -0.749624133
vn 0.68723321 0.558714271 -0.464272499
vn 0.647313356 -0.51193738 -0.564717233
vn 0.342444241 -0.428107888 -0.836334646
vn -0.555620134 -0.826018929 -0.0947573036
vn -0.412611574 -0.858189642 0.30538857
vn 0.552988827 -0.81613487 -0.167712063
vn 0.328238487 -0.790033579 -0.51778996
vn -0.657131612 0.716195047 -0.235037714
vn -0.524260938 0.83804518 0.15109852
vn 0.444138914 0.837574661 -0.318134129
vn 0.228844777 0.720011055 -0.655144393
vn -0.230119288 -0.335904986 -0.913352549
vn 0.193381563 -0.382319987 -0.90356791
vn 0.180930451 0.67679739 -0.713589132
vn -0.232261643 0.629456699 -0.741511166
vn -0.574984193 -0.576564729 0.580487907
vn -0.185924932 -0.64701438 0.739462137
vn -0.188866675 0.418739051 0.888249397
vn -0.569932938 0.393816978 0.721168935
vn -0.10538438 -0.181228265 0.977778316
vn 0.317552298 -0.196154699 0.927730501
vn 0.0821387842 -0.971995056 0.220179066
vn -0.310878754 -0.890378237 0.332537264
vn -0.480001062 0.871661723 -0.0990194753
vn -0.0944772363 0.961887121 -0.256606936
vn -0.319560975 0.157014146 -0.934466362
vn -0.677681148 0.140549138 -0.721799254
vn 0.00555340294 -0.238951296 -0.971015632
vn 0.340442836 -0.456371874 -0.822084785
vn 0.680784523 0.518081486 -0.517807066
vn 0.324005872 0.645383954 -0.691736758
vn -0.924600601 -0.267804801 0.270914018
vn -0.682605505 -0.488106936 0.543876231
vn -0.316615611 0.487141848 0.813908696
vn -0.586745799 0.617132306 0.524287224
vn 0.0498539954 -0.363292336 0.930340409
vn 0.453178585 -0.24721913 0.856453061
vn 0.367569208 -0.929551303 0.0287629776
vn -0.018983705 -0.984428883 0.174755454
vn -0.70799762 0.700213134 0.0918746963
vn -0.380359411 0.922498643 -0.0657500997
vn -0.445071608 0.210840806 -0.87032032
vn -0.761027038 0.0568925031 -0.646220624
vn -0.142119601 0.529914618 0.836057782
vn 0.257949322 0.391001999 0.883504152
vn -0.199185178 -0.578746438 0.790808439
vn -0.55067122 -0.357690215 0.754200876
vn -0.20931305 0.674902201 -0.70759815
vn 0.184045076 0.550469577 -0.814316094
vn -0.27123636 -0.423276335 -0.8644467
vn -0.616462827 -0.215726525 -0.757255256
vn -0.38804689 -0.233509094 -0.891567767
vn -0.0342398137 -0.470834613 -0.881556809
vn 0.451634139 0.480509162 -0.75175637
vn 0.0629276186 0.629279554 -0.774627268
vn -0.758274376 -0.215133592 0.615416527
vn -0.441441745 -0.450624079 0.775929809
vn 0.0546410605 0.500213385 0.864176452
vn -0.299577087 0.647271991 0.700922608
vn -0.400573611 -0.633097112 0.662366033
vn 0.0131973205 -0.733623505 0.679427981
vn -0.115969144 -0.920815587 -0.372357219
vn -0.509861052 -0.807615519 -0.296308696
vn -0.309688777 0.884241402 0.349585444
vn 0.113158874 0.935251415 0.335410058
vn -0.0185136888 0.706219792 -0.707750499
vn -0.420872003 0.678072393 -0.602564991
vn -0.20844762 0.63293159 0.745618701
vn 0.155447125 0.454369694 0.877145588
vn -0.405957729 -0.459523082 0.789960146
vn -0.713174164 -0.204368234 0.670534372
vn 0.00601810403 0.611468494 -0.791245878
vn 0.391331315 0.430763125 -0.813205302
vn -0.17598699 -0.482537389 -0.858012974
vn -0.503181875 -0.225383326 -0.834272325
vn 0.566797793 0.571024299 -0.59386152
vn 0.836068451 0.259815156 -0.483203441
vn 0.616960645 0.594389796 0.51581037
vn 0.374041528 0.870569706 0.319689453
vn -0.776818514 -0.205571622 -0.595225394
vn -0.6417346 -0.594339252 -0.484703511
vn -0.823793232 -0.238350585 0.51434797
vn -0.94154799 0.110172994 0.31835404
vn 0.0364024416 0.853840649 0.519260108
vn 0.325393736 0.921184242 0.213397518
vn 0.782112658 0.0366611034 0.622057796
vn 0.46013394 0.0494375415 0.886472046
vn -0.969823539 -0.0531013049 -0.23795484
vn -0.78132391 -0.0763338059 -0.619440198
vn -0.296859324 -0.935848475 -0.189900503
vn -0.525103152 -0.838586092 0.145051926
vn 0.238562375 -0.935247958 0.261532545
vn 0.59010756 -0.805180728 0.0587972105
vn -0.0905161723 -0.64464879 -0.759101331
vn -0.374399781 -0.787586093 -0.48942101
vn -0.240766451 0.403743625 0.88262254
vn 0.0629082397 0.667535901 0.741915286
vn -0.604498446 0.791146159 -0.0931093246
vn -0.843730211 0.523475349 0.118713476
vn -0.769318342 0.268157214 -0.579862952
vn -0.453404039 0.224616215 -0.862538338
vn 0.0292496476 0.967399776 -0.251559526
vn -0.322927058 0.945960462 -0.0296126045
vn -0.365096837 -0.807646453 0.463045955
vn -0.00881285686 -0.95862788 0.284525722
vn 0.462694854 -0.186179385 0.8667472
vn 0.072862789 -0.107402407 0.991542101
vn -0.517015278 0.808056474 -0.282382637
vn -0.205717057 0.793291748 -0.573034644
vn 0.434127897 0.852857649 0.290115088
vn 0.0733188912 0.863752663 0.498553634
vn -0.70889163 -0.705311954 0.00276044779
vn -0.416756153 -0.871216714 -0.259414345
vn 0.228379756 -0.769920945 0.595872939
vn -0.114555106 -0.61804837 0.777748942
vn -0.229572207 0.953092098 -0.197261572
vn 0.0932867303 0.880041838 -0.465643585
vn 0.627917051 0.643477798 0.437785894
vn 0.265536875 0.73734498 0.621138155
vn -0.878020525 -0.455902129 -0.14571628
vn -0.619921982 -0.669668674 -0.408950567
vn -0.0674110353 -0.867380917 0.493057966
vn -0.369385213 -0.642258942 0.671608508
vn 0.56047529 -0.33181411 0.758792996
vn 0.847718179 -0.135246843 0.512915313
vn 0.50409776 -0.831984699 -0.231704399
vn 0.2544218 -0.964198172 0.0747756734
vn -0.693557203 0.538423717 0.478621215
vn -0.531554341 0.82190156 0.204762802
vn -0.840595782 0.101167247 -0.532131553
vn -0.973452449 -0.11211317 -0.199552014
vn -0.77990216 0.120398447 -0.614212394
vn -0.45502466 0.0793938339 -0.886932433
vn -0.0651714504 0.931496382 -0.357864738
vn -0.418065667 0.897781372 -0.138599083
vn -0.289946914 -0.785566688 0.546640337
vn 0.0838623196 -0.917049885 0.38985461
vn 0.460205287 -0.0399662219 0.886912584
vn 0.0616693869 0.0107138306 0.998039186
vn -0.131347865 0.927311063 0.350488126
vn 0.208598375 0.973117054 0.0976216197
vn 0.633629441 0.222485602 0.740954816
vn 0.26427412 0.244824246 0.932856023
vn -0.894326389 -0.194617555 -0.402870089
vn -0.630578756 -0.260858417 -0.730974197
vn -0.184509337 -0.980553389 -0.0668680444
vn -0.482789397 -0.853701711 0.195212066
vn -0.642510891 0.75638026 0.122754417
vn -0.32432723 0.94146347 -0.0919697136
vn 0.266770244 0.611831725 0.744644582
vn -0.0967869312 0.461160064 0.88202256
vn -0.572587073 -0.682687759 -0.453962028
vn -0.247420177 -0.641324043 -0.726282835
vn 0.341749281 -0.931274652 0.126234069
vn -0.0283216629 -0.947890222 0.317335904
vn 0.17207849 0.981924951 0.0788188502
vn 0.562872231 0.826482058 0.0101106307
vn 0.357261688 0.255099028 0.898492396
vn -0.00637367973 0.458618313 0.888610482
vn -0.680686772 -0.0299216826 -0.731963277
vn -0.37505883 -0.286417156 -0.881643951
vn -0.557154834 -0.829898834 0.0290935263
vn -0.841350734 -0.53212148 0.0947399661
vn -0.597908974 0.338193566 -0.726725519
vn -0.307156235 0.115512937 -0.944622576
vn 0.383767098 0.792771459 -0.473535895
vn 0.0384311862 0.952205837 -0.303029984
vn -0.648607254 -0.478349358 0.592022359
vn -0.36291787 -0.782577872 0.50582844
vn 0.329403222 -0.0828039944 0.9405514
vn -0.0112097692 0.152695134 0.988209784
vn -0.610477746 -0.346278399 0.712325871
vn -0.348743707 -0.676494122 0.648639739
vn -0.707302749 -0.606276333 -0.36352706
vn -0.933136642 -0.290424317 -0.211919218
vn 0.351200908 0.836366534 0.420890689
vn 0.708977282 0.624261379 0.328099012
vn 0.323900998 0.661868691 -0.676031053
vn 0.00848235656 0.867551625 -0.497274786
vn -0.636265337 0.304824144 -0.708695054
vn -0.374977201 0.0475481525 -0.925813854
vn 0.383521765 0.72437489 -0.572880507
vn 0.0610274822 0.917582214 -0.392833889
vn -0.622379303 -0.386227399 0.68078804
vn -0.359704494 -0.712518454 0.602436841
vn 0.398411334 -0.0166367218 0.917055964
vn 0.0746236145 0.240945324 0.967665553
vn -0.562506318 -0.404434741 -0.721123517
vn -0.222096577 -0.660768569 -0.716978371
vn 0.312842846 0.251506865 -0.915900469
vn -0.0673903823 0.421896905 -0.904135823
vn -0.630687535 -0.00160043465 0.776035249
vn -0.297087044 -0.217703149 0.929701388
vn 0.239732295 0.68346417 0.689496338
vn -0.134149447 0.816328287 0.561793625
vn -0.968419015 -0.140837118 -0.205741212
vn -0.782027662 -0.452973366 -0.428074598
vn -0.257555157 0.36189723 -0.895932913
vn -0.487211853 0.595810294 -0.638462782
vn 0.00342801865 -0.0336462073 0.999427915
vn 0.286877394 -0.335077107 0.897454619
vn 0.78455162 0.476837248 0.396364987
vn 0.464362949 0.700764894 0.541567743
vn -0.830349684 -0.138402835 -0.539781392
vn -0.551458299 -0.394883782 -0.734820008
vn 0.010625327 0.514516652 -0.857414544
vn -0.31240055 0.685841262 -0.657288134
vn -0.316461772 -0.222432822 0.922158122
vn 0.0137513904 -0.487305731 0.873123169
vn 0.561664581 0.424411297 0.710216761
vn 0.190767884 0.603563607 0.77415669
vn -0.804718614 0.0313486084 -0.592828095
vn -0.555746019 -0.251007944 -0.792553663
vn 0.14432478 0.566006303 -0.811669469
vn -0.161402658 0.770985305 -0.616060793
vn -0.405981541 -0.235140339 0.883112669
vn -0.11718718 -0.544111013 0.83078903
vn 0.571888566 0.280251265 0.770975292
vn 0.22901693 0.510054886 0.829092979
vn -0.0809790418 0.38267526 0.920327187
vn 0.226849198 0.0921230167 0.969563186
vn -0.528083742 -0.587081671 0.613565683
vn -0.763445318 -0.24339734 0.598254919
vn 0.174622327 0.818747044 -0.546955407
vn 0.507977307 0.571745276 -0.644256473
vn -0.254003435 -0.11948359 -0.95979476
vn -0.513175488 0.183578432 -0.838421047
vn 0.25624761 -0.205017045 0.94461906
vn 0.634475112 -0.191999495 0.748717308
vn 0.206413463 -0.968538225 0.139022663
vn -0.125446975 -0.9142133 0.38532728
vn -0.52996093 0.840846837 0.110081591
vn -0.230251804 0.958314717 -0.169165432
vn -0.636634409 0.152936444 -0.755848587
vn -0.895255864 0.109834105 -0.431802511
vn -0.235542953 -0.934422731 0.267158628
vn 0.127212554 -0.990579247 0.050691586
vn -0.419779032 -0.517095983 -0.745920479
vn -0.727189481 -0.505258322 -0.464660645
vn 0.0180431437 0.466782361 0.884188175
vn 0.406124562 0.550563931 0.729343712
vn -0.147859856 0.985410511 -0.0842830762
vn -0.47889331 0.866718888 0.139497668
vn -0.74679327 0.280500025 -0.603008807
vn -0.413725644 0.272319585 -0.86871922
vn -0.00106794713 0.984475255 -0.175520405
vn -0.363878638 0.931170702 0.0226600897
vn -0.353194177 -0.855802834 0.377962083
vn 0.0191821493 -0.977465749 0.210220978
vn 0.420986712 -0.23397705 0.876370311
vn 0.0215103272 -0.18142961 0.983168662
vn -0.441045135 -0.837433577 0.322775781
vn -0.0546857603 -0.976442754 0.208731979
vn -0.328828871 -0.5731951 -0.7505458
vn -0.683424175 -0.474102736 -0.555119812
vn -0.0959285498 0.600379169 0.7939412
vn 0.324897707 0.604964018 0.726952612
vn 0.0412381478 0.968565285 -0.245317638
vn -0.345506549 0.933718383 -0.0937829018
vn -0.0567288473 -0.809066176 -0.584973216
vn 0.359046847 -0.716531992 -0.598052859
vn 0.0101855304 0.229802638 -0.97318399
vn -0.365880251 0.0555295907 -0.929003835
vn -0.406565189 -0.333956122 0.850398719
vn -0.025727449 -0.193972692 0.980669498
vn -0.364942402 0.739261389 0.565959036
vn -0.708419263 0.520729482 0.476427287
vn -0.121217526 0.99090457 0.0584332459
vn 0.199085087 0.954891145 -0.220336199
vn 0.681013882 0.434862107 0.589164674
vn 0.325930238 0.517243028 0.791346431
vn -0.917420447 -0.303102255 -0.257815242
vn -0.67663449 -0.468348294 -0.5681687
vn -0.172750562 -0.952696502 0.250053138
vn -0.453664303 -0.74977231 0.481695086
vn -0.476250291 -0.367733449 -0.798722625
vn -0.0903488696 -0.545150578 -0.833455443
vn 0.242848799 0.478002548 -0.844119728
vn -0.164133012 0.561724722 -0.810879588
vn -0.60705328 -0.276593119 0.744971573
vn -0.234215021 -0.444908142 0.864407361
vn 0.102589533 0.575732172 0.811176836
vn -0.29220745 0.6509642 0.700614333
vn 0.510201514 0.0148183648 0.859927237
vn 0.821656048 0.0272283182 0.569332898
vn 0.378556192 -0.894997001 0.235956848
vn 0.113762885 -0.826975048 0.550608933
vn -0.60715121 0.787047088 0.109198302
vn -0.407286435 0.876579463 -0.256371289
vn -0.819576085 -0.0669397488 -0.569046617
vn -0.980282664 -0.0708546937 -0.184460297
vn -0.0913162082 0.982648253 0.161442742
vn 0.298152357 0.954473853 -0.00921349507
vn 0.480943561 0.29881537 0.824258864
vn 0.0843254849 0.385302663 0.918929279
vn -0.803136051 -0.189649805 -0.564805746
vn -0.484756649 -0.334901571 -0.807992518
vn -0.282337517 -0.958235204 0.045506034
vn -0.612646282 -0.762542605 0.207830101
vn 0.919316351 -0.0172711834 0.393140048
vn 0.870403469 -0.418761134 0.258914888
vn 0.0175382476 -0.403230548 0.914930344
vn 0.141292661 -0.0123160509 0.989891231
vn 0.0776200518 0.739715695 -0.668427885
vn -0.0553529747 0.413825899 -0.908671677
vn -0.88500911 0.408483118 -0.223384246
vn -0.682846546 0.728880703 -0.0495331734
vn -0.86009109 0.352083951 0.369161546
vn -0.842934906 -0.0394304954 0.536568761
vn -0.7981565 -0.344073176 -0.494529933
vn -0.820558786 0.0656600222 -0.56777817
vn 0.651613951 0.696316242 0.300903469
vn 0.819744051 0.339179933 0.46149388
vn 0.822838306 0.0250450652 -0.567723513
vn 0.659613132 0.402711689 -0.634613097
vn 0.291541487 -0.0842297673 -0.952842534
vn 0.208655074 -0.488659561 -0.847156942
vn 0.94674921 -0.310661852 -0.0845884681
vn 0.964209557 0.0688748509 -0.256039619
vn -0.750700116 0.656550705 -0.0734198466
vn -0.937675178 0.326102406 0.120093569
vn -0.170841694 0.483673751 0.858412981
vn -0.056291502 0.794203222 0.605039239
vn -0.998994529 0.0343184546 -0.0288480669
vn -0.926741064 -0.323677272 0.190746143
vn -0.38408789 -0.609640241 -0.693408489
vn -0.50386107 -0.234927312 -0.831223905
vn 0.223021284 0.885121763 0.408437252
vn 0.417317361 0.612095535 0.671703339
vn 0.926274836 0.302672029 -0.22450988
vn 0.692664683 0.598128617 -0.403060615
vn 0.386266321 0.390669525 -0.835569024
vn 0.442306966 -0.0273692328 -0.896446049
vn 0.998985529 0.0392610505 0.0220561363
vn 0.896652162 0.442735791 4.63404067E-05
vn -0.924302161 0.381635427 -0.00446352363
vn -0.999147832 -0.0373058245 0.0176618174
vn -0.406330794 0.0295736138 0.913247347
vn -0.38657856 0.433890134 0.813815951
vn -0.926988542 0.364184409 0.089788124
vn -0.991274714 -0.0560528412 0.119300321
vn -0.522953272 -0.0706228241 -0.849430561
vn -0.502708673 0.342000365 -0.793926775
vn 0.480099529 0.480356127 0.734004378
vn 0.556339085 0.0717206374 0.827854455
vn 0.98586148 0.0539473109 -0.158640891
vn 0.875028849 0.455748856 -0.16314891
vn -0.32760787 -0.213444725 -0.920388162
vn -0.427215397 -0.566974938 -0.704291463
vn 0.629478872 -0.592652857 -0.502512753
vn 0.634340346 -0.245419025 -0.733063281
vn -0.483465672 0.853112698 0.196111277
vn -0.598638713 0.606099367 0.523712933
vn 0.462353677 0.55101186 0.694705009
vn 0.481734037 0.798890769 0.36014694
vn 0.4875094 0.14563781 -0.860885739
vn 0.48455441 -0.279304415 -0.828972936
vn 0.990838826 -0.0892393366 0.101364791
vn 0.950734258 0.309759259 -0.012390295
vn -0.855889559 0.490286887 -0.164535359
vn -0.993009686 0.0997645631 -0.0630780682
vn -0.44968164 0.280326247 0.84805876
vn -0.364641964 0.647219241 0.669435203
vn -0.792862415 0.247705832 0.556786358
vn -0.732938945 -0.161153629 0.66093117
vn -0.860710204 -0.320418894 -0.395613074
vn -0.909773946 0.0934204459 -0.404455215
vn 0.67023015 0.686366916 0.282297611
vn 0.876272619 0.321316361 0.359029382
vn 0.708157539 0.149955228 -0.689946651
vn 0.522799551 0.522931337 -0.673218787
vn 0.850899994 -0.120190971 -0.511393487
vn 0.732247353 -0.522611976 -0.43668136
vn 0.77617687 -0.213720202 0.593189001
vn 0.890027046 0.152409241 0.429678112
vn -0.536157727 0.566369116 -0.625908196
vn -0.793335795 0.232514575 -0.562632501
vn -0.71115911 0.522475123 0.470396072
vn -0.468097687 0.824648321 0.317552656
vn -0.974642992 0.139107138 0.175271824
vn -0.888912797 -0.207007602 0.408634245
vn -0.577120781 -0.615380764 -0.536878169
vn -0.689956844 -0.241429508 -0.68240118
vn 0.383599788 0.884303749 0.2661919
vn 0.604977548 0.612611592 0.508634567
vn 0.879317164 0.183690012 -0.439385265
vn 0.63995409 0.488222748 -0.593377888
vn 0.56262362 0.311360359 -0.765838981
vn 0.695368588 -0.0901215971 -0.712980151
vn 0.926734686 0.248317361 0.281959891
vn 0.778072834 0.611839771 0.142319217
vn -0.923686981 0.175465614 -0.340608597
vn -0.939379692 -0.23958832 -0.245282084
vn -0.667029619 0.102597989 0.73793304
vn -0.67723453 0.478779793 0.558679998
vn -0.900501251 0.427098066 -0.0817605481
vn -0.989326656 0.0675806776 0.129095733
vn -0.548671424 -0.401018381 -0.733582914
vn -0.501992047 -0.00815364067 -0.864833832
vn 0.527671158 0.720549226 0.449857742
vn 0.581477165 0.3903386 0.713806748
vn 0.982751727 -0.0863521993 -0.163531125
vn 0.896389842 0.279176235 -0.34430486
vn -0.280522227 -0.501461983 -0.818439484
vn -0.277408928 -0.806981564 -0.521368444
vn 0.752478778 -0.515744627 -0.40961346
vn 0.659395635 -0.243539751 -0.711256504
vn -0.688233256 0.724294782 0.0416185111
vn -0.725838006 0.541191339 0.424583495
vn 0.315292418 0.798628986 0.512623072
vn 0.260189474 0.956648707 0.130861342
vn 0.854839027 0.273931235 0.440694958
vn 0.882501364 -0.151294023 0.445310503
vn -0.0394540951 -0.0816586763 0.995879114
vn 0.0153491013 0.328339607 0.94443506
vn 0.0524814129 0.490332305 -0.86995399
vn 1.24839171E-05 0.0867187828 -0.996232808
vn -0.899818957 0.150387034 -0.409523606
vn -0.770272195 0.540226698 -0.338874429
vn -0.922930717 -0.326076925 -0.204628229
vn -0.801769376 -0.587553024 0.109303623
vn 0.00201455597 -0.824553311 -0.565780699
vn -0.188077703 -0.549136877 -0.814294457
vn -0.163806424 0.96679616 0.196144342
vn 0.0331684127 0.834439158 0.550101101
vn 0.816019595 0.561788917 -0.136033818
vn 0.555211425 0.716767967 -0.421881437
vn 0.198135629 -0.545020163 -0.814674914
vn 0.158969298 -0.843506813 -0.513054669
vn 0.95480293 -0.294445753 -0.0406586826
vn 0.924337983 -0.0515997261 -0.378069699
vn -0.804133058 0.518068254 -0.291505069
vn -0.943396151 0.32575202 0.0623645298
vn -0.119924821 0.845499694 0.52033484
vn -0.057023555 0.9893139 0.134187609
vn 0.68530184 0.453211844 0.570053041
vn 0.822513223 0.0497717969 0.566563964
vn -0.151288554 -0.154653385 0.976316631
vn -0.199367151 0.258231729 0.945287824
vn 0.0395989083 0.543880582 -0.838227808
vn 0.112324096 0.149495497 -0.982361674
vn -0.843673229 -0.0574298874 -0.533776522
vn -0.831601381 0.347009122 -0.433617145
vn 0.692699552 0.699767053 -0.174623773
vn 0.917973459 0.396039277 0.0218556561
vn 0.202497587 0.548935413 0.81096524
vn 0.0459456444 0.833850145 0.550075352
vn -0.359071344 -0.165580511 -0.918504715
vn -0.238837495 -0.5557307 -0.796316564
vn -0.925312042 -0.378973067 0.0133056175
vn -0.983886421 -0.0134467445 -0.178288326
vn 0.72720331 -0.378619909 -0.572557688
vn 0.766080379 -0.605989993 -0.214235947
vn 0.901688933 0.361026704 0.237942934
vn 0.853399575 0.498412997 -0.152622834
vn -0.803883016 -0.125432462 -0.581411004
vn -0.917915404 -0.327516824 -0.223973289
vn -0.740088224 0.632518828 0.228449866
vn -0.64574945 0.746319532 -0.161291331
vn 0.323191255 -0.343512356 -0.881786108
vn 0.519074857 -0.602730095 -0.606034517
vn 0.922849059 0.316684544 -0.21922721
vn 0.697029233 0.489396125 -0.524062574
vn -0.99234271 -0.0538788587 -0.111143678
vn -0.927841425 -0.284171075 0.241572127
vn -0.487792134 0.627257705 0.607129872
vn -0.591063499 0.772988558 0.230505049
vn 0.317644864 0.0980972424 -0.943121791
vn 0.633014143 -0.125557289 -0.763890326
vn 0.6877262 0.719127238 -0.099442251
vn 0.375469297 0.86447978 -0.334211707
vn -0.896364152 -0.423988968 -0.12947832
vn -0.702237666 -0.699784338 0.131011695
vn -0.614050269 0.159296751 0.773024499
vn -0.813216388 0.35328421 0.462460071
vn 0.277174622 0.248488575 -0.928131282
vn 0.633113444 0.0751946196 -0.770398021
vn 0.531553566 0.846593559 -0.0270233303
vn 0.193149537 0.949410915 -0.247612908
vn -0.797669291 -0.577783287 -0.172887534
vn -0.549074948 -0.833597004 0.0602718145
vn -0.620996892 -0.0394140631 0.782821417
vn -0.85927403 0.140374571 0.491877198
vn 0.218813792 0.829315364 0.514156103
vn 0.535012305 0.566681147 0.626605392
vn -0.272090197 -0.0619907901 0.960272908
vn -0.510488749 0.250932634 0.822456062
vn -0.0463170186 0.346783429 -0.936800897
vn 0.243403018 0.0359587111 -0.969258428
vn -0.556389034 -0.57940799 -0.59558171
vn -0.770089388 -0.221534207 -0.598234832
vn 0.496505558 0.830900371 -0.251170844
vn 0.776746571 0.629812598 -0.000907418143
vn -0.0159595832 0.689197659 0.724397659
vn -0.219909906 0.8822124 0.416342288
vn -0.22643517 -0.381381601 -0.896256208
vn -0.0183939133 -0.703540385 -0.710417151
vn -0.791166425 -0.61072737 0.0326765142
vn -0.92777127 -0.304782212 -0.2152863
vn -0.00029166523 -0.746526062 -0.665356159
vn 0.166630372 -0.932576716 -0.320210844
vn 0.901149631 -0.150892735 -0.406399727
vn 0.67423749 -0.0385273807 -0.737509012
vn -0.961988688 0.273087889 0.000927157642
vn -0.891111195 0.188865855 0.412614316
vn -0.130073518 0.942435205 0.308053166
vn -0.267399043 0.959818542 -0.0851238146
vn -0.317382246 -0.899435639 -0.300473154
vn -0.160126626 -0.983288467 0.0866216943
vn 0.745962501 -0.578684866 -0.329641908
vn 0.512945712 -0.53372997 -0.672323585
vn -0.830589771 0.549768984 -0.0887396708
vn -0.724588037 0.610648096 0.319501251
vn 0.195652872 0.975291252 -0.102600999
vn 0.0104437657 0.885245502 -0.465006858
vn -0.312511533 0.223281085 -0.923299551
vn 0.0572368018 0.605816603 -0.793542743
vn -0.590110183 0.74859643 -0.302280247
vn -0.639714777 0.370130628 -0.673623264
vn 0.712628186 -0.399883449 0.576415062
vn 0.89601469 0.0959389582 0.433535904
vn 0.25747332 0.233365655 0.937682211
vn 0.414606124 -0.270772785 0.868782997
vn 0.607587934 -0.757534325 0.238702163
vn 0.927199602 -0.314229816 0.203863993
vn 0.677611172 -0.467830271 -0.567431033
vn 0.54329139 -0.817924738 -0.18929781
vn -0.505025327 0.806339502 0.307841033
vn 0.0168509185 0.965344608 0.260433882
vn -0.242295608 0.825178444 -0.510267913
vn -0.600993812 0.790466487 -0.118191443
vn -0.79069823 0.588523984 0.168629169
vn -0.384540409 0.922956645 0.0167257823
vn -0.165828288 0.631857455 0.757137477
vn -0.64818567 0.502011299 0.572573125
vn 0.583264887 -0.458717555 -0.6703583
vn 0.739647806 0.0660954639 -0.669740617
vn 0.970162988 -0.234000161 0.0634646341
vn 0.764889181 -0.575041294 -0.290296495
vn 0.690453589 -0.704479158 0.164264932
vn 0.956909597 -0.226383314 0.181864217
vn 0.727897286 -0.322857708 -0.604920149
vn 0.634217858 -0.724993587 -0.268611312
vn -0.595058203 0.705058157 0.385744423
vn -0.0949057043 0.926911831 0.363080412
vn -0.334961385 0.842545748 -0.421802729
vn -0.687887728 0.724667907 -0.0408281796
vn 0.668340743 -0.535098076 -0.516711354
vn 0.910853744 -0.0560904779 -0.408900023
vn 0.307474405 0.117302954 -0.944298446
vn 0.396469891 -0.394877583 -0.828784168
vn -0.302680522 0.339691907 0.890502036
vn 0.116356581 0.659670234 0.742493331
vn -0.495364875 0.840578616 0.219182938
vn -0.602193117 0.504814565 0.618486643
vn 0.38150847 -0.843469858 -0.378166527
vn 0.731841922 -0.445637643 -0.515571952
vn 0.0479522087 -0.298664033 -0.953152835
vn 0.0655045286 -0.745237947 -0.663573325
vn 0.029364083 0.68980968 0.72339499
vn 0.443714857 0.80890429 0.385734379
vn -0.243200555 0.969049573 -0.0423840359
vn -0.296664447 0.831688285 0.469345063
vn 0.0426066779 0.175177366 0.983614504
vn 0.0189798046 0.667291462 0.744554818
vn 0.757907867 0.359619498 0.544288039
vn 0.457945436 0.0814696029 0.885239363
vn -0.563168645 -0.051117111 -0.824759424
vn -0.476670355 0.48213616 -0.73507148
vn 0.257054746 0.172519803 -0.950873196
vn -0.165073305 -0.151266813 -0.974612296
vn -0.749817729 -0.321073949 0.578519583
vn -0.781963825 0.225592554 0.581068456
vn -0.0918898955 0.0429144204 0.99484396
vn -0.402765483 -0.361177474 0.841029644
vn 0.286738157 0.359995782 -0.887797415
vn 0.066154696 0.78284961 -0.618684113
vn 0.765133381 0.606022 -0.217504397
vn 0.663297474 0.339279681 -0.667027593
vn -0.988150775 -0.15150246 0.0245991517
vn -0.920434356 0.374162048 -0.11315196
vn -0.670156121 0.317240238 0.671006322
vn -0.886535227 -0.115277909 0.448069483
vn 0.825060308 0.100546613 -0.556026876
vn 0.56314981 0.58039099 -0.588224888
vn 0.829004288 0.525634348 0.190946177
vn 0.978291035 0.143946066 -0.149084225
vn -0.819200754 -0.536333382 0.203117654
vn -0.948042989 -0.0165716205 0.31771037
vn -0.394081056 -0.237724632 0.887799025
vn -0.566307843 -0.612746418 0.551214278
vn 0.471998066 0.613194406 -0.633411765
vn 0.108426332 0.923981607 -0.366744667
vn 0.673480511 0.712703288 0.196158245
vn 0.761646569 0.569503844 -0.309127539
vn 0.886965215 -0.0837260634 0.454183519
vn 0.676993966 0.39336744 0.622045994
vn 0.849196553 0.497107446 -0.178183481
vn 0.997976124 0.0394522212 0.0498709679
vn -0.994769752 -0.0741066262 0.0702945367
vn -0.862657309 0.401238441 0.307944924
vn -0.706619382 0.50506115 -0.495582819
vn -0.937324464 0.0493456088 -0.344946265
vn 0.847409666 -0.325633675 0.419356108
vn 0.834075511 0.214561224 0.508214056
vn 0.9438923 0.127034336 -0.304843485
vn 0.949655652 -0.313250214 -0.00532898493
vn -0.945611954 0.298415512 0.1294844
vn -0.632989347 0.725163758 0.271038622
vn -0.538575172 0.642997682 -0.544509649
vn -0.894406259 0.328563303 -0.30345279
vn 0.516623735 -0.581672013 0.628297329
vn 0.568306923 -0.0712145194 0.81972903
vn 0.990195036 -0.0850898623 0.110785402
vn 0.787713468 -0.544820786 0.287537426
vn -0.838901043 0.514536083 -0.177475706
vn -0.540794611 0.825712144 0.160438925
vn -0.130550817 0.821253598 -0.555426896
vn -0.606397748 0.58259213 -0.541173041
vn -0.139699608 -0.512588382 0.847193718
vn -0.257554293 0.00878115185 0.966223896
vn 0.556203246 -0.00846575573 0.831003189
vn 0.295139015 -0.47261852 0.830376267
vn -0.411897063 0.444004089 -0.795739353
vn -0.480268598 0.79147321 -0.378037333
vn 0.331151068 0.782443762 -0.527371526
vn 0.0151934298 0.511204481 -0.859324753
vn 0.0114430375 -0.923253715 -0.384020299
vn 0.118606508 -0.585765958 -0.801754713
vn -0.668057501 -0.442541718 -0.598210692
vn -0.416057855 -0.839823961 -0.348699868
vn 0.526340783 0.785345137 0.325880885
vn 0.539900064 0.812223792 -0.220908195
vn -0.242341384 0.970125616 -0.011265696
vn 0.113496564 0.917412341 0.381409556
vn 0.470823437 -0.019897934 0.882003069
vn 0.616806746 0.451551735 0.644709587
vn 0.970783889 -0.141743228 0.193616867
vn 0.714950621 -0.28735593 0.637394845
vn -0.760847449 0.35538429 -0.542967081
vn -0.390956253 0.758610904 -0.521212697
vn -0.0475594476 0.168539405 -0.9845469
vn -0.551780939 0.0986087993 -0.828138947
vn 0.254076004 0.0351250283 0.966546237
vn 0.376659334 0.527797341 0.761286855
vn 0.910755634 0.00418657856 0.412924558
vn 0.585573554 -0.187236652 0.788698971
vn -0.661681414 0.245643467 -0.708404541
vn -0.372620732 0.700045586 -0.60917151
vn 0.153609082 0.178242877 -0.971922696
vn -0.356251597 0.0292742047 -0.933931351
vn -0.973836422 -0.0297308769 -0.225296631
vn -0.753582478 0.342703432 -0.560952604
vn -0.712979078 0.673912466 0.193656683
vn -0.967710018 0.209285766 0.140488163
vn 0.931289196 -0.271780074 -0.242561355
vn 0.805207193 0.144656986 -0.575078905
vn 0.862176239 0.47378692 0.179382518
vn 0.991647303 -0.0396534465 0.122732289
vn -0.866170347 0.0198567007 0.499354094
vn -0.89346534 0.428205192 0.13549903
vn -0.319678873 0.657478929 0.682295263
vn -0.589785099 0.209056169 0.780031502
vn 0.487756789 -0.256972373 -0.834301233
vn 0.214329094 0.201701552 -0.955708921
vn 0.799746454 0.428597361 -0.42036885
vn 0.802683413 -0.0756530464 -0.591587663
vn 0.293829948 -0.739941597 -0.605103612
vn 0.46204266 -0.276148528 -0.842768431
vn -0.361376941 -0.264667273 -0.894068182
vn -0.131502643 -0.703420758 -0.698502839
vn 0.251332611 0.667557657 0.700855732
vn 0.427270979 0.875479102 0.225778282
vn -0.396513849 0.899051368 0.185697213
vn -0.17520988 0.744144499 0.644632041
vn -0.332638681 0.703385115 0.628172696
vn -0.292634815 0.9460814 0.138905764
vn 0.483338684 0.79191339 0.37317127
vn 0.0940609574 0.686563671 0.720959663
vn -0.215630993 -0.657071531 -0.722329676
vn -0.196898177 -0.167055443 -0.966086745
vn 0.580080807 -0.332910359 -0.743422449
vn 0.214399606 -0.71261996 -0.667986274
vn -0.307624727 -0.950355649 0.0468099043
vn 0.210214779 -0.968928158 -0.130337879
vn -0.221666291 -0.628570318 -0.745495439
vn -0.49172467 -0.80852133 -0.323264807
vn 0.528033257 0.738062084 0.42005381
vn 0.893957198 0.412549198 0.175053313
vn 0.469254673 0.767411292 -0.436898172
vn 0.36772126 0.927959204 0.0606037416
vn -0.155903116 0.378175884 -0.912511468
vn 0.387660265 0.360413551 -0.848423004
vn 0.122012734 0.938491464 -0.323027313
vn -0.234998837 0.720402181 -0.65253067
vn 0.249748856 -0.794826865 0.553060293
vn 0.719568312 -0.599347055 0.350720078
vn 0.457405329 -0.0313453451 0.888705671
vn 0.182200462 -0.48599124 0.854760528
vn 0.02048425 0.201619163 0.979249775
vn 0.447916776 0.466676503 0.762616277
vn 0.630518496 -0.335513085 0.699912429
vn 0.186154708 -0.202363104 0.961454988
vn -0.228001267 0.313406378 -0.921841562
vn 0.244604215 0.558141828 -0.79287225
vn 0.425071478 -0.243088007 -0.871907353
vn -0.0694040582 -0.087394163 -0.993753135
vn 0.151677355 0.151396111 0.976766706
vn 0.565111279 0.402576864 0.720125735
vn 0.689045608 -0.40446496 0.601352036
vn 0.288790822 -0.259828985 0.921460092
vn -0.318603426 0.370936483 -0.872294724
vn 0.18032372 0.582206726 -0.792791784
vn 0.300218105 -0.222949341 -0.927449524
vn -0.194876999 -0.0340392552 -0.980236828
vn -0.378668249 0.902199686 -0.206509262
vn 0.0785309523 0.859597147 -0.504901528
vn 0.329960793 0.901565552 0.279831022
vn -0.189796939 0.964698672 0.182575002
vn 0.127704903 -0.948478937 -0.289964199
vn 0.492849767 -0.654643297 -0.573185146
vn 0.74862963 -0.628573 0.210830808
vn 0.330990821 -0.938661635 0.0967446864
vn 0.560362816 -0.828134358 -0.0136721795
vn 0.90710026 -0.411192894 -0.089941673
vn 0.448468775 -0.445287496 -0.774980545
vn 0.379763514 -0.828470111 -0.411602855
vn -0.31329599 0.79892379 0.513387263
vn 0.192265734 0.920079589 0.341302544
vn -0.273871183 0.899962068 -0.339209169
vn -0.518765152 0.844904125 0.130459443
vn 0.391869932 -0.604431808 0.693613827
vn 0.81099081 -0.314341813 0.493440092
vn 0.572584212 -0.81088537 -0.120880924
vn 0.337484658 -0.872661889 0.352938145
vn -0.309484959 0.919972599 -0.2405608
vn 0.237136722 0.932938516 -0.270909369
vn -0.0072949226 0.449489892 -0.893255591
vn -0.383835137 0.695136189 -0.607829094
vn -0.922243595 -0.111008629 0.37032935
vn -0.741243005 0.369660616 0.560276628
vn -0.282959402 -0.203605607 0.937271953
vn -0.683712602 -0.370386153 0.628769577
vn 0.589406908 0.433077455 -0.681940913
vn 0.495601952 0.814836442 -0.300699502
vn 0.9668715 0.246243969 0.0672565997
vn 0.870968938 0.189187765 -0.453454614
vn -0.0710076541 -0.513432264 0.855187237
vn 0.0826997086 -0.00719606923 0.996548533
vn 0.728943348 -0.33140856 0.599007487
vn 0.312004209 -0.648762941 0.694089293
vn -0.412984073 0.665172935 -0.622084439
vn -0.197108239 0.957148552 -0.212167442
vn 0.446197838 0.643060803 -0.622398853
vn -0.0397068523 0.56339252 -0.825234592
vn -0.744505048 0.291886568 -0.600428581
vn -0.42204088 0.730006039 -0.537561774
vn -0.77092123 0.604848623 0.199595943
vn -0.931790769 0.299110621 -0.205666751
vn 0.953285515 -0.290522903 0.0827230886
vn 0.967105567 0.253473938 0.0213986021
vn 0.632809758 0.12331333 0.76442498
vn 0.814329267 -0.299877793 0.496931672
vn 0.289640665 -0.805762589 0.516579986
vn 0.599770725 -0.392247736 0.697435856
vn 0.844810426 -0.529287219 -0.078424409
vn 0.487004727 -0.863520086 0.130994022
vn -0.527365923 0.849532485 -0.0134088295
vn -0.0687105507 0.96212846 0.26379472
vn 0.169310823 0.83930856 -0.516618788
vn -0.353258699 0.838894784 -0.414081842
vn -0.965694189 -0.225867763 0.128135055
vn -0.924870491 0.313149333 0.215759411
vn -0.530508161 -0.0437309146 0.84655112
vn -0.785602629 -0.360547274 0.502826214
vn 0.704761982 0.387079656 -0.594541728
vn 0.441910714 0.814668059 -0.375540763
vn 0.850622952 0.463053226 0.249042884
vn 0.932404935 0.269848317 -0.240422338
vn -0.492832124 -0.127932712 -0.860668242
vn -0.284055531 0.377908349 -0.881191075
vn -0.86594528 0.402593821 -0.296743929
vn -0.815354228 -0.0473821163 -0.577020288
vn 0.880612075 0.0221018307 0.473322302
vn 0.839707792 0.500668108 0.210290894
vn 0.269616127 0.526642442 0.806197822
vn 0.597186327 0.106923386 0.794943929
vn -0.757156849 0.499617338 -0.420827806
vn -0.388739377 0.878569722 -0.277483255
vn -0.688607812 0.582491636 0.431882739
vn -0.910806656 0.412290245 -0.0211644489
vn 0.923203886 -0.371968597 -0.0966125131
vn 0.986145794 0.165430948 -0.0122075649
vn 0.700712204 -0.138134375 0.699943781
vn 0.817387342 -0.484106332 0.312280148
vn -0.802911043 0.573649824 0.162048578
vn -0.370450139 0.907825649 0.19651781
vn -0.319125831 0.411559016 0.853684843
vn -0.751587927 0.370680392 0.545629561
vn 0.709667265 -0.297988057 -0.638416409
vn 0.867154062 0.194644317 -0.458429307
vn 0.931472003 -0.309110165 0.1918616
vn 0.804047585 -0.52576977 -0.277621418
vn -0.737344205 0.328480691 0.590274572
vn -0.370717555 0.734659791 0.568193197
vn -0.00405162154 0.128839865 0.991657197
vn -0.514457285 0.061910715 0.855278254
vn 0.430788279 0.0183552746 -0.902266264
vn 0.585058153 0.480913013 -0.653015792
vn 0.96175921 -0.127571538 -0.242373034
vn 0.686927795 -0.257043123 -0.67974925
vn -0.404604882 0.34796384 0.845704496
vn 0.0727035552 0.610308707 0.788820267
vn 0.269772351 -0.175166488 0.946857691
vn -0.244774297 -0.0396889038 0.968767405
vn 0.189218089 0.151771754 -0.970134974
vn 0.558574617 0.449782789 -0.696914494
vn 0.76074475 -0.337378144 -0.554475784
vn 0.365952611 -0.24146615 -0.898761809
vn -0.767177284 0.603433073 0.217502967
vn -0.355097324 0.932253838 0.0693439767
vn -0.125536606 0.601012349 0.789319158
vn -0.616520345 0.494220704 0.612901807
vn 0.550347984 -0.444559216 -0.706741929
vn 0.722912908 0.0747784674 -0.686880767
vn 0.963791966 -0.265466064 0.0251556281
vn 0.738510132 -0.583604157 -0.337652206
vn 0.450223178 -0.731733978 0.511726975
vn 0.81265378 -0.322039515 0.485679299
vn 0.743068039 -0.604885876 -0.286291778
vn 0.485750079 -0.86856097 0.0982281044
vn -0.478770882 0.877544165 0.026357444
vn 0.0525434688 0.994685292 0.0885459185
vn -0.025022706 0.725663066 -0.687595069
vn -0.469688803 0.786527038 -0.400958329
vn -0.697611332 0.214544967 0.683600008
vn -0.282258421 0.558075786 0.780308604
vn -0.000886564201 -0.190989211 0.981591761
vn -0.513800979 -0.147513315 0.845132172
vn 0.441597313 0.248243898 -0.862187207
vn 0.649851561 0.585648656 -0.484467328
vn 0.9410097 -0.163127005 -0.296463072
vn 0.657836378 -0.112855151 -0.744657636
vn -0.234140277 -0.964650571 -0.120945007
vn 0.305660933 -0.929546952 -0.206188828
vn -0.0444133654 -0.537402213 -0.842155695
vn -0.365281731 -0.786582887 -0.497851938
vn 0.390608817 0.706299722 0.590394378
vn 0.816835999 0.437638164 0.375834823
vn 0.472128391 0.844137311 -0.254021674
vn 0.277251393 0.931932926 0.233736202
vn -0.642431796 -0.755855739 -0.12634638
vn -0.60689193 -0.506415367 -0.612556577
vn -0.99268055 0.02895342 -0.117247686
vn -0.88685137 -0.455687612 0.0764423385
vn 0.926682711 0.351494253 -0.133082673
vn 0.676970541 0.399627626 -0.618068397
vn 0.304661095 0.944509149 -0.122817241
vn 0.726929665 0.683184505 0.0695143789
vn -0.653579175 -0.562869549 0.505976439
vn -0.900754571 -0.432922989 0.0349114724
vn -0.84594512 0.273408651 0.457847685
vn -0.690941393 -0.173933387 0.701674521
vn 0.677157462 0.053830985 -0.733866513
vn 0.188065082 0.0716665536 -0.979538381
vn 0.254306078 0.783295929 -0.567252874
vn 0.677676022 0.460322291 -0.57346189
vn -0.474397182 -0.776857734 -0.414052337
vn -0.157690704 -0.567035675 -0.808457911
vn -0.742230415 -0.00138040492 -0.670143366
vn -0.781915963 -0.466378957 -0.413639992
vn 0.843977332 0.35878405 0.398718327
vn 0.921014249 0.362155885 -0.143442422
vn 0.347799778 0.937566936 0.00185411039
vn 0.573987424 0.701590359 0.422267079
vn 0.198907554 -0.874528289 -0.442307532
vn 0.179410264 -0.50386858 -0.844942808
vn -0.594813049 -0.569481313 -0.567352116
vn -0.230513453 -0.901628137 -0.36596477
vn 0.347997665 0.877300501 0.330516934
vn 0.301396996 0.929492414 -0.212611467
vn -0.471545696 0.878928602 0.0716181472
vn -0.0771794841 0.900068462 0.428858995
vn 0.942042232 -0.0174843762 -0.335038424
vn 0.692925394 0.385957122 -0.609008729
vn 0.349496633 -0.312308013 -0.883354902
vn 0.759424627 -0.353822649 -0.545970559
vn -0.678781092 0.439640254 0.58819443
vn -0.633246005 0.759980202 0.146388188
vn -0.990598142 0.0656420887 -0.120027021
vn -0.907537222 0.11631459 0.403543144
vn -0.80585897 0.199856147 0.557358801
vn -0.815978706 0.559684634 0.144678354
vn -0.168986782 0.774630904 0.609418094
vn -0.482712507 0.382949352 0.787615657
vn 0.370824218 -0.422855347 -0.82685107
vn 0.146793202 0.050177034 -0.987893701
vn 0.803893447 0.259774029 -0.535044789
vn 0.727466404 -0.257488281 -0.635997236
vn -0.782343566 0.29169935 0.550318062
vn -0.88105005 0.471116215 0.0424297191
vn -0.24279584 0.917722344 0.314381719
vn -0.475737303 0.583947182 0.657783866
vn 0.368941396 -0.648621082 -0.665712357
vn 0.0609408282 -0.298261672 -0.952536643
vn 0.709085166 0.140266985 -0.691030622
vn 0.708320439 -0.383140355 -0.592862248
vn -0.137403354 -0.905178905 -0.402208328
vn 0.401876152 -0.812240481 -0.422801286
vn 0.0655976534 -0.281275988 -0.957382262
vn -0.256018311 -0.637528479 -0.726644397
vn 0.281587243 0.536349535 0.795636714
vn 0.74469775 0.367230177 0.557285607
vn 0.412018597 0.910577893 0.032994587
vn 0.17489934 0.845034599 0.505298734
vn -0.145912781 0.978401721 0.146422401
vn 0.375161171 0.926855087 -0.0139172794
vn 0.339989066 0.585101306 0.736249864
vn -0.0978090614 0.827058017 0.55354178
vn 0.0802246854 -0.753151238 -0.652937353
vn 0.56018877 -0.489916027 -0.667960167
vn 0.52695936 -0.846544564 0.075340189
vn 0.13476567 -0.953785598 -0.268572688
vn -0.618003428 0.335403144 0.711039126
vn -0.118472457 0.510029376 0.851959169
vn -0.100579798 -0.309546113 0.945550084
vn -0.566629291 -0.0847634226 0.819601357
vn 0.531312048 0.204753071 -0.822060645
vn 0.821907043 0.403130323 -0.402436018
vn 0.849672794 -0.417567343 -0.322015047
vn 0.615402579 -0.219132498 -0.757139742
vn -0.752452433 0.651932061 0.0938082263
vn -0.29283309 0.944465399 0.149110481
vn -0.332227081 0.465910941 0.820092738
vn -0.745842457 0.456841886 0.484782934
vn 0.717219174 -0.383373529 -0.581911862
vn 0.909664512 0.0973698646 -0.403769255
vn 0.882895529 -0.390078336 0.261408478
vn 0.765665054 -0.607934833 -0.210172132
vn -0.188964978 -0.964840889 -0.182686195
vn 0.350297183 -0.901560426 -0.253930479
vn -0.00447216723 -0.487440228 -0.873144865
vn -0.320578933 -0.770325661 -0.551205575
vn 0.347643822 0.685808599 0.639382839
vn 0.78935498 0.449015081 0.418693483
vn 0.439195335 0.877314746 -0.19345884
vn 0.231305078 0.927311301 0.294264734
vn -0.330323547 -0.763313591 0.55519253
vn 0.216259658 -0.784301758 0.581465781
vn 0.0247911457 -0.980119705 -0.196852013
vn -0.375856459 -0.914809763 0.147834346
vn 0.375739306 0.926433206 -0.0232719444
vn 0.793966174 0.598263144 0.108161308
vn 0.608563006 0.416960686 -0.675125778
vn 0.350305259 0.823037505 -0.447096854
vn 0.108003713 -0.528113484 0.842277527
vn 0.57511574 -0.249358669 0.779141903
vn 0.566252232 -0.80639863 0.170527607
vn 0.175812796 -0.828283429 0.532011569
vn -0.189375982 0.886533916 -0.422130734
vn 0.331797153 0.908117652 -0.255407512
vn 0.320378989 0.363230109 -0.874883473
vn -0.130032152 0.626633465 -0.768389344
vn 0.94403547 -0.297379225 0.142697692
vn 0.89200753 0.173486143 0.417402864
vn 0.844343126 0.376934528 -0.38079527
vn 0.956723034 -0.129535198 -0.260579497
vn -0.926204026 0.0757560432 0.369333327
vn -0.638237596 0.478788912 0.602838278
vn -0.701968074 0.685442865 -0.193413839
vn -0.966755092 0.254222065 -0.0274929721
vn 0.865243435 0.210362136 -0.455084205
vn 0.780407012 0.61742717 -0.0987347439
vn 0.200175256 0.706802011 -0.678498924
vn 0.568993092 0.329997122 -0.753225565
vn -0.461892188 -0.353217661 0.813567936
vn -0.305466175 0.156301931 0.939287007
vn -0.897099137 0.240835547 0.370420575
vn -0.795921385 -0.249625504 0.551539898
vn 0.812144279 -0.451052576 0.370098889
vn 0.748565972 0.00724717043 0.66302067
vn 0.961917162 0.256677359 -0.0939794108
vn 0.963754892 -0.266759098 0.00401811069
vn -0.97366035 0.203253448 0.103312753
vn -0.712593913 0.542606056 0.444734305
vn -0.51458323 0.797657311 -0.314558327
vn -0.872884631 0.406172782 -0.270362973
vn -0.635319293 -0.703320682 0.318919182
vn -0.729361475 -0.263511837 0.631342471
vn 0.0206917021 -0.531355441 0.846896231
vn -0.257674098 -0.82592535 0.501449287
vn 0.13788113 0.832269907 -0.536950231
vn -0.0967225432 0.992921174 -0.0689369068
vn 0.659972966 0.738268971 0.139264628
vn 0.537536502 0.753377557 -0.378783405
vn 0.992667556 -0.12087094 0.00114203105
vn 0.898518503 0.348937094 0.266284555
vn 0.696154416 0.494718462 -0.520214021
vn 0.914477229 0.0231075566 -0.403977126
vn -0.858861148 -0.064437069 0.508139193
vn -0.61641717 0.395112216 0.681113899
vn -0.834686875 0.541378558 -0.101030163
vn -0.989757538 0.0811481029 0.117451705
vn -0.123027734 -0.702574611 0.700894594
vn -0.441700876 -0.283373684 0.851234198
vn 0.33335945 -0.0155977197 0.942670763
vn 0.261838377 -0.526122034 0.809095919
vn -0.365156323 0.455631614 -0.811825573
vn -0.639812648 0.664280474 -0.386485755
vn 0.133168042 0.942005932 -0.308043987
vn 0.0128175803 0.665053904 -0.746685326
vn -0.438016683 0.0433865115 -0.897919297
vn -0.520034373 0.533233523 -0.667252719
vn -0.97385478 0.00300563825 -0.227151453
vn -0.727569401 -0.182701916 -0.661258399
vn 0.786315143 0.242362186 0.568303645
vn 0.481723636 0.696037471 0.53242296
vn 0.0384202749 0.167518348 0.985119998
vn 0.531614065 0.0219375249 0.846702576
vn 0.3725411 0.918112814 -0.135210708
vn 0.325510293 0.853668213 0.406563163
vn -0.44753933 0.886176944 0.11999578
vn -0.0515345484 0.972919047 -0.225328028
vn 0.173857838 -0.954152763 0.243651167
vn 0.162945971 -0.678235292 0.716551185
vn -0.611810446 -0.66181004 0.433238328
vn -0.255873531 -0.952642739 0.164318621
vn 0.752573967 -0.497114211 0.431867927
vn 0.407585144 -0.366229445 0.836510837
vn 0.733187795 0.348578066 0.583891332
vn 0.923886418 -0.0999850258 0.369373798
vn -0.940986991 -0.0198702402 -0.337858766
vn -0.978100717 0.0242555998 0.206713989
vn -0.667046368 0.74316287 -0.0525177792
vn -0.81788373 0.390844256 -0.422264069
vn 0.888822556 -0.38114655 -0.254404694
vn 0.958769679 -0.153903544 0.238902539
vn 0.833918452 0.476213753 -0.278927386
vn 0.872842848 -0.0120772328 -0.487851858
vn -0.836931765 -0.0964168534 0.538747609
vn -0.453256756 0.0790648013 0.887866616
vn -0.59293288 0.711628258 0.37684983
vn -0.902037024 0.280757874 0.327878326
vn -0.908469915 0.31489563 -0.274814934
vn -0.771384299 0.615411818 0.161970556
vn -0.881737709 -0.151016653 0.446914583
vn -0.996201098 -0.0581574328 -0.0648156628
vn 0.986242056 0.165304512 0.00100962806
vn 0.778884828 0.49301517 0.387652546
vn 0.684807837 -0.274698347 0.674965978
vn 0.952445924 -0.212006807 0.218860522
vn -0.437433213 0.478885978 -0.761130989
vn -0.42289266 0.837052286 -0.347138762
vn -0.959974051 0.254639 -0.116657019
vn -0.759964406 0.226082683 -0.609377325
vn 0.82720685 -0.143973172 0.543139517
vn 0.611846149 0.327424139 0.720026195
vn 0.0856281742 -0.260340214 0.96171242
vn 0.540674806 -0.414507121 0.732020915
vn 0.776226401 0.566049993 -0.277596712
vn 0.781057537 0.563075662 0.269990534
vn 0.109297916 0.992356479 0.0572931692
vn 0.43687439 0.835883319 -0.332324952
vn -0.321881413 -0.884979427 0.336457729
vn -0.117423505 -0.624168694 0.772415102
vn -0.798616409 -0.207352757 0.564992607
vn -0.692492306 -0.656451225 0.299209207
vn 0.854005694 0.434464335 -0.286207944
vn 0.732119262 0.650538623 0.201992378
vn 0.156547263 0.93582046 -0.315805405
vn 0.554474711 0.648163319 -0.521959841
vn -0.446932912 -0.68754071 0.57231003
vn -0.332319587 -0.267495036 0.904439092
vn -0.919067383 0.00814842246 0.394016087
vn -0.783496857 -0.505780697 0.360996693
vn 0.384116411 -0.916687846 -0.110172458
vn 0.758574307 -0.629616082 0.167775646
vn 0.748070061 -0.303592622 -0.590103924
vn 0.451394647 -0.737141192 -0.502857625
vn -0.454941452 0.658194005 0.599840701
vn 0.0720505863 0.658965468 0.748714387
vn 0.054338526 0.998517871 -0.00306644966
vn -0.411547899 0.882571697 0.227366507
vn -0.474567741 0.714363575 -0.51426661
vn -0.0299582966 0.95299077 -0.301514447
vn -0.518853664 0.783800304 0.341244608
vn -0.709707499 0.689032257 -0.146798745
vn 0.753160417 -0.65696013 0.0339529589
vn 0.974579155 -0.169037446 0.147043422
vn 0.496230334 -0.350008279 0.794512212
vn 0.552969098 -0.721327782 0.417026788
vn -0.0536453649 -0.185207665 0.981234074
vn -0.0225362759 0.35938561 0.932916999
vn 0.714443207 0.0740753412 0.695761263
vn 0.363695771 -0.276702166 0.889472485
vn -0.472877681 0.293590337 -0.830777645
vn -0.365555435 0.751142383 -0.549685597
vn 0.367823184 0.469944984 -0.802407503
vn -0.067469947 0.215725243 -0.974120319
vn -0.34693262 -0.643821776 0.682005346
vn -0.0855075195 -0.253582656 0.963527024
vn 0.502846181 -0.662875414 0.554744959
vn 0.00522909965 -0.850366652 0.526164591
vn -0.108153358 0.880414009 -0.461707652
vn 0.109863721 0.993559659 0.027731711
vn 0.700268865 0.59736073 -0.390875578
vn 0.250805646 0.717258096 -0.650105655
vn -0.770469904 0.205167472 0.603558183
vn -0.414122999 0.615554154 0.670518637
vn -0.050069876 -0.0487468615 0.997555315
vn -0.552191615 -0.0999167711 0.827708304
vn 0.468521953 0.185668856 -0.863721192
vn 0.599630475 0.599600434 -0.53002125
vn 0.974327207 -0.0648684427 -0.215588823
vn 0.72206974 -0.119970694 -0.681338608
vn 0.202573001 0.388430595 -0.898935914
vn 0.468742013 0.701436222 -0.536906064
vn -0.332940847 0.849346757 -0.409585714
vn -0.200915545 0.536371946 -0.819718301
vn 0.311866105 -0.560495913 0.767192185
vn 0.558166742 -0.0749829039 0.826333761
vn -0.24257794 0.0647760481 0.967966974
vn -0.0885117501 -0.439566702 0.893838227
vn -0.686970353 0.670675099 0.279761732
vn -0.204340726 0.927138627 0.314100116
vn -0.195788279 0.359148562 0.9125126
vn -0.646740794 0.4208875 0.63606602
vn 0.611819923 -0.332690448 -0.717630446
vn 0.858340442 0.106176727 -0.501974344
vn 0.87804991 -0.470432878 0.0878704339
vn 0.689021051 -0.611040175 -0.389717788
vn 0.406461477 0.457498103 0.790875852
vn 0.29844898 0.85310334 0.427951962
vn 0.908055902 0.407998651 0.0947185233
vn 0.75484848 0.286449909 0.590042591
vn -0.829844177 -0.226118058 -0.51012665
vn -0.713106811 0.293762743 -0.636539221
vn -0.114120349 -0.157214373 -0.980948627
vn -0.516650021 -0.416626006 -0.747994244
vn 0.412642628 -0.884541392 0.217514515
vn 0.826656342 -0.526622474 0.198262677
vn 0.557554722 -0.595182002 -0.578697741
vn 0.341249377 -0.91564095 -0.212486535
vn -0.308135092 0.891982913 0.330785692
vn 0.236910239 0.926944554 0.290942043
vn -0.038383279 0.87364608 -0.485045612
vn -0.40004617 0.911454201 -0.0959912017
vn 0.576567888 -0.263540626 0.773379505
vn 0.696916759 0.260244906 0.668266118
vn 0.985762894 -0.16644299 0.0238373019
vn 0.785545349 -0.441656172 0.433426231
vn -0.818624377 0.478004098 -0.318380654
vn -0.444641382 0.866982996 -0.225021303
vn -0.167780638 0.446665317 -0.878828585
vn -0.649362624 0.320997506 -0.689411938
vn -0.315602273 -0.544477701 -0.777135253
vn -0.106380485 -0.0856421143 -0.990630388
vn -0.79107064 0.147582531 -0.593655348
vn -0.687184334 -0.373902231 -0.622876227
vn 0.771392763 0.310579538 0.555421948
vn 0.78300792 0.613972902 0.0996789262
vn 0.107655309 0.854542792 0.508101225
vn 0.430753082 0.505495191 0.747613788
vn 0.939892054 -0.332456172 -0.077948235
vn 0.967067897 0.210615218 -0.14290145
vn 0.577810049 -0.072834827 -0.812914908
vn 0.771206796 -0.430463612 -0.468978792
vn -0.694220901 0.443756759 0.56668973
vn -0.369976699 0.845719337 0.384546608
vn -0.773272336 0.568937063 -0.279929489
vn -0.909423113 0.367844999 0.19400923
vn 0.904099882 -0.368515402 -0.216332644
vn 0.948872745 0.175311714 -0.262499928
vn 0.461328775 -0.0598961227 -0.885205209
vn 0.680753887 -0.441011727 -0.584878445
vn -0.591000259 0.446457893 0.671858668
vn -0.274430335 0.842129886 0.464225471
vn -0.774818063 0.613922775 -0.150850266
vn -0.856906176 0.397160679 0.328595996
vn 0.394296408 -0.0522310771 0.917497873
vn 0.442517251 0.470961541 0.763134122
vn 0.959377527 0.0488892496 0.277857184
vn 0.712334335 -0.217293575 0.667355418
vn -0.779965281 0.257847786 -0.57023561
vn -0.518273652 0.724670589 -0.454141915
vn -0.0115009835 0.305262089 -0.952198923
vn -0.495354146 0.101612106 -0.862727761
vn -0.548748434 -0.104750142 -0.82939893
vn -0.101592019 0.173416048 -0.979594767
vn -0.529765725 0.687484324 -0.49670276
vn -0.752983093 0.220019728 -0.620167553
vn 0.785838664 -0.307237953 0.536714554
vn 0.990378201 0.00773883332 0.13817063
vn 0.573669076 0.520067632 0.632798076
vn 0.619594455 0.0117678884 0.784833848
vn -0.318893552 -0.804869413 -0.500491858
vn 0.218869328 -0.770900369 -0.598171234
vn -0.117273502 -0.124416068 -0.985275388
vn -0.446700335 -0.47559613 -0.757804096
vn 0.468137592 0.362168431 0.806028008
vn 0.862824798 0.18397969 0.470834166
vn 0.533442855 0.840489507 0.0949534774
vn 0.362734497 0.7246629 0.58590734
vn -0.69977814 0.696590364 -0.158342749
vn -0.218649358 0.949730575 -0.224063143
vn -0.26581642 0.770128131 0.579865754
vn -0.691819787 0.666597068 0.277549535
vn 0.664734781 -0.63396281 -0.395245284
vn 0.897806466 -0.138939306 -0.417898804
vn 0.862361133 -0.329971701 0.383994877
vn 0.711535513 -0.701831758 0.0339031555
vn -0.565994918 0.39206773 0.725212097
vn -0.147751197 0.738979518 0.657327056
vn 0.182241812 0.0558313914 0.98166734
vn -0.347791106 0.0765144899 0.934444666
vn 0.271457285 0.0186159387 -0.962270439
vn 0.537459314 0.433418274 -0.723385155
vn 0.874646366 -0.252938151 -0.413540751
vn 0.513500214 -0.307568192 -0.801073849
vn 0.0588605888 -0.996579885 -0.057999853
vn 0.568170309 -0.821849406 0.0417850353
vn 0.393261135 -0.567495704 -0.723390818
vn 0.036689721 -0.877640665 -0.477912813
vn -0.0288853552 0.811411917 0.5837605
vn 0.496375799 0.657464504 0.566878676
vn 0.320712894 0.927349746 -0.192784205
vn -0.0535540096 0.981817544 0.182115927
vn -0.799922884 0.591603458 -0.100641683
vn -0.363923848 0.918951571 -0.151945397
vn -0.367398143 0.67762208 0.637061179
vn -0.778836787 0.532283068 0.331794977
vn 0.744794428 -0.495868057 -0.446537971
vn 0.89997673 0.0291733816 -0.434960634
vn 0.909772158 -0.221497953 0.351074576
vn 0.80985254 -0.586144507 -0.0239476338
vn 0.666887224 -0.741538763 0.07336016
vn 0.933808267 -0.285167933 0.216058776
vn 0.779599309 -0.207804561 -0.590797901
vn 0.651719391 -0.669023037 -0.35730952
vn -0.62395829 0.623851597 0.470622182
vn -0.122372344 0.832005858 0.541101873
vn -0.287670225 0.92109853 -0.262342125
vn -0.675871491 0.735234678 0.0512610376
vn 0.756957352 0.611055553 0.231574312
vn 0.299606293 0.899953246 0.316733718
vn 0.345161587 0.794096351 -0.50027442
vn 0.754373312 0.623537898 -0.205235198
vn -0.726623535 -0.604880929 0.325787127
vn -0.91427201 -0.094936125 0.393819481
vn -0.881461203 -0.21123834 -0.422379524
vn -0.771439433 -0.627011597 -0.108340614
vn 0.291496396 -0.214871153 0.932126701
vn -0.131675407 0.12898232 0.98286581
vn 0.480384916 0.578057468 0.659605801
vn 0.590045393 0.0772444084 0.803666413
vn -0.656346083 -0.160010621 -0.7372967
vn -0.907208085 0.173869893 -0.383070171
vn -0.303289711 0.623416662 -0.720671237
vn -0.384778291 0.133666888 -0.913279176
vn 0.672197104 -0.242676795 -0.699470639
vn 0.349170953 0.136448726 -0.927071452
vn -0.125081241 -0.532698095 -0.83701098
vn 0.391695321 -0.577335656 -0.716420531
vn -0.295549721 0.65466398 0.695748091
vn -0.442647547 0.870660424 0.214507639
vn -0.925213516 0.209221661 0.316553771
vn -0.603599787 0.34554857 0.71851474
vn -0.729168773 -0.534982085 -0.426739961
vn -0.803868949 -0.0190748014 -0.594500542
vn -0.97708863 -0.0163591709 0.212203145
vn -0.873973668 -0.485661894 -0.0173940528
vn 0.885099053 0.453843057 -0.103083163
vn 0.51693821 0.789990306 -0.329681933
vn 0.357585609 0.80120033 0.479802608
vn 0.786246061 0.531311333 0.315476447
vn 0.0898893997 -0.0977761894 0.991140604
vn -0.232348159 0.337876529 0.912060201
vn 0.514846623 0.56439811 0.645281136
vn 0.469146252 0.0879471153 0.878730357
vn -0.563403904 -0.139179155 -0.814374149
vn -0.766878307 0.304000556 -0.565226793
vn -0.0252951235 0.530166566 -0.847516119
vn -0.202743456 0.0453657396 -0.978180408
vn 0.702116072 0.534651279 -0.470298976
vn 0.314382374 0.892448008 -0.323574245
vn -0.0295042023 0.420753688 -0.906695008
vn 0.48726958 0.347001046 -0.801348031
vn -0.406927794 -0.27964139 0.869603634
vn -0.593046606 0.226187274 0.772745132
vn -0.946460605 -0.252502412 0.201134145
vn -0.653344691 -0.490471572 0.576696038
vn -0.07512407 -0.925275803 -0.371780962
vn -0.565417469 -0.693221927 -0.44693011
vn -0.489538431 -0.790085912 0.368939459
vn -0.106854826 -0.992532074 0.0588404574
vn 0.112321928 0.976709247 -0.182819158
vn -0.412047923 0.862998009 -0.292320043
vn -0.334558636 0.78247267 0.525173306
vn 0.0859270021 0.963595092 0.253181696
vn 0.664078176 -0.258578748 -0.701524854
vn 0.838825464 0.219008639 -0.498404533
vn 0.144127086 0.39395532 -0.90775907
vn 0.330725998 -0.103899695 -0.93798995
vn -0.221287563 0.0548925065 0.973662436
vn 0.114412129 0.475493759 0.872247458
vn -0.587892473 0.653133512 0.47728309
vn -0.579843163 0.218495056 0.784883261
vn -0.969441056 0.102718808 0.222784519
vn -0.740558922 0.590449393 0.320845693
vn -0.435725719 0.0836496204 0.896184027
vn -0.812871158 -0.107507408 0.572435677
vn 0.737941623 0.165213972 -0.654329062
vn 0.65643537 0.641584039 -0.396815449
vn 0.975936055 0.135320485 0.170988813
vn 0.9431144 -0.0432336107 -0.329645365
vn 0.696558356 -0.177117437 -0.695295513
vn 0.782799006 0.335786909 -0.523901582
vn 0.0659264103 0.356754035 -0.931869209
vn 0.339548647 -0.100096241 -0.935247302
vn -0.222867504 0.0739630163 0.972038865
vn 0.0305174757 0.541223645 0.8403247
vn -0.69425422 0.564347625 0.446679711
vn -0.606050491 0.158131674 0.779549301
vn -0.557072103 0.333012223 -0.760771632
vn -0.499458909 0.75775069 -0.419946045
vn -0.976143658 0.216244668 -0.0195384603
vn -0.845298767 0.105608679 -0.52375263
vn 0.899443567 -0.0352469273 0.435613334
vn 0.692273915 0.456438363 0.558946133
vn 0.228100926 -0.0882316008 0.969631433
vn 0.652677953 -0.273133725 0.706689119
vn -0.154656008 0.419932276 -0.89428091
vn 0.00584263541 0.825949371 -0.563714087
vn -0.741374254 0.603439689 -0.293640494
vn -0.560499489 0.374017954 -0.738884866
vn 0.65927273 -0.347191215 0.66694659
vn 0.671805799 0.198282868 0.713695168
vn -0.0684194341 -0.0308167841 0.997180581
vn 0.276598334 -0.414942622 0.866784871
vn -0.822217584 -0.250860661 0.510908246
vn -0.783594429 0.294185132 0.547206402
vn -0.152310833 -0.00191242853 0.988330781
vn -0.501707971 -0.351645529 0.790338218
vn 0.389911592 0.368572265 -0.843874037
vn 0.208179399 0.801010609 -0.561287165
vn 0.849876404 0.510233998 -0.131800517
vn 0.744926453 0.28542012 -0.603009105
vn -0.602558613 -0.792879641 0.0909124538
vn -0.687588751 -0.487915903 0.53773576
vn 0.0784600005 -0.784495831 0.61515063
vn -0.212960497 -0.955615163 0.203586698
vn 0.0912676603 0.969069242 -0.229292423
vn -0.119894482 0.953725219 0.275741845
vn 0.652114987 0.672280967 0.350406051
vn 0.50061661 0.85648948 -0.125733078
vn 0.757699013 0.355129808 0.547517121
vn 0.38479653 0.755773604 0.529847026
vn 0.679324746 0.69402951 -0.238413423
vn 0.907717586 0.395852 0.139104143
vn -0.919162154 -0.393610716 -0.0145449592
vn -0.987225235 0.143148333 0.0699631795
vn -0.707101643 0.0749722272 -0.703126252
vn -0.816877186 -0.374202281 -0.438958228
vn -0.390761256 -0.471499354 0.79056561
vn -0.696871817 -0.0234583057 0.716811955
vn 0.0398500971 0.251046598 0.967154324
vn -0.0390476659 -0.275568336 0.960488081
vn -0.065329887 0.208339974 -0.975872159
vn -0.430601507 0.532792151 -0.728501737
vn 0.308916718 0.813137472 -0.493333459
vn 0.295648009 0.42362377 -0.85623312
vn 0.966777861 0.179248527 0.182237625
vn 0.71843487 0.667090237 0.197083741
vn 0.684810877 0.425948828 -0.591271222
vn 0.960180223 0.122638538 -0.251025379
vn -0.923890889 -0.101675063 0.368900865
vn -0.828525722 0.437236756 0.349813014
vn -0.878391385 0.19368194 -0.436939269
vn -0.98430866 -0.166281953 -0.0590492487
vn -0.368219137 -0.794579387 0.482761025
vn -0.659474194 -0.364906341 0.657219291
vn 0.0995748267 -0.255580336 0.961646259
vn -0.000648903137 -0.710540533 0.703655899
vn -0.106997229 0.660509586 -0.743154526
vn -0.445740283 0.825659573 -0.345834911
vn 0.31555292 0.947485507 -0.0519389249
vn 0.268009186 0.785969198 -0.557156563
vn 0.11271318 -0.124290973 -0.985823274
vn -0.268661946 0.264160454 -0.926304519
vn -0.618685663 -0.432385057 -0.655950606
vn -0.134064451 -0.46714887 -0.873955786
vn 0.201522768 0.55082047 0.809929192
vn -0.195997521 0.816542387 0.542994857
vn -0.545258582 0.125795946 0.828775287
vn -0.0427270718 0.227180064 0.972914994
vn -0.248329237 -0.440125734 0.862914801
vn -0.683853447 -0.142666593 0.715535283
vn -0.0976817906 0.404768765 0.909186721
vn 0.00692347111 -0.110480458 0.993854165
vn -0.081412673 0.0100084208 -0.996630251
vn -0.547281206 0.225637138 -0.805959761
vn 0.0403247178 0.77693969 -0.628282249
vn 0.178591788 0.352467626 -0.918624759
vn -0.0786829442 0.271741509 0.959148347
vn -0.430050939 0.589160025 0.684066296
vn 0.321303397 0.834614217 0.447418332
vn 0.290309191 0.469498843 0.833841324
vn -0.387960523 -0.51060158 -0.767315209
vn -0.683104515 -0.0509594753 -0.72854054
vn 0.0655933022 0.187774256 -0.980019569
vn -0.0277720578 -0.335114419 -0.94176805
vn 0.00471193343 -0.439959764 -0.898005128
vn -0.135282949 0.0818548128 -0.987420022
vn -0.772479951 -0.251672119 -0.583040297
vn -0.374525666 -0.574630141 -0.727688611
vn 0.47216332 0.593499422 0.651782393
vn 0.247189656 0.927439809 0.280629098
vn -0.385991782 0.602790654 0.698322117
vn 0.106232144 0.488247573 0.866215408
vn 0.762400568 0.645928383 0.0390134528
vn 0.419014692 0.841981113 -0.339844793
vn 0.733289778 0.150887907 -0.662962198
vn 0.928047538 0.316778958 -0.195905313
vn -0.94334048 -0.209070385 0.257678628
vn -0.976636708 0.142414331 -0.160931408
vn -0.67701453 -0.556024075 -0.482170612
vn -0.826249182 -0.562558532 0.0289841928
vn 0.569934189 -0.678770483 -0.463082701
vn 0.405719578 -0.330248535 -0.852248549
vn -0.273353279 -0.73655808 -0.618676126
vn 0.191773266 -0.891397357 -0.410650253
vn -0.0741873682 0.92175734 0.380604327
vn -0.121306114 0.979316711 -0.161936954
vn -0.805912435 0.586755991 0.0788830668
vn -0.470684201 0.754691124 0.457053304
vn 0.0357626043 0.640313148 0.767280996
vn -0.198635414 0.913641453 0.354687572
vn 0.586223423 0.800153792 0.126869738
vn 0.446234941 0.64770472 0.617537796
vn -0.550452232 -0.626692474 -0.551596642
vn -0.678281307 -0.123032562 -0.724429071
vn 0.101542398 -0.247404411 -0.963576794
vn -0.156666711 -0.655367732 -0.738883376
vn -0.608264863 -0.187113181 0.771364033
vn -0.916525722 0.0640284047 0.394817531
vn -0.388331443 0.637014925 0.665890872
vn -0.385279357 0.162868753 0.908313572
vn 0.306203932 -0.259514153 -0.915910244
vn -0.168300048 0.00478949258 -0.985724211
vn 0.367750227 0.577154338 -0.72914511
vn 0.555221021 0.0884070769 -0.826990783
vn -0.349669755 0.604541779 0.715723634
vn -0.625352263 0.735395193 0.261014313
vn 0.151041895 0.980350971 0.126879409
vn 0.0308527444 0.791683853 0.61015141
vn -0.141163975 -0.818149924 -0.557407796
vn -0.454751104 -0.428662986 -0.780672431
vn 0.323434293 -0.195928723 -0.925744116
vn 0.245293975 -0.671506345 -0.699221075
vn -0.62793225 -0.700064719 0.340015322
vn -0.820574045 -0.551354349 -0.150554076
vn -0.93506217 0.102651194 0.339295506
vn -0.751598299 -0.344763666 0.562350333
vn 0.760913253 0.228396714 -0.607326925
vn 0.315790623 0.208320647 -0.925677478
vn 0.213233232 0.8703022 -0.443965822
vn 0.676782131 0.610127687 -0.411958903
vn -0.44009912 0.537288964 0.719467402
vn -0.79552269 0.524691761 0.303054839
vn -0.163660839 0.98569113 0.0403504707
vn -0.157085732 0.822182894 0.547119081
vn 0.0685998276 -0.87617898 -0.477079153
vn -0.379301071 -0.631819427 -0.675969601
vn 0.256930828 -0.182962045 -0.948952794
vn 0.366093963 -0.631520808 -0.683488607
vn -0.636724651 -0.148922399 0.756573856
vn -0.946559131 -0.0947590917 0.308296025
vn -0.618227243 0.650418699 0.441305637
vn -0.528072238 0.271618009 0.804588914
vn 0.477363706 -0.385031015 -0.789857566
vn -0.0350027047 -0.287945181 -0.957007051
vn 0.302899629 0.455204278 -0.837281823
vn 0.617729843 0.0287882295 -0.78586334
vn -0.325829327 0.00505644735 0.94541508
vn -0.774644077 -0.014175131 0.632238567
vn -0.450386316 0.734280348 0.507921815
vn -0.224032223 0.424528986 0.877259731
vn 0.186210141 -0.532157898 -0.825913846
vn -0.355689049 -0.453728408 -0.817077637
vn -0.0270326994 0.290112138 -0.956610799
vn 0.302583009 -0.127977788 -0.944491982
vn 0.197975501 0.980155706 -0.010024989
vn -0.282454193 0.921596467 -0.266232193
vn 0.27771166 0.579497457 -0.766197741
vn 0.454337656 0.827692509 -0.329396904
vn -0.513142169 -0.753435254 0.411121041
vn -0.864296734 -0.496842027 0.0783528686
vn -0.310239434 -0.853833437 -0.417995125
vn -0.277022541 -0.955247104 0.103737287
vn -0.344275296 -0.938515902 0.025738487
vn -0.529655695 -0.723591387 -0.44258368
vn -0.932229757 -0.325679392 0.157735974
vn -0.615179062 -0.729938745 0.297899753
vn 0.672485828 0.642749369 -0.366927713
vn 0.302266657 0.57021296 -0.763866544
vn -0.0915730372 0.981708765 -0.166919947
vn 0.430525303 0.896339059 -0.105944104
vn -0.523056328 0.768718362 0.368081629
vn -0.745169699 0.656057954 -0.119624533
vn 0.00466165505 0.959098577 -0.283033788
vn -0.158423975 0.961648345 0.223907143
vn 0.0459925085 -0.983727276 -0.173681587
vn -0.279569209 -0.777807713 -0.562899828
vn 0.475150675 -0.489821196 -0.730963111
vn 0.426823646 -0.840682685 -0.33327803
vn 0.120338872 -0.973966122 -0.192116052
vn -0.270741731 -0.800872147 -0.534137309
vn -0.60480088 -0.765535355 0.219480172
vn -0.118458137 -0.97762233 0.173845232
vn 0.184138075 0.94371134 -0.274776369
vn -0.218540728 0.768187463 -0.601770639
vn -0.552051723 0.819997847 0.151136741
vn -0.0528428555 0.994643927 0.0888319239
vn -0.161877871 -0.94731164 0.276398689
vn -0.641315639 -0.762306035 0.0871994197
vn -0.506285489 -0.349152029 0.788522601
vn -0.163016677 -0.734897614 0.658294082
vn 0.157516986 0.646407485 -0.746555924
vn -0.379984319 0.541688144 -0.749790549
vn -0.242210343 0.96853292 -0.057254795
vn 0.165470123 0.904188573 -0.393779963
vn -0.358121037 -0.681598663 0.638100684
vn -0.769459248 -0.56622529 0.295501888
vn -0.65749377 0.11701005 0.744318843
vn -0.372220099 -0.313708127 0.873521268
vn 0.363029331 0.194766253 -0.911194742
vn -0.179408133 0.150823757 -0.972144485
vn -0.061247699 0.841587722 -0.536636591
vn 0.369458616 0.587603688 -0.719876587
vn -0.254762322 -0.957889259 -0.132455453
vn -0.672576964 -0.663125277 -0.328489184
vn -0.682297409 -0.544393063 0.487961531
vn -0.333251715 -0.896162212 0.292978764
vn 0.344308585 0.846022069 -0.407060504
vn -0.182412252 0.812849939 -0.553173363
vn -0.186986417 0.947078466 0.260918528
vn 0.282872349 0.959099412 0.0105568981
vn 0.0306368712 -0.721836627 -0.691385031
vn -0.392180026 -0.40159297 -0.827597678
vn -0.615986526 -0.777299881 -0.127927557
vn -0.15505065 -0.923438013 -0.351029217
vn 0.203870937 0.949423194 0.238814205
vn -0.250438333 0.965845883 -0.0665008202
vn -0.472756684 0.604495823 0.641159892
vn 0.0231147911 0.795396149 0.605648994
vn 0.782579124 0.0412767865 -0.62118125
vn 0.363851726 0.267198652 -0.892309844
vn 0.177951172 -0.533988237 -0.826553106
vn 0.656347334 -0.375783712 -0.65421313
vn -0.595901787 0.484450608 0.640475392
vn -0.7640329 0.629807174 0.139988318
vn -0.961775064 -0.167572588 0.216583118
vn -0.76137346 0.0800056234 0.643357992
vn 0.657517552 -0.171357065 -0.733694375
vn 0.204749942 0.015353499 -0.978693902
vn 0.00559271779 -0.729237258 -0.684238017
vn 0.512662292 -0.572769344 -0.639619172
vn -0.451905072 0.669806063 0.589187264
vn -0.702988923 0.703600168 0.103698634
vn -0.911676645 -0.0337650925 0.409518719
vn -0.628341377 0.292338163 0.720919907
vn 0.764613807 0.331677914 0.552589834
vn 0.401328474 0.74118799 0.538122475
vn 0.696091533 0.680081666 -0.230099022
vn 0.916497648 0.372870088 0.144914061
vn -0.928174019 -0.371588767 -0.0203631874
vn -0.983724654 0.165769279 0.0693275258
vn -0.703503311 0.0986216292 -0.703815877
vn -0.824477315 -0.350415915 -0.444348752
vn 0.489152372 -0.868014753 -0.0853244215
vn 0.0528391115 -0.972030282 0.228834152
vn 0.542367101 -0.488128215 0.683790028
vn 0.726573527 -0.653473735 0.212280214
vn -0.770090878 0.567274332 -0.291821688
vn -0.977484167 0.20233494 0.0598765425
vn -0.498773426 0.698566914 0.513058782
vn -0.56851542 0.822672606 -9.50342219E-05
vn 0.933648109 0.237201005 0.268396914
vn 0.642886817 0.224649891 0.732276559
vn 0.362402409 0.877781272 0.313312262
vn 0.780090511 0.615466952 0.112512819
vn -0.707216203 -0.704198658 -0.0628447682
vn -0.699682176 -0.545611262 0.461251736
vn -0.994262278 0.0994330496 0.0394420102
vn -0.907482803 -0.352730662 -0.228157997
vn 0.27996543 -0.769766927 0.5736534
vn -0.180698618 -0.575801015 0.797371447
vn 0.388317585 0.00866448879 0.921484888
vn 0.548258722 -0.450617611 0.704525471
vn -0.607195854 0.341047972 -0.717634737
vn -0.906581521 0.333077073 -0.259171128
vn -0.345186114 0.927085042 -0.146150276
vn -0.364156485 0.691818058 -0.623520494
vn -0.23936148 0.0783368796 -0.967765152
vn -0.659798443 0.29445985 -0.691346109
vn -0.678326309 -0.513576746 -0.525463939
vn -0.322427332 -0.342152119 -0.882594228
vn 0.335211366 0.453026056 0.826075494
vn -0.189677805 0.601033688 0.776389599
vn -0.203269854 -0.20378381 0.957681298
vn 0.268501431 0.0432033353 0.962310016
vn 0.836220026 -0.158310637 0.525046527
vn 0.422067046 -0.272361279 0.864684224
vn 0.390209585 0.54315722 0.743449152
vn 0.800176084 0.277141958 0.531893373
vn -0.76099056 -0.394723594 -0.514865756
vn -0.884784043 -0.465796351 0.0138190947
vn -0.930362225 0.347691149 -0.116349153
vn -0.842500746 0.0339991413 -0.53762114
vn 0.861598492 0.161830142 0.4811019
vn 0.490485698 0.0560340323 0.869645834
vn 0.275850087 0.786750257 0.552205324
vn 0.729977787 0.566623449 0.38219136
vn -0.665319681 -0.664869845 -0.339555264
vn -0.758851707 -0.620378911 0.19817704
vn -0.986603975 0.103235379 -0.12631315
vn -0.840405703 -0.283609569 -0.461826593
vn 0.897519946 0.355029732 0.261556566
vn 0.600710034 0.344088256 0.721630573
vn 0.260349929 0.931765437 0.253043592
vn 0.707528651 0.702498734 0.0768036917
vn -0.626583159 -0.779098868 -0.0199607518
vn -0.646323919 -0.583865404 0.491290718
vn -0.999776602 -0.00593079068 0.0202854294
vn -0.859959722 -0.463914216 -0.212727278
vn 0.279652357 -0.955605626 0.0928031653
vn -0.16444917 -0.898051798 0.407994449
vn 0.427863091 -0.459137946 0.778540671
vn 0.563455403 -0.747477055 0.351846546
vn -0.62638998 0.65979147 -0.415103376
vn -0.905780554 0.423679233 -0.00757868122
vn -0.321251392 0.876470387 0.358604521
vn -0.368378282 0.91390425 -0.170518026
vn 0.64252466 0.557461739 0.525736213
vn 0.142993093 0.735781312 0.661950767
vn 0.25071761 0.959987581 -0.124758057
vn 0.663198948 0.7374084 0.128046796
vn -0.645521641 -0.763709724 -0.00702344906
vn -0.910897017 -0.345212162 0.226042375
vn -0.814237297 -0.132355288 -0.565243065
vn -0.661512911 -0.621371686 -0.419878483
vn -0.368118167 -0.797482312 -0.478028238
vn -0.799761176 -0.483334243 -0.356047839
vn -0.523214996 -0.769196749 0.366854727
vn -0.292852044 -0.953078985 -0.076668404
vn 0.260335594 0.964533687 -0.0435910076
vn -0.285554677 0.958362222 -0.000587659888
vn -0.0036100857 0.687636018 0.726046622
vn 0.353491336 0.859094739 0.370135337
vn 0.808871746 0.135124251 0.572248101
vn 0.398564756 0.39033252 0.829931736
vn 0.537658751 0.830424845 0.146005526
vn 0.86840564 0.426831722 0.252361476
vn -0.854763448 -0.496969044 -0.149670318
vn -0.962635517 -0.126851887 0.239251748
vn -0.837832928 0.307810277 -0.450875551
vn -0.842586696 -0.223255113 -0.490106851
vn 0.981796145 0.18400012 -0.0471192375
vn 0.748645902 0.653624773 0.110923447
vn 0.508988559 0.539936841 -0.670372188
vn 0.861974001 0.196858868 -0.467169613
vn -0.79604739 -0.193579793 0.573441744
vn -0.706000805 0.344685376 0.618671775
vn -0.960930347 0.227753982 -0.15729259
vn -0.966477692 -0.191469282 0.171056688
vn -0.186176166 -0.634037256 0.750556648
vn -0.605101585 -0.281401783 0.744758368
vn 0.0502253212 0.157976195 0.986164808
vn 0.113562718 -0.367021978 0.923254251
vn -0.19726111 0.275708586 -0.940783143
vn -0.614171088 0.462959826 -0.639110327
vn 0.041060105 0.910152555 -0.412233472
vn 0.102161922 0.568620443 -0.81623143
vn 0.92911917 0.173261002 0.326677591
vn 0.604135215 0.506356001 0.615324497
vn 0.58588326 0.794955611 -0.157437146
vn 0.918248773 0.392696887 -0.0510719977
vn -0.882209063 -0.442894965 0.159847572
vn -0.877908885 0.0022117584 0.478822678
vn -0.911720812 0.285518199 -0.295371771
vn -0.944640815 -0.24099876 -0.222650707
vn 0.613812327 0.368538707 0.698150098
vn 0.156642139 0.222996563 0.962151647
vn -0.0548478663 0.868141472 0.493276864
vn 0.459188998 0.729655087 0.506703973
vn -0.397485256 -0.809279442 -0.432518542
vn -0.670810044 -0.740704179 0.0370291695
vn -0.890987456 -0.105676934 -0.441558361
vn -0.580896318 -0.481690913 -0.656150341
vn 0.43094781 0.896557868 0.102312885
vn -0.107661813 0.982651591 0.151012406
vn 0.0117832255 0.770490289 -0.637342751
vn 0.442040473 0.834066987 -0.330049098
vn -0.429471076 -0.78592515 0.444832891
vn -0.811663866 -0.393969834 0.431265086
vn -0.699610054 -0.620584369 -0.35414806
vn -0.442871213 -0.896309853 0.0222208314
vn -0.480512321 -0.62680763 -0.613367796
vn -0.866491258 -0.401052952 -0.297236353
vn -0.423144221 -0.882527947 0.205166459
vn -0.310213268 -0.89694339 -0.315055966
vn 0.249250263 0.943943202 0.216438189
vn -0.269393593 0.884148479 0.381717861
vn 0.180222556 0.416166544 0.891249299
vn 0.440322995 0.718520522 0.538371563
vn 0.36297223 0.716572285 0.595630169
vn -0.172212064 0.68549639 0.707416236
vn -0.123654492 0.990649998 -0.0576373674
vn 0.331201911 0.919869125 0.210109547
vn -0.31004855 -0.946478486 -0.0897126347
vn -0.722883463 -0.675225496 0.146663114
vn -0.680107296 -0.384357721 -0.624278069
vn -0.360977232 -0.790522158 -0.494742602
vn 0.15765731 -0.861850917 -0.482034385
vn -0.385428637 -0.817910492 -0.427161783
vn -0.0951777101 -0.937058032 0.335951477
vn 0.250781327 -0.965660334 -0.0678886548
vn -0.269074112 0.961501598 -0.0558008179
vn -0.734584212 0.673971295 -0.0784139857
vn -0.447998792 0.570487082 0.688361526
vn -0.188097388 0.909596026 0.370478749
vn -0.574381769 -0.139830783 -0.806556225
vn -0.86865294 0.170993626 -0.464976698
vn -0.816646993 -0.568077385 -0.101861559
vn -0.616173387 -0.51864475 -0.592737615
vn 0.606361687 0.611001372 0.508923113
vn 0.0974413753 0.785330892 0.611359656
vn 0.159590185 0.0527096465 0.985775113
vn 0.598181188 0.253560573 0.760188341
vn -0.388323635 0.461136073 -0.797846019
vn -0.764918149 0.502903283 -0.40247795
vn -0.741390288 -0.297474384 -0.601539254
vn -0.448776901 0.0388864987 -0.892797351
vn 0.450419039 0.0861376598 0.888652384
vn -0.0786520094 0.196076468 0.977429211
vn -0.0479190052 -0.607522786 0.792855442
vn 0.413841486 -0.346786797 0.841709018
vn 0.365573853 -0.261906922 0.893174469
vn 0.271403253 0.276791692 0.921806157
vn 0.899382412 0.190036803 0.393696964
vn 0.724278688 -0.246126562 0.644082308
vn -0.803389609 0.232699156 -0.548102319
vn -0.685052156 0.681482732 -0.257458299
vn -0.067114532 0.598976672 -0.797949016
vn -0.477960348 0.262559056 -0.838222325
vn -0.85659349 -0.370259315 -0.359382302
vn -0.850524306 0.158570141 -0.501461864
vn -0.935537875 0.151240885 0.319210172
vn -0.946361423 -0.316524118 0.0649045408
vn 0.938782036 0.289464712 -0.186811343
vn 0.618466735 0.698362052 -0.36026302
vn 0.548875988 0.696700096 0.46189189
vn 0.90012145 0.361979723 0.242388174
vn -0.0191550497 -0.148883358 -0.988669217
vn -0.0178090688 0.394259512 -0.91882658
vn -0.752402306 0.137987614 -0.644088686
vn -0.434096277 -0.222403526 -0.872981787
vn 0.540056109 0.235971794 0.807871699
vn 0.439742118 0.709151387 0.551118135
vn -0.290047407 0.45618543 0.841289103
vn 0.141033366 0.173406929 0.974699736
vn -0.495299667 -0.166526794 0.852611899
vn -0.579532862 0.36068067 0.730787992
vn 0.219936088 0.30422464 0.926863253
vn -0.0813953131 -0.130566031 0.98809278
vn -0.0427066125 0.115364902 -0.992404699
vn -0.209217533 0.591327071 -0.778819859
vn 0.594139814 0.53729248 -0.598593831
vn 0.384081692 0.159350052 -0.909444273
vn 0.212271169 -0.411291927 -0.886442304
vn 0.327756613 0.121625587 -0.936900616
vn -0.493216515 0.0791808888 -0.866295457
vn -0.223359182 -0.378811508 -0.898116112
vn 0.342917532 0.355746597 0.869397461
vn 0.434652507 0.749223053 0.499741822
vn -0.385198623 0.713367581 0.585430384
vn -0.0889941305 0.410061687 0.907705605
vn -0.695330679 -0.450221688 0.560192525
vn -0.851290047 0.0731431246 0.519572318
vn -0.168260634 0.0814191476 0.98237431
vn -0.367404252 -0.392463714 0.843200088
vn 0.258242399 0.361509144 -0.895891786
vn -0.07106857 0.737308204 -0.671807945
vn 0.620152473 0.752557218 -0.221514165
vn 0.613313496 0.442373961 -0.654333174
vn -0.474855542 -0.0556363836 -0.878303349
vn -0.311103433 0.464599729 -0.829072893
vn -0.896208286 0.362008691 -0.256437778
vn -0.804792762 -0.0411645994 -0.592126727
vn 0.872599542 0.0354543589 0.487147868
vn 0.791395485 0.539131105 0.288150579
vn 0.217865556 0.437322587 0.872515678
vn 0.581018984 0.0525191575 0.812193751
vn 0.817507684 0.113399684 0.564642966
vn 0.638613462 0.619537115 0.456449956
vn 0.90914017 0.322088093 -0.264051706
vn 0.984978318 0.0243995897 0.170945674
vn -0.998768151 0.00253229239 -0.0495561473
vn -0.847478628 0.528824508 -0.0460929237
vn -0.592554271 0.230423152 -0.771870911
vn -0.882999778 -0.0896237865 -0.460737407
vn -0.69619894 -0.150900111 0.701809227
vn -0.783118308 0.354865938 0.510681689
vn -0.0661928654 0.392528713 0.917354763
vn -0.339239448 -0.0641886517 0.938507557
vn 0.222584382 0.0365030766 -0.974229813
vn -0.0313623175 0.508201063 -0.860667229
vn 0.693456292 0.547473788 -0.468391776
vn 0.605698526 0.128549263 -0.785241663
vn -0.778399587 -0.0274739787 0.627167583
vn -0.845319748 0.424178988 0.324817866
vn -0.186468184 0.571454644 0.799167812
vn -0.45539555 0.119383499 0.88224858
vn 0.344526321 -0.158110902 -0.925366163
vn 0.0734674633 0.317290962 -0.945478201
vn 0.741965652 0.463444442 -0.484464943
vn 0.699495912 -0.0149720656 -0.714479744
vn -0.147320777 -0.378612041 -0.913755715
vn -0.181257769 0.16510427 -0.969477296
vn -0.845319986 -0.053990595 -0.531525254
vn -0.533978224 -0.442542881 -0.72043252
vn 0.62808305 0.445426285 0.638049483
vn 0.453183889 0.839339495 0.300222486
vn -0.204217717 0.627323389 0.751505435
vn 0.263497889 0.404952645 0.875546813
vn -0.678758562 -0.544328451 0.492943585
vn -0.959776938 -0.149823055 0.237447441
vn -0.520694494 0.234182402 0.820996881
vn -0.505599201 -0.298017085 0.809663653
vn 0.436807305 0.215234369 -0.873426259
vn -0.0470121428 0.471657723 -0.880527616
vn 0.401653826 0.862188518 -0.308715433
vn 0.641722739 0.483167857 -0.595601141
vn -0.795745313 -0.52942723 -0.294102252
vn -0.911781371 -0.00708214659 -0.410614908
vn -0.909051955 -0.0543694086 0.413120389
vn -0.850632012 -0.507093668 0.138856947
vn 0.836265028 0.482409477 -0.260656714
vn 0.423543125 0.820811212 -0.383249462
vn 0.44029212 0.782216012 0.440773189
vn 0.827835321 0.53354615 0.173254594
vn -0.637840033 0.114125468 0.761666298
vn -0.731103718 0.534777224 0.423675179
vn 0.0178371388 0.669469833 0.742624998
vn -0.26083526 0.256474137 0.930691123
vn 0.141116589 -0.288975984 -0.946878552
vn -0.0937551558 0.204956621 -0.974270344
vn 0.661877692 0.336186528 -0.669997394
vn 0.540295601 -0.158101931 -0.82648927
vn -0.131964952 -0.726046741 -0.674863935
vn -0.344375581 -0.27337718 -0.898148298
vn -0.843402803 -0.464768499 -0.269558847
vn -0.450566471 -0.804822803 -0.386328906
vn 0.527729273 0.79908973 0.288023442
vn 0.19539164 0.974502325 -0.110305905
vn -0.297968686 0.796212375 0.526555359
vn 0.227906525 0.76372838 0.603968263
vn -0.056060411 -0.923437238 -0.379632682
vn -0.276391864 -0.592770994 -0.756458879
vn -0.802281559 -0.584610701 -0.120725505
vn -0.387166202 -0.917153299 -0.0945106521
vn 0.470258802 0.882495463 0.00764632225
vn 0.154246613 0.884858012 -0.439584196
vn -0.367122084 0.908532083 0.199476376
vn 0.154135019 0.940187395 0.303792924
vn -0.388426334 -0.822154582 0.416157246
vn -0.776554048 -0.624385357 0.0843016058
vn -0.71132952 -0.0774055049 0.698583424
vn -0.427039921 -0.526203632 0.735354781
vn 0.423065275 0.420721829 -0.802501619
vn -0.112584867 0.392546505 -0.912815332
vn -0.0403892659 0.9502033 -0.30900225
vn 0.407551706 0.752052665 -0.517994523
vn -0.566398084 0.167558849 0.806918323
vn -0.864147127 0.332349539 0.377880365
vn -0.23984234 0.869020045 0.432758242
vn -0.285618573 0.502286017 0.816168368
vn 0.193187445 -0.582319677 -0.789672315
vn -0.24264811 -0.281207174 -0.928463519
vn 0.388182074 0.249021947 -0.887300849
vn 0.495589614 -0.268938422 -0.82587111
vn 0.951362312 -0.031762518 -0.306432337
vn 0.694732547 0.309569895 -0.649240494
vn 0.387028605 -0.438716441 -0.811009705
vn 0.788267493 -0.405980408 -0.462400556
vn -0.71230793 0.501022816 0.491521567
vn -0.666496336 0.745499432 0.00365190976
vn -0.988491952 0.00178951805 -0.15126273
vn -0.922761202 0.141971007 0.358267963
vn 0.497655123 0.760379493 0.417327702
vn 0.132580474 0.988054633 0.0785525367
vn 0.679802477 0.608868182 -0.408837557
vn 0.778311729 0.617361367 0.114437148
vn -0.832637012 -0.55339551 -0.0216572173
vn -0.955875635 -0.0868867934 -0.280628771
vn -0.420081049 -0.477359265 -0.771790147
vn -0.589848399 -0.733811975 -0.337044299
vn -0.270293027 0.399936527 0.875781059
vn -0.648399472 0.561501443 0.514095545
vn 0.0450604483 0.953286827 0.298686653
vn 0.052643571 0.664095342 0.74579227
vn -0.145314321 -0.717676997 -0.68104583
vn -0.546141028 -0.35293895 -0.759713233
vn 0.148392871 0.0292459838 -0.988495946
vn 0.181180254 -0.485332072 -0.855351686
g Bark
usemtl Bark
f 35/35/35 1/1/1 34/34/34
f 35/35/35 2/2/2 1/1/1
f 35/35/35 2/2/2 35/35/35
f 35/35/35 3/3/3 2/2/2
f 36/36/36 3/3/3 35/35/35
f 36/36/36 4/4/4 3/3/3
f 36/36/36 4/4/4 36/36/36
f 36/36/36 5/5/5 4/4/4
f 37/37/37 5/5/5 36/36/36
f 37/37/37 6/6/6 5/5/5
f 37/37/37 6/6/6 37/37/37
f 37/37/37 7/7/7 6/6/6
f 38/38/38 7/7/7 37/37/37
f 38/38/38 8/8/8 7/7/7
f 38/38/38 8/8/8 38/38/38
f 38/38/38 9/9/9 8/8/8
f 39/39/39 9/9/9 38/38/38
f 39/39/39 10/10/10 9/9/9
f 40/40/40 10/10/10 39/39/39
f 40/40/40 11/11/11 10/10/10
f 40/40/40 11/11/11 40/40/40
f 40/40/40 12/12/12 11/11/11
f 41/41/41 12/12/12 40/40/40
f 41/41/41 13/13/13 12/12/12
f 41/41/41 13/13/13 41/41/41
f 41/41/41 14/14/14 13/13/13
f 42/42/42 14/14/14 41/41/41
f 42/42/42 15/15/15 14/14/14
f 42/42/42 15/15/15 42/42/42
f 42/42/42 16/16/16 15/15/15
f 43/43/43 16/16/16 42/42/42
f 43/43/43 17/17/17 16/16/16
f 44/44/44 17/17/17 43/43/43
f 44/44/44 18/18/18 17/17/17
f 44/44/44 18/18/18 44/44/44
f 44/44/44 19/19/19 18/18/18
f 45/45/45 19/19/19 44/44/44
f 45/45/45 20/20/20 19/19/19
f 45/45/45 20/20/20 45/45/45
f 45/45/45 21/21/21 20/20/20
f 46/46/46 21/21/21 45/45/45
f 46/46/46 22/22/22 21/21/21
f 46/46/46 22/22/22 46/46/46
f 46/46/46 23/23/23 22/22/22
f 47/47/47 23/23/23 46/46/46
f 47/47/47 24/24/24 23/23/23
f 48/48/48 24/24/24 47/47/47
f 48/48/48 25/25/25 24/24/24
f 48/48/48 25/25/25 48/48/48
f 48/48/48 26/26/26 25/25/25
f 49/49/49 26/26/26 48/48/48
f 49/49/49 27/27/27 26/26/26
f 49/49/49 27/27/27 49/49/49
f 49/49/49 28/28/28 27/27/27
f 50/50/50 28/28/28 49/49/49
f 50/50/50 29/29/29 28/28/28
f 50/50/50 29/29/29 50/50/50
f 50/50/50 30/30/30 29/29/29
f 51/51/51 30/30/30 50/50/50
f 51/51/51 31/31/31 30/30/30
f 51/51/51 31/31/31 51/51/51
f 51/51/51 32/32/32 31/31/31
f 52/52/52 32/32/32 51/51/51
f 52/52/52 33/33/33 32/32/32
f 54/54/54 34/34/34 53/53/53
f 54/54/54 35/35/35 34/34/34
f 54/54/54 35/35/35 54/54/54
f 54/54/54 36/36/36 35/35/35
f 55/55/55 36/36/36 54/54/54
f 55/55/55 37/37/37 36/36/36
f 56/56/56 37/37/37 55/55/55
f 56/56/56 38/38/38 37/37/37
f 56/56/56 38/38/38 56/56/56
f 56/56/56 39/39/39 38/38/38
f 57/57/57 39/39/39 56/56/56
f 57/57/57 40/40/40 39/39/39
f 58/58/58 40/40/40 57/57/57
f 58/58/58 41/41/41 40/40/40
f 58/58/58 41/41/41 58/58/58
f 58/58/58 42/42/42 41/41/41
f 59/59/59 42/42/42 58/58/58
f 59/59/59 43/43/43 42/42/42
f 60/60/60 43/43/43 59/59/59
f 60/60/60 44/44/44 43/43/43
f 60/60/60 44/44/44 60/60/60
f 60/60/60 45/45/45 44/44/44
f 61/61/61 45/45/45 60/60/60
f 61/61/61 46/46/46 45/45/45
f 62/62/62 46/46/46 61/61/61
f 62/62/62 47/47/47 46/46/46
f 62/62/62 47/47/47 62/62/62
f 62/62/62 48/48/48 47/47/47
f 63/63/63 48/48/48 62/62/62
f 63/63/63 49/49/49 48/48/48
f 64/64/64 49/49/49 63/63/63
f 64/64/64 50/50/50 49/49/49
f 64/64/64 50/50/50 64/64/64
f 64/64/64 51/51/51 50/50/50
f 65/65/65 51/51/51 64/64/64
f 65/65/65 52/52/52 51/51/51
f 67/67/67 53/53/53 66/66/66
f 67/67/67 54/54/54 53/53/53
f 68/68/68 54/54/54 67/67/67
f 68/68/68 55/55/55 54/54/54
f 68/68/68 55/55/55 68/68/68
f 68/68/68 56/56/56 55/55/55
f 69/69/69 56/56/56 68/68/68
f 69/69/69 57/57/57 56/56/56
f 70/70/70 57/57/57 69/69/69
f 70/70/70 58/58/58 57/57/57
f 71/71/71 58/58/58 70/70/70
f 71/71/71 59/59/59 58/58/58
f 72/72/72 59/59/59 71/71/71
f 72/72/72 60/60/60 59/59/59
f 73/73/73 60/60/60 72/72/72
f 73/73/73 61/61/61 60/60/60
f 74/74/74 61/61/61 73/73/73
f 74/74/74 62/62/62 61/61/61
f 74/74/74 62/62/62 74/74/74
f 74/74/74 63/63/63 62/62/62
f 75/75/75 63/63/63 74/74/74
f 75/75/75 64/64/64 63/63/63
f 76/76/76 64/64/64 75/75/75
f 76/76/76 65/65/65 64/64/64
f 78/78/78 66/66/66 77/77/77
f 78/78/78 67/67/67 66/66/66
f 79/79/79 67/67/67 78/78/78
f 79/79/79 68/68/68 67/67/67
f 80/80/80 68/68/68 79/79/79
f 80/80/80 69/69/69 68/68/68
f 81/81/81 69/69/69 80/80/80
f 81/81/81 70/70/70 69/69/69
f 82/82/82 70/70/70 81/81/81
f 82/82/82 71/71/71 70/70/70
f 83/83/83 71/71/71 82/82/82
f 83/83/83 72/72/72 71/71/71
f 84/84/84 72/72/72 83/83/83
f 84/84/84 73/73/73 72/72/72
f 85/85/85 73/73/73 84/84/84
f 85/85/85 74/74/74 73/73/73
f 86/86/86 74/74/74 85/85/85
f 86/86/86 75/75/75 74/74/74
f 87/87/87 75/75/75 86/86/86
f 87/87/87 76/76/76 75/75/75
f 89/89/89 77/77/77 88/88/88
f 89/89/89 78/78/78 77/77/77
f 90/90/90 78/78/78 89/89/89
f 90/90/90 79/79/79 78/78/78
f 91/91/91 79/79/79 90/90/90
f 91/91/91 80/80/80 79/79/79
f 92/92/92 80/80/80 91/91/91
f 92/92/92 81/81/81 80/80/80
f 93/93/93 81/81/81 92/92/92
f 93/93/93 82/82/82 81/81/81
f 94/94/94 82/82/82 93/93/93
f 94/94/94 83/83/83 82/82/82
f 95/95/95 83/83/83 94/94/94
f 95/95/95 84/84/84 83/83/83
f 96/96/96 84/84/84 95/95/95
f 96/96/96 85/85/85 84/84/84
f 97/97/97 85/85/85 96/96/96
f 97/97/97 86/86/86 85/85/85
f 98/98/98 86/86/86 97/97/97
f 98/98/98 87/87/87 86/86/86
f 100/100/100 88/88/88 99/99/99
f 100/100/100 89/89/89 88/88/88
f 101/101/101 89/89/89 100/100/100
f 101/101/101 90/90/90 89/89/89
f 102/102/102 90/90/90 101/101/101
f 102/102/102 91/91/91 90/90/90
f 103/103/103 91/91/91 102/102/102
f 103/103/103 92/92/92 91/91/91
f 104/104/104 92/92/92 103/103/103
f 104/104/104 93/93/93 92/92/92
f 105/105/105 93/93/93 104/104/104
f 105/105/105 94/94/94 93/93/93
f 106/106/106 94/94/94 105/105/105
f 106/106/106 95/95/95 94/94/94
f 107/107/107 95/95/95 106/106/106
f 107/107/107 96/96/96 95/95/95
f 108/108/108 96/96/96 107/107/107
f 108/108/108 97/97/97 96/96/96
f 109/109/109 97/97/97 108/108/108
f 109/109/109 98/98/98 97/97/97
f 111/111/111 99/99/99 110/110/110
f 111/111/111 100/100/100 99/99/99
f 112/112/112 100/100/100 111/111/111
f 112/112/112 101/101/101 100/100/100
f 113/113/113 101/101/101 112/112/112
f 113/113/113 102/102/102 101/101/101
f 114/114/114 102/102/102 113/113/113
f 114/114/114 103/103/103 102/102/102
f 115/115/115 103/103/103 114/114/114
f 115/115/115 104/104/104 103/103/103
f 116/116/116 104/104/104 115/115/115
f 116/116/116 105/105/105 104/104/104
f 117/117/117 105/105/105 116/116/116
f 117/117/117 106/106/106 105/105/105
f 118/118/118 106/106/106 117/117/117
f 118/118/118 107/107/107 106/106/106
f 119/119/119 107/107/107 118/118/118
f 119/119/119 108/108/108 107/107/107
f 120/120/120 108/108/108 119/119/119
f 120/120/120 109/109/109 108/108/108
f 122/122/122 110/110/110 121/121/121
f 122/122/122 111/111/111 110/110/110
f 123/123/123 111/111/111 122/122/122
f 123/123/123 112/112/112 111/111/111
f 124/124/124 112/112/112 123/123/123
f 124/124/124 113/113/113 112/112/112
f 125/125/125 113/113/113 124/124/124
f 125/125/125 114/114/114 113/113/113
f 126/126/126 114/114/114 125/125/125
f 126/126/126 115/115/115 114/114/114
f 127/127/127 115/115/115 126/126/126
f 127/127/127 116/116/116 115/115/115
f 128/128/128 116/116/116 127/127/127
f 128/128/128 117/117/117 116/116/116
f 129/129/129 117/117/117 128/128/128
f 129/129/129 118/118/118 117/117/117
f 130/130/130 118/118/118 129/129/129
f 130/130/130 119/119/119 118/118/118
f 131/131/131 119/119/119 130/130/130
f 131/131/131 120/120/120 119/119/119
f 133/133/133 121/121/121 132/132/132
f 133/133/133 122/122/122 121/121/121
f 134/134/134 122/122/122 133/133/133
f 134/134/134 123/123/123 122/122/122
f 135/135/135 123/123/123 134/134/134
f 135/135/135 124/124/124 123/123/123
f 136/136/136 124/124/124 135/135/135
f 136/136/136 125/125/125 124/124/124
f 137/137/137 125/125/125 136/136/136
f 137/137/137 126/126/126 125/125/125
f 138/138/138 126/126/126 137/137/137
f 138/138/138 127/127/127 126/126/126
f 139/139/139 127/127/127 138/138/138
f 139/139/139 128/128/128 127/127/127
f 140/140/140 128/128/128 139/139/139
f 140/140/140 129/129/129 128/128/128
f 141/141/141 129/129/129 140/140/140
f 141/141/141 130/130/130 129/129/129
f 142/142/142 130/130/130 141/141/141
f 142/142/142 131/131/131 130/130/130
f 144/144/144 132/132/132 143/143/143
f 144/144/144 133/133/133 132/132/132
f 145/145/145 133/133/133 144/144/144
f 145/145/145 134/134/134 133/133/133
f 146/146/146 134/134/134 145/145/145
f 146/146/146 135/135/135 134/134/134
f 147/147/147 135/135/135 146/146/146
f 147/147/147 136/136/136 135/135/135
f 148/148/148 136/136/136 147/147/147
f 148/148/148 137/137/137 136/136/136
f 149/149/149 137/137/137 148/148/148
f 149/149/149 138/138/138 137/137/137
f 150/150/150 138/138/138 149/149/149
f 150/150/150 139/139/139 138/138/138
f 151/151/151 139/139/139 150/150/150
f 151/151/151 140/140/140 139/139/139
f 152/152/152 140/140/140 151/151/151
f 152/152/152 141/141/141 140/140/140
f 153/153/153 141/141/141 152/152/152
f 153/153/153 142/142/142 141/141/141
f 155/155/155 143/143/143 154/154/154
f 155/155/155 144/144/144 143/143/143
f 156/156/156 144/144/144 155/155/155
f 156/156/156 145/145/145 144/144/144
f 157/157/157 145/145/145 156/156/156
f 157/157/157 146/146/146 145/145/145
f 158/158/158 146/146/146 157/157/157
f 158/158/158 147/147/147 146/146/146
f 159/159/159 147/147/147 158/158/158
f 159/159/159 148/148/148 147/147/147
f 160/160/160 148/148/148 159/159/159
f 160/160/160 149/149/149 148/148/148
f 161/161/161 149/149/149 160/160/160
f 161/161/161 150/150/150 149/149/149
f 162/162/162 150/150/150 161/161/161
f 162/162/162 151/151/151 150/150/150
f 163/163/163 151/151/151 162/162/162
f 163/163/163 152/152/152 151/151/151
f 164/164/164 152/152/152 163/163/163
f 164/164/164 153/153/153 152/152/152
f 173/173/173 165/165/165 172/172/172
f 173/173/173 166/166/166 165/165/165
f 174/174/174 166/166/166 173/173/173
f 174/174/174 167/167/167 166/166/166
f 175/175/175 167/167/167 174/174/174
f 175/175/175 168/168/168 167/167/167
f 176/176/176 168/168/168 175/175/175
f 176/176/176 169/169/169 168/168/168
f 177/177/177 169/169/169 176/176/176
f 177/177/177 170/170/170 169/169/169
f 178/178/178 170/170/170 177/177/177
f 178/178/178 171/171/171 170/170/170
f 180/180/180 172/172/172 179/179/179
f 180/180/180 173/173/173 172/172/172
f 180/180/180 173/173/173 180/180/180
f 180/180/180 174/174/174 173/173/173
f 181/181/181 174/174/174 180/180/180
f 181/181/181 175/175/175 174/174/174
f 182/182/182 175/175/175 181/181/181
f 182/182/182 176/176/176 175/175/175
f 182/182/182 176/176/176 182/182/182
f 182/182/182 177/177/177 176/176/176
f 183/183/183 177/177/177 182/182/182
f 183/183/183 178/178/178 177/177/177
f 185/185/185 179/179/179 184/184/184
f 185/185/185 180/180/180 179/179/179
f 186/186/186 180/180/180 185/185/185
f 186/186/186 181/181/181 180/180/180
f 187/187/187 181/181/181 186/186/186
f 187/187/187 182/182/182 181/181/181
f 188/188/188 182/182/182 187/187/187
f 188/188/188 183/183/183 182/182/182
f 190/190/190 184/184/184 189/189/189
f 190/190/190 185/185/185 184/184/184
f 191/191/191 185/185/185 190/190/190
f 191/191/191 186/186/186 185/185/185
f 192/192/192 186/186/186 191/191/191
f 192/192/192 187/187/187 186/186/186
f 193/193/193 187/187/187 192/192/192
f 193/193/193 188/188/188 187/187/187
f 195/195/195 189/189/189 194/194/194
f 195/195/195 190/190/190 189/189/189
f 196/196/196 190/190/190 195/195/195
f 196/196/196 191/191/191 190/190/190
f 197/197/197 191/191/191 196/196/196
f 197/197/197 192/192/192 191/191/191
f 198/198/198 192/192/192 197/197/197
f 198/198/198 193/193/193 192/192/192
f 200/200/200 194/194/194 199/199/199
f 200/200/200 195/195/195 194/194/194
f 201/201/201 195/195/195 200/200/200
f 201/201/201 196/196/196 195/195/195
f 202/202/202 196/196/196 201/201/201
f 202/202/202 197/197/197 196/196/196
f 203/203/203 197/197/197 202/202/202
f 203/203/203 198/198/198 197/197/197
f 205/205/205 199/199/199 204/204/204
f 205/205/205 200/200/200 199/199/199
f 206/206/206 200/200/200 205/205/205
f 206/206/206 201/201/201 200/200/200
f 207/207/207 201/201/201 206/206/206
f 207/207/207 202/202/202 201/201/201
f 208/208/208 202/202/202 207/207/207
f 208/208/208 203/203/203 202/202/202
f 210/210/210 204/204/204 209/209/209
f 210/210/210 205/205/205 204/204/204
f 211/211/211 205/205/205 210/210/210
f 211/211/211 206/206/206 205/205/205
f 212/212/212 206/206/206 211/211/211
f 212/212/212 207/207/207 206/206/206
f 213/213/213 207/207/207 212/212/212
f 213/213/213 208/208/208 207/207/207
f 215/215/215 209/209/209 214/214/214
f 215/215/215 210/210/210 209/209/209
f 216/216/216 210/210/210 215/215/215
f 216/216/216 211/211/211 210/210/210
f 217/217/217 211/211/211 216/216/216
f 217/217/217 212/212/212 211/211/211
f 218/218/218 212/212/212 217/217/217
f 218/218/218 213/213/213 212/212/212
f 227/227/227 219/219/219 226/226/226
f 227/227/227 220/220/220 219/219/219
f 228/228/228 220/220/220 227/227/227
f 228/228/228 221/221/221 220/220/220
f 229/229/229 221/221/221 228/228/228
f 229/229/229 222/222/222 221/221/221
f 230/230/230 222/222/222 229/229/229
f 230/230/230 223/223/223 222/222/222
f 231/231/231 223/223/223 230/230/230
f 231/231/231 224/224/224 223/223/223
f 232/232/232 224/224/224 231/231/231
f 232/232/232 225/225/225 224/224/224
f 234/234/234 226/226/226 233/233/233
f 234/234/234 227/227/227 226/226/226
f 234/234/234 227/227/227 234/234/234
f 234/234/234 228/228/228 227/227/227
f 235/235/235 228/228/228 234/234/234
f 235/235/235 229/229/229 228/228/228
f 236/236/236 229/229/229 235/235/235
f 236/236/236 230/230/230 229/229/229
f 236/236/236 230/230/230 236/236/236
f 236/236/236 231/231/231 230/230/230
f 237/237/237 231/231/231 236/236/236
f 237/237/237 232/232/232 231/231/231
f 239/239/239 233/233/233 238/238/238
f 239/239/239 234/234/234 233/233/233
f 240/240/240 234/234/234 239/239/239
f 240/240/240 235/235/235 234/234/234
f 241/241/241 235/235/235 240/240/240
f 241/241/241 236/236/236 235/235/235
f 242/242/242 236/236/236 241/241/241
f 242/242/242 237/237/237 236/236/236
f 244/244/244 238/238/238 243/243/243
f 244/244/244 239/239/239 238/238/238
f 245/245/245 239/239/239 244/244/244
f 245/245/245 240/240/240 239/239/239
f 246/246/246 240/240/240 245/245/245
f 246/246/246 241/241/241 240/240/240
f 247/247/247 241/241/241 246/246/246
f 247/247/247 242/242/242 241/241/241
f 249/249/249 243/243/243 248/248/248
f 249/249/249 244/244/244 243/243/243
f 250/250/250 244/244/244 249/249/249
f 250/250/250 245/245/245 244/244/244
f 251/251/251 245/245/245 250/250/250
f 251/251/251 246/246/246 245/245/245
f 252/252/252 246/246/246 251/251/251
f 252/252/252 247/247/247 246/246/246
f 254/254/254 248/248/248 253/253/253
f 254/254/254 249/249/249 248/248/248
f 255/255/255 249/249/249 254/254/254
f 255/255/255 250/250/250 249/249/249
f 256/256/256 250/250/250 255/255/255
f 256/256/256 251/251/251 250/250/250
f 257/257/257 251/251/251 256/256/256
f 257/257/257 252/252/252 251/251/251
f 259/259/259 253/253/253 258/258/258
f 259/259/259 254/254/254 253/253/253
f 260/260/260 254/254/254 259/259/259
f 260/260/260 255/255/255 254/254/254
f 261/261/261 255/255/255 260/260/260
f 261/261/261 256/256/256 255/255/255
f 262/262/262 256/256/256 261/261/261
f 262/262/262 257/257/257 256/256/256
f 264/264/264 258/258/258 263/263/263
f 264/264/264 259/259/259 258/258/258
f 265/265/265 259/259/259 264/264/264
f 265/265/265 260/260/260 259/259/259
f 266/266/266 260/260/260 265/265/265
f 266/266/266 261/261/261 260/260/260
f 267/267/267 261/261/261 266/266/266
f 267/267/267 262/262/262 261/261/261
f 276/276/276 268/268/268 275/275/275
f 276/276/276 269/269/269 268/268/268
f 276/276/276 269/269/269 276/276/276
f 276/276/276 270/270/270 269/269/269
f 277/277/277 270/270/270 276/276/276
f 277/277/277 271/271/271 270/270/270
f 278/278/278 271/271/271 277/277/277
f 278/278/278 272/272/272 271/271/271
f 278/278/278 272/272/272 278/278/278
f 278/278/278 273/273/273 272/272/272
f 279/279/279 273/273/273 278/278/278
f 279/279/279 274/274/274 273/273/273
f 281/281/281 275/275/275 280/280/280
f 281/281/281 276/276/276 275/275/275
f 282/282/282 276/276/276 281/281/281
f 282/282/282 277/277/277 276/276/276
f 283/283/283 277/277/277 282/282/282
f 283/283/283 278/278/278 277/277/277
f 284/284/284 278/278/278 283/283/283
f 284/284/284 279/279/279 278/278/278
f 286/286/286 280/280/280 285/285/285
f 286/286/286 281/281/281 280/280/280
f 287/287/287 281/281/281 286/286/286
f 287/287/287 282/282/282 281/281/281
f 288/288/288 282/282/282 287/287/287
f 288/288/288 283/283/283 282/282/282
f 289/289/289 283/283/283 288/288/288
f 289/289/289 284/284/284 283/283/283
f 291/291/291 285/285/285 290/290/290
f 291/291/291 286/286/286 285/285/285
f 292/292/292 286/286/286 291/291/291
f 292/292/292 287/287/287 286/286/286
f 293/293/293 287/287/287 292/292/292
f 293/293/293 288/288/288 287/287/287
f 294/294/294 288/288/288 293/293/293
f 294/294/294 289/289/289 288/288/288
f 296/296/296 290/290/290 295/295/295
f 296/296/296 291/291/291 290/290/290
f 297/297/297 291/291/291 296/296/296
f 297/297/297 292/292/292 291/291/291
f 298/298/298 292/292/292 297/297/297
f 298/298/298 293/293/293 292/292/292
f 299/299/299 293/293/293 298/298/298
f 299/299/299 294/294/294 293/293/293
f 301/301/301 295/295/295 300/300/300
f 301/301/301 296/296/296 295/295/295
f 302/302/302 296/296/296 301/301/301
f 302/302/302 297/297/297 296/296/296
f 303/303/303 297/297/297 302/302/302
f 303/303/303 298/298/298 297/297/297
f 304/304/304 298/298/298 303/303/303
f 304/304/304 299/299/299 298/298/298
f 306/306/306 300/300/300 305/305/305
f 306/306/306 301/301/301 300/300/300
f 307/307/307 301/301/301 306/306/306
f 307/307/307 302/302/302 301/301/301
f 308/308/308 302/302/302 307/307/307
f 308/308/308 303/303/303 302/302/302
f 309/309/309 303/303/303 308/308/308
f 309/309/309 304/304/304 303/303/303
f 311/311/311 305/305/305 310/310/310
f 311/311/311 306/306/306 305/305/305
f 312/312/312 306/306/306 311/311/311
f 312/312/312 307/307/307 306/306/306
f 313/313/313 307/307/307 312/312/312
f 313/313/313 308/308/308 307/307/307
f 314/314/314 308/308/308 313/313/313
f 314/314/314 309/309/309 308/308/308
f 316/316/316 310/310/310 315/315/315
f 316/316/316 311/311/311 310/310/310
f 317/317/317 311/311/311 316/316/316
f 317/317/317 312/312/312 311/311/311
f 318/318/318 312/312/312 317/317/317
f 318/318/318 313/313/313 312/312/312
f 319/319/319 313/313/313 318/318/318
f 319/319/319 314/314/314 313/313/313
f 326/326/326 320/320/320 325/325/325
f 326/326/326 321/321/321 320/320/320
f 327/327/327 321/321/321 326/326/326
f 327/327/327 322/322/322 321/321/321
f 328/328/328 322/322/322 327/327/327
f 328/328/328 323/323/323 322/322/322
f 329/329/329 323/323/323 328/328/328
f 329/329/329 324/324/324 323/323/323
f 331/331/331 325/325/325 330/330/330
f 331/331/331 326/326/326 325/325/325
f 332/332/332 326/326/326 331/331/331
f 332/332/332 327/327/327 326/326/326
f 333/333/333 327/327/327 332/332/332
f 333/333/333 328/328/328 327/327/327
f 334/334/334 328/328/328 333/333/333
f 334/334/334 329/329/329 328/328/328
f 336/336/336 330/330/330 335/335/335
f 336/336/336 331/331/331 330/330/330
f 337/337/337 331/331/331 336/336/336
f 337/337/337 332/332/332 331/331/331
f 338/338/338 332/332/332 337/337/337
f 338/338/338 333/333/333 332/332/332
f 339/339/339 333/333/333 338/338/338
f 339/339/339 334/334/334 333/333/333
f 341/341/341 335/335/335 340/340/340
f 341/341/341 336/336/336 335/335/335
f 342/342/342 336/336/336 341/341/341
f 342/342/342 337/337/337 336/336/336
f 343/343/343 337/337/337 342/342/342
f 343/343/343 338/338/338 337/337/337
f 344/344/344 338/338/338 343/343/343
f 344/344/344 339/339/339 338/338/338
f 346/346/346 340/340/340 345/345/345
f 346/346/346 341/341/341 340/340/340
f 347/347/347 341/341/341 346/346/346
f 347/347/347 342/342/342 341/341/341
f 348/348/348 342/342/342 347/347/347
f 348/348/348 343/343/343 342/342/342
f 349/349/349 343/343/343 348/348/348
f 349/349/349 344/344/344 343/343/343
f 356/356/356 350/350/350 355/355/355
f 356/356/356 351/351/351 350/350/350
f 357/357/357 351/351/351 356/356/356
f 357/357/357 352/352/352 351/351/351
f 358/358/358 352/352/352 357/357/357
f 358/358/358 353/353/353 352/352/352
f 359/359/359 353/353/353 358/358/358
f 359/359/359 354/354/354 353/353/353
f 361/361/361 355/355/355 360/360/360
f 361/361/361 356/356/356 355/355/355
f 362/362/362 356/356/356 361/361/361
f 362/362/362 357/357/357 356/356/356
f 363/363/363 357/357/357 362/362/362
f 363/363/363 358/358/358 357/357/357
f 364/364/364 358/358/358 363/363/363
f 364/364/364 359/359/359 358/358/358
f 366/366/366 360/360/360 365/365/365
f 366/366/366 361/361/361 360/360/360
f 367/367/367 361/361/361 366/366/366
f 367/367/367 362/362/362 361/361/361
f 368/368/368 362/362/362 367/367/367
f 368/368/368 363/363/363 362/362/362
f 369/369/369 363/363/363 368/368/368
f 369/369/369 364/364/364 363/363/363
f 371/371/371 365/365/365 370/370/370
f 371/371/371 366/366/366 365/365/365
f 372/372/372 366/366/366 371/371/371
f 372/372/372 367/367/367 366/366/366
f 373/373/373 367/367/367 372/372/372
f 373/373/373 368/368/368 367/367/367
f 374/374/374 368/368/368 373/373/373
f 374/374/374 369/369/369 368/368/368
f 381/381/381 375/375/375 380/380/380
f 381/381/381 376/376/376 375/375/375
f 382/382/382 376/376/376 381/381/381
f 382/382/382 377/377/377 376/376/376
f 383/383/383 377/377/377 382/382/382
f 383/383/383 378/378/378 377/377/377
f 384/384/384 378/378/378 383/383/383
f 384/384/384 379/379/379 378/378/378
f 386/386/386 380/380/380 385/385/385
f 386/386/386 381/381/381 380/380/380
f 387/387/387 381/381/381 386/386/386
f 387/387/387 382/382/382 381/381/381
f 388/388/388 382/382/382 387/387/387
f 388/388/388 383/383/383 382/382/382
f 389/389/389 383/383/383 388/388/388
f 389/389/389 384/384/384 383/383/383
f 391/391/391 385/385/385 390/390/390
f 391/391/391 386/386/386 385/385/385
f 392/392/392 386/386/386 391/391/391
f 392/392/392 387/387/387 386/386/386
f 393/393/393 387/387/387 392/392/392
f 393/393/393 388/388/388 387/387/387
f 394/394/394 388/388/388 393/393/393
f 394/394/394 389/389/389 388/388/388
f 396/396/396 390/390/390 395/395/395
f 396/396/396 391/391/391 390/390/390
f 397/397/397 391/391/391 396/396/396
f 397/397/397 392/392/392 391/391/391
f 398/398/398 392/392/392 397/397/397
f 398/398/398 393/393/393 392/392/392
f 399/399/399 393/393/393 398/398/398
f 399/399/399 394/394/394 393/393/393
f 406/406/406 400/400/400 405/405/405
f 406/406/406 401/401/401 400/400/400
f 407/407/407 401/401/401 406/406/406
f 407/407/407 402/402/402 401/401/401
f 408/408/408 402/402/402 407/407/407
f 408/408/408 403/403/403 402/402/402
f 409/409/409 403/403/403 408/408/408
f 409/409/409 404/404/404 403/403/403
f 411/411/411 405/405/405 410/410/410
f 411/411/411 406/406/406 405/405/405
f 412/412/412 406/406/406 411/411/411
f 412/412/412 407/407/407 406/406/406
f 413/413/413 407/407/407 412/412/412
f 413/413/413 408/408/408 407/407/407
f 414/414/414 408/408/408 413/413/413
f 414/414/414 409/409/409 408/408/408
f 416/416/416 410/410/410 415/415/415
f 416/416/416 411/411/411 410/410/410
f 417/417/417 411/411/411 416/416/416
f 417/417/417 412/412/412 411/411/411
f 418/418/418 412/412/412 417/417/417
f 418/418/418 413/413/413 412/412/412
f 419/419/419 413/413/413 418/418/418
f 419/419/419 414/414/414 413/413/413
f 421/421/421 415/415/415 420/420/420
f 421/421/421 416/416/416 415/415/415
f 422/422/422 416/416/416 421/421/421
f 422/422/422 417/417/417 416/416/416
f 423/423/423 417/417/417 422/422/422
f 423/423/423 418/418/418 417/417/417
f 424/424/424 418/418/418 423/423/423
f 424/424/424 419/419/419 418/418/418
f 431/431/431 425/425/425 430/430/430
f 431/431/431 426/426/426 425/425/425
f 432/432/432 426/426/426 431/431/431
f 432/432/432 427/427/427 426/426/426
f 433/433/433 427/427/427 432/432/432
f 433/433/433 428/428/428 427/427/427
f 434/434/434 428/428/428 433/433/433
f 434/434/434 429/429/429 428/428/428
f 436/436/436 430/430/430 435/435/435
f 436/436/436 431/431/431 430/430/430
f 437/437/437 431/431/431 436/436/436
f 437/437/437 432/432/432 431/431/431
f 438/438/438 432/432/432 437/437/437
f 438/438/438 433/433/433 432/432/432
f 439/439/439 433/433/433 438/438/438
f 439/439/439 434/434/434 433/433/433
f 441/441/441 435/435/435 440/440/440
f 441/441/441 436/436/436 435/435/435
f 442/442/442 436/436/436 441/441/441
f 442/442/442 437/437/437 436/436/436
f 443/443/443 437/437/437 442/442/442
f 443/443/443 438/438/438 437/437/437
f 444/444/444 438/438/438 443/443/443
f 444/444/444 439/439/439 438/438/438
f 446/446/446 440/440/440 445/445/445
f 446/446/446 441/441/441 440/440/440
f 447/447/447 441/441/441 446/446/446
f 447/447/447 442/442/442 441/441/441
f 448/448/448 442/442/442 447/447/447
f 448/448/448 443/443/443 442/442/442
f 449/449/449 443/443/443 448/448/448
f 449/449/449 444/444/444 443/443/443
f 456/456/456 450/450/450 455/455/455
f 456/456/456 451/451/451 450/450/450
f 457/457/457 451/451/451 456/456/456
f 457/457/457 452/452/452 451/451/451
f 458/458/458 452/452/452 457/457/457
f 458/458/458 453/453/453 452/452/452
f 459/459/459 453/453/453 458/458/458
f 459/459/459 454/454/454 453/453/453
f 461/461/461 455/455/455 460/460/460
f 461/461/461 456/456/456 455/455/455
f 462/462/462 456/456/456 461/461/461
f 462/462/462 457/457/457 456/456/456
f 463/463/463 457/457/457 462/462/462
f 463/463/463 458/458/458 457/457/457
f 464/464/464 458/458/458 463/463/463
f 464/464/464 459/459/459 458/458/458
f 466/466/466 460/460/460 465/465/465
f 466/466/466 461/461/461 460/460/460
f 467/467/467 461/461/461 466/466/466
f 467/467/467 462/462/462 461/461/461
f 468/468/468 462/462/462 467/467/467
f 468/468/468 463/463/463 462/462/462
f 469/469/469 463/463/463 468/468/468
f 469/469/469 464/464/464 463/463/463
f 471/471/471 465/465/465 470/470/470
f 471/471/471 466/466/466 465/465/465
f 472/472/472 466/466/466 471/471/471
f 472/472/472 467/467/467 466/466/466
f 473/473/473 467/467/467 472/472/472
f 473/473/473 468/468/468 467/467/467
f 474/474/474 468/468/468 473/473/473
f 474/474/474 469/469/469 468/468/468
f 483/483/483 475/475/475 482/482/482
f 483/483/483 476/476/476 475/475/475
f 483/483/483 476/476/476 483/483/483
f 483/483/483 477/477/477 476/476/476
f 484/484/484 477/477/477 483/483/483
f 484/484/484 478/478/478 477/477/477
f 485/485/485 478/478/478 484/484/484
f 485/485/485 479/479/479 478/478/478
f 485/485/485 479/479/479 485/485/485
f 485/485/485 480/480/480 479/479/479
f 486/486/486 480/480/480 485/485/485
f 486/486/486 481/481/481 480/480/480
f 488/488/488 482/482/482 487/487/487
f 488/488/488 483/483/483 482/482/482
f 489/489/489 483/483/483 488/488/488
f 489/489/489 484/484/484 483/483/483
f 490/490/490 484/484/484 489/489/489
f 490/490/490 485/485/485 484/484/484
f 491/491/491 485/485/485 490/490/490
f 491/491/491 486/486/486 485/485/485
f 493/493/493 487/487/487 492/492/492
f 493/493/493 488/488/488 487/487/487
f 494/494/494 488/488/488 493/493/493
f 494/494/494 489/489/489 488/488/488
f 495/495/495 489/489/489 494/494/494
f 495/495/495 490/490/490 489/489/489
f 496/496/496 490/490/490 495/495/495
f 496/496/496 491/491/491 490/490/490
f 498/498/498 492/492/492 497/497/497
f 498/498/498 493/493/493 492/492/492
f 499/499/499 493/493/493 498/498/498
f 499/499/499 494/494/494 493/493/493
f 500/500/500 494/494/494 499/499/499
f 500/500/500 495/495/495 494/494/494
f 501/501/501 495/495/495 500/500/500
f 501/501/501 496/496/496 495/495/495
f 508/508/508 502/502/502 507/507/507
f 508/508/508 503/503/503 502/502/502
f 509/509/509 503/503/503 508/508/508
f 509/509/509 504/504/504 503/503/503
f 510/510/510 504/504/504 509/509/509
f 510/510/510 505/505/505 504/504/504
f 511/511/511 505/505/505 510/510/510
f 511/511/511 506/506/506 505/505/505
f 513/513/513 507/507/507 512/512/512
f 513/513/513 508/508/508 507/507/507
f 514/514/514 508/508/508 513/513/513
f 514/514/514 509/509/509 508/508/508
f 515/515/515 509/509/509 514/514/514
f 515/515/515 510/510/510 509/509/509
f 516/516/516 510/510/510 515/515/515
f 516/516/516 511/511/511 510/510/510
f 518/518/518 512/512/512 517/517/517
f 518/518/518 513/513/513 512/512/512
f 519/519/519 513/513/513 518/518/518
f 519/519/519 514/514/514 513/513/513
f 520/520/520 514/514/514 519/519/519
f 520/520/520 515/515/515 514/514/514
f 521/521/521 515/515/515 520/520/520
f 521/521/521 516/516/516 515/515/515
f 523/523/523 517/517/517 522/522/522
f 523/523/523 518/518/518 517/517/517
f 524/524/524 518/518/518 523/523/523
f 524/524/524 519/519/519 518/518/518
f 525/525/525 519/519/519 524/524/524
f 525/525/525 520/520/520 519/519/519
f 526/526/526 520/520/520 525/525/525
f 526/526/526 521/521/521 520/520/520
f 528/528/528 522/522/522 527/527/527
f 528/528/528 523/523/523 522/522/522
f 529/529/529 523/523/523 528/528/528
f 529/529/529 524/524/524 523/523/523
f 530/530/530 524/524/524 529/529/529
f 530/530/530 525/525/525 524/524/524
f 531/531/531 525/525/525 530/530/530
f 531/531/531 526/526/526 525/525/525
f 538/538/538 532/532/532 537/537/537
f 538/538/538 533/533/533 532/532/532
f 539/539/539 533/533/533 538/538/538
f 539/539/539 534/534/534 533/533/533
f 540/540/540 534/534/534 539/539/539
f 540/540/540 535/535/535 534/534/534
f 541/541/541 535/535/535 540/540/540
f 541/541/541 536/536/536 535/535/535
f 543/543/543 537/537/537 542/542/542
f 543/543/543 538/538/538 537/537/537
f 544/544/544 538/538/538 543/543/543
f 544/544/544 539/539/539 538/538/538
f 545/545/545 539/539/539 544/544/544
f 545/545/545 540/540/540 539/539/539
f 546/546/546 540/540/540 545/545/545
f 546/546/546 541/541/541 540/540/540
f 548/548/548 542/542/542 547/547/547
f 548/548/548 543/543/543 542/542/542
f 549/549/549 543/543/543 548/548/548
f 549/549/549 544/544/544 543/543/543
f 550/550/550 544/544/544 549/549/549
f 550/550/550 545/545/545 544/544/544
f 551/551/551 545/545/545 550/550/550
f 551/551/551 546/546/546 545/545/545
f 553/553/553 547/547/547 552/552/552
f 553/553/553 548/548/548 547/547/547
f 554/554/554 548/548/548 553/553/553
f 554/554/554 549/549/549 548/548/548
f 555/555/555 549/549/549 554/554/554
f 555/555/555 550/550/550 549/549/549
f 556/556/556 550/550/550 555/555/555
f 556/556/556 551/551/551 550/550/550
f 558/558/558 552/552/552 557/557/557
f 558/558/558 553/553/553 552/552/552
f 559/559/559 553/553/553 558/558/558
f 559/559/559 554/554/554 553/553/553
f 560/560/560 554/554/554 559/559/559
f 560/560/560 555/555/555 554/554/554
f 561/561/561 555/555/555 560/560/560
f 561/561/561 556/556/556 555/555/555
f 568/568/568 562/562/562 567/567/567
f 568/568/568 563/563/563 562/562/562
f 569/569/569 563/563/563 568/568/568
f 569/569/569 564/564/564 563/563/563
f 570/570/570 564/564/564 569/569/569
f 570/570/570 565/565/565 564/564/564
f 571/571/571 565/565/565 570/570/570
f 571/571/571 566/566/566 565/565/565
f 573/573/573 567/567/567 572/572/572
f 573/573/573 568/568/568 567/567/567
f 574/574/574 568/568/568 573/573/573
f 574/574/574 569/569/569 568/568/568
f 575/575/575 569/569/569 574/574/574
f 575/575/575 570/570/570 569/569/569
f 576/576/576 570/570/570 575/575/575
f 576/576/576 571/571/571 570/570/570
f 578/578/578 572/572/572 577/577/577
f 578/578/578 573/573/573 572/572/572
f 579/579/579 573/573/573 578/578/578
f 579/579/579 574/574/574 573/573/573
f 580/580/580 574/574/574 579/579/579
f 580/580/580 575/575/575 574/574/574
f 581/581/581 575/575/575 580/580/580
f 581/581/581 576/576/576 575/575/575
f 583/583/583 577/577/577 582/582/582
f 583/583/583 578/578/578 577/577/577
f 584/584/584 578/578/578 583/583/583
f 584/584/584 579/579/579 578/578/578
f 585/585/585 579/579/579 584/584/584
f 585/585/585 580/580/580 579/579/579
f 586/586/586 580/580/580 585/585/585
f 586/586/586 581/581/581 580/580/580
f 588/588/588 582/582/582 587/587/587
f 588/588/588 583/583/583 582/582/582
f 589/589/589 583/583/583 588/588/588
f 589/589/589 584/584/584 583/583/583
f 590/590/590 584/584/584 589/589/589
f 590/590/590 585/585/585 584/584/584
f 591/591/591 585/585/585 590/590/590
f 591/591/591 586/586/586 585/585/585
f 593/593/593 587/587/587 592/592/592
f 593/593/593 588/588/588 587/587/587
f 594/594/594 588/588/588 593/593/593
f 594/594/594 589/589/589 588/588/588
f 595/595/595 589/589/589 594/594/594
f 595/595/595 590/590/590 589/589/589
f 596/596/596 590/590/590 595/595/595
f 596/596/596 591/591/591 590/590/590
f 603/603/603 597/597/597 602/602/602
f 603/603/603 598/598/598 597/597/597
f 604/604/604 598/598/598 603/603/603
f 604/604/604 599/599/599 598/598/598
f 605/605/605 599/599/599 604/604/604
f 605/605/605 600/600/600 599/599/599
f 606/606/606 600/600/600 605/605/605
f 606/606/606 601/601/601 600/600/600
f 608/608/608 602/602/602 607/607/607
f 608/608/608 603/603/603 602/602/602
f 609/609/609 603/603/603 608/608/608
f 609/609/609 604/604/604 603/603/603
f 610/610/610 604/604/604 609/609/609
f 610/610/610 605/605/605 604/604/604
f 611/611/611 605/605/605 610/610/610
f 611/611/611 606/606/606 605/605/605
f 613/613/613 607/607/607 612/612/612
f 613/613/613 608/608/608 607/607/607
f 614/614/614 608/608/608 613/613/613
f 614/614/614 609/609/609 608/608/608
f 615/615/615 609/609/609 614/614/614
f 615/615/615 610/610/610 609/609/609
f 616/616/616 610/610/610 615/615/615
f 616/616/616 611/611/611 610/610/610
f 618/618/618 612/612/612 617/617/617
f 618/618/618 613/613/613 612/612/612
f 619/619/619 613/613/613 618/618/618
f 619/619/619 614/614/614 613/613/613
f 620/620/620 614/614/614 619/619/619
f 620/620/620 615/615/615 614/614/614
f 621/621/621 615/615/615 620/620/620
f 621/621/621 616/616/616 615/615/615
f 623/623/623 617/617/617 622/622/622
f 623/623/623 618/618/618 617/617/617
f 624/624/624 618/618/618 623/623/623
f 624/624/624 619/619/619 618/618/618
f 625/625/625 619/619/619 624/624/624
f 625/625/625 620/620/620 619/619/619
f 626/626/626 620/620/620 625/625/625
f 626/626/626 621/621/621 620/620/620
f 633/633/633 627/627/627 632/632/632
f 633/633/633 628/628/628 627/627/627
f 634/634/634 628/628/628 633/633/633
f 634/634/634 629/629/629 628/628/628
f 635/635/635 629/629/629 634/634/634
f 635/635/635 630/630/630 629/629/629
f 636/636/636 630/630/630 635/635/635
f 636/636/636 631/631/631 630/630/630
f 638/638/638 632/632/632 637/637/637
f 638/638/638 633/633/633 632/632/632
f 639/639/639 633/633/633 638/638/638
f 639/639/639 634/634/634 633/633/633
f 640/640/640 634/634/634 639/639/639
f 640/640/640 635/635/635 634/634/634
f 641/641/641 635/635/635 640/640/640
f 641/641/641 636/636/636 635/635/635
f 643/643/643 637/637/637 642/642/642
f 643/643/643 638/638/638 637/637/637
f 644/644/644 638/638/638 643/643/643
f 644/644/644 639/639/639 638/638/638
f 645/645/645 639/639/639 644/644/644
f 645/645/645 640/640/640 639/639/639
f 646/646/646 640/640/640 645/645/645
f 646/646/646 641/641/641 640/640/640
f 648/648/648 642/642/642 647/647/647
f 648/648/648 643/643/643 642/642/642
f 649/649/649 643/643/643 648/648/648
f 649/649/649 644/644/644 643/643/643
f 650/650/650 644/644/644 649/649/649
f 650/650/650 645/645/645 644/644/644
f 651/651/651 645/645/645 650/650/650
f 651/651/651 646/646/646 645/645/645
f 653/653/653 647/647/647 652/652/652
f 653/653/653 648/648/648 647/647/647
f 654/654/654 648/648/648 653/653/653
f 654/654/654 649/649/649 648/648/648
f 655/655/655 649/649/649 654/654/654
f 655/655/655 650/650/650 649/649/649
f 656/656/656 650/650/650 655/655/655
f 656/656/656 651/651/651 650/650/650
f 663/663/663 657/657/657 662/662/662
f 663/663/663 658/658/658 657/657/657
f 664/664/664 658/658/658 663/663/663
f 664/664/664 659/659/659 658/658/658
f 665/665/665 659/659/659 664/664/664
f 665/665/665 660/660/660 659/659/659
f 666/666/666 660/660/660 665/665/665
f 666/666/666 661/661/661 660/660/660
f 668/668/668 662/662/662 667/667/667
f 668/668/668 663/663/663 662/662/662
f 669/669/669 663/663/663 668/668/668
f 669/669/669 664/664/664 663/663/663
f 670/670/670 664/664/664 669/669/669
f 670/670/670 665/665/665 664/664/664
f 671/671/671 665/665/665 670/670/670
f 671/671/671 666/666/666 665/665/665
f 673/673/673 667/667/667 672/672/672
f 673/673/673 668/668/668 667/667/667
f 674/674/674 668/668/668 673/673/673
f 674/674/674 669/669/669 668/668/668
f 675/675/675 669/669/669 674/674/674
f 675/675/675 670/670/670 669/669/669
f 676/676/676 670/670/670 675/675/675
f 676/676/676 671/671/671 670/670/670
f 678/678/678 672/672/672 677/677/677
f 678/678/678 673/673/673 672/672/672
f 679/679/679 673/673/673 678/678/678
f 679/679/679 674/674/674 673/673/673
f 680/680/680 674/674/674 679/679/679
f 680/680/680 675/675/675 674/674/674
f 681/681/681 675/675/675 680/680/680
f 681/681/681 676/676/676 675/675/675
f 683/683/683 677/677/677 682/682/682
f 683/683/683 678/678/678 677/677/677
f 684/684/684 678/678/678 683/683/683
f 684/684/684 679/679/679 678/678/678
f 685/685/685 679/679/679 684/684/684
f 685/685/685 680/680/680 679/679/679
f 686/686/686 680/680/680 685/685/685
f 686/686/686 681/681/681 680/680/680
f 693/693/693 687/687/687 692/692/692
f 693/693/693 688/688/688 687/687/687
f 694/694/694 688/688/688 693/693/693
f 694/694/694 689/689/689 688/688/688
f 695/695/695 689/689/689 694/694/694
f 695/695/695 690/690/690 689/689/689
f 696/696/696 690/690/690 695/695/695
f 696/696/696 691/691/691 690/690/690
f 698/698/698 692/692/692 697/697/697
f 698/698/698 693/693/693 692/692/692
f 699/699/699 693/693/693 698/698/698
f 699/699/699 694/694/694 693/693/693
f 700/700/700 694/694/694 699/699/699
f 700/700/700 695/695/695 694/694/694
f 701/701/701 695/695/695 700/700/700
f 701/701/701 696/696/696 695/695/695
f 703/703/703 697/697/697 702/702/702
f 703/703/703 698/698/698 697/697/697
f 704/704/704 698/698/698 703/703/703
f 704/704/704 699/699/699 698/698/698
f 705/705/705 699/699/699 704/704/704
f 705/705/705 700/700/700 699/699/699
f 706/706/706 700/700/700 705/705/705
f 706/706/706 701/701/701 700/700/700
f 708/708/708 702/702/702 707/707/707
f 708/708/708 703/703/703 702/702/702
f 709/709/709 703/703/703 708/708/708
f 709/709/709 704/704/704 703/703/703
f 710/710/710 704/704/704 709/709/709
f 710/710/710 705/705/705 704/704/704
f 711/711/711 705/705/705 710/710/710
f 711/711/711 706/706/706 705/705/705
f 713/713/713 707/707/707 712/712/712
f 713/713/713 708/708/708 707/707/707
f 714/714/714 708/708/708 713/713/713
f 714/714/714 709/709/709 708/708/708
f 715/715/715 709/709/709 714/714/714
f 715/715/715 710/710/710 709/709/709
f 716/716/716 710/710/710 715/715/715
f 716/716/716 711/711/711 710/710/710
f 723/723/723 717/717/717 722/722/722
f 723/723/723 718/718/718 717/717/717
f 724/724/724 718/718/718 723/723/723
f 724/724/724 719/719/719 718/718/718
f 725/725/725 719/719/719 724/724/724
f 725/725/725 720/720/720 719/719/719
f 726/726/726 720/720/720 725/725/725
f 726/726/726 721/721/721 720/720/720
f 728/728/728 722/722/722 727/727/727
f 728/728/728 723/723/723 722/722/722
f 729/729/729 723/723/723 728/728/728
f 729/729/729 724/724/724 723/723/723
f 730/730/730 724/724/724 729/729/729
f 730/730/730 725/725/725 724/724/724
f 731/731/731 725/725/725 730/730/730
f 731/731/731 726/726/726 725/725/725
f 733/733/733 727/727/727 732/732/732
f 733/733/733 728/728/728 727/727/727
f 734/734/734 728/728/728 733/733/733
f 734/734/734 729/729/729 728/728/728
f 735/735/735 729/729/729 734/734/734
f 735/735/735 730/730/730 729/729/729
f 736/736/736 730/730/730 735/735/735
f 736/736/736 731/731/731 730/730/730
f 738/738/738 732/732/732 737/737/737
f 738/738/738 733/733/733 732/732/732
f 739/739/739 733/733/733 738/738/738
f 739/739/739 734/734/734 733/733/733
f 740/740/740 734/734/734 739/739/739
f 740/740/740 735/735/735 734/734/734
f 741/741/741 735/735/735 740/740/740
f 741/741/741 736/736/736 735/735/735
f 743/743/743 737/737/737 742/742/742
f 743/743/743 738/738/738 737/737/737
f 744/744/744 738/738/738 743/743/743
f 744/744/744 739/739/739 738/738/738
f 745/745/745 739/739/739 744/744/744
f 745/745/745 740/740/740 739/739/739
f 746/746/746 740/740/740 745/745/745
f 746/746/746 741/741/741 740/740/740
f 748/748/748 742/742/742 747/747/747
f 748/748/748 743/743/743 742/742/742
f 749/749/749 743/743/743 748/748/748
f 749/749/749 744/744/744 743/743/743
f 750/750/750 744/744/744 749/749/749
f 750/750/750 745/745/745 744/744/744
f 751/751/751 745/745/745 750/750/750
f 751/751/751 746/746/746 745/745/745
f 758/758/758 752/752/752 757/757/757
f 758/758/758 753/753/753 752/752/752
f 759/759/759 753/753/753 758/758/758
f 759/759/759 754/754/754 753/753/753
f 760/760/760 754/754/754 759/759/759
f 760/760/760 755/755/755 754/754/754
f 761/761/761 755/755/755 760/760/760
f 761/761/761 756/756/756 755/755/755
f 763/763/763 757/757/757 762/762/762
f 763/763/763 758/758/758 757/757/757
f 764/764/764 758/758/758 763/763/763
f 764/764/764 759/759/759 758/758/758
f 765/765/765 759/759/759 764/764/764
f 765/765/765 760/760/760 759/759/759
f 766/766/766 760/760/760 765/765/765
f 766/766/766 761/761/761 760/760/760
f 768/768/768 762/762/762 767/767/767
f 768/768/768 763/763/763 762/762/762
f 769/769/769 763/763/763 768/768/768
f 769/769/769 764/764/764 763/763/763
f 770/770/770 764/764/764 769/769/769
f 770/770/770 765/765/765 764/764/764
f 771/771/771 765/765/765 770/770/770
f 771/771/771 766/766/766 765/765/765
f 773/773/773 767/767/767 772/772/772
f 773/773/773 768/768/768 767/767/767
f 774/774/774 768/768/768 773/773/773
f 774/774/774 769/769/769 768/768/768
f 775/775/775 769/769/769 774/774/774
f 775/775/775 770/770/770 769/769/769
f 776/776/776 770/770/770 775/775/775
f 776/776/776 771/771/771 770/770/770
f 778/778/778 772/772/772 777/777/777
f 778/778/778 773/773/773 772/772/772
f 779/779/779 773/773/773 778/778/778
f 779/779/779 774/774/774 773/773/773
f 780/780/780 774/774/774 779/779/779
f 780/780/780 775/775/775 774/774/774
f 781/781/781 775/775/775 780/780/780
f 781/781/781 776/776/776 775/775/775
f 783/783/783 777/777/777 782/782/782
f 783/783/783 778/778/778 777/777/777
f 784/784/784 778/778/778 783/783/783
f 784/784/784 779/779/779 778/778/778
f 785/785/785 779/779/779 784/784/784
f 785/785/785 780/780/780 779/779/779
f 786/786/786 780/780/780 785/785/785
f 786/786/786 781/781/781 780/780/780
f 793/793/793 787/787/787 792/792/792
f 793/793/793 788/788/788 787/787/787
f 794/794/794 788/788/788 793/793/793
f 794/794/794 789/789/789 788/788/788
f 795/795/795 789/789/789 794/794/794
f 795/795/795 790/790/790 789/789/789
f 796/796/796 790/790/790 795/795/795
f 796/796/796 791/791/791 790/790/790
f 798/798/798 792/792/792 797/797/797
f 798/798/798 793/793/793 792/792/792
f 799/799/799 793/793/793 798/798/798
f 799/799/799 794/794/794 793/793/793
f 800/800/800 794/794/794 799/799/799
f 800/800/800 795/795/795 794/794/794
f 801/801/801 795/795/795 800/800/800
f 801/801/801 796/796/796 795/795/795
f 803/803/803 797/797/797 802/802/802
f 803/803/803 798/798/798 797/797/797
f 804/804/804 798/798/798 803/803/803
f 804/804/804 799/799/799 798/798/798
f 805/805/805 799/799/799 804/804/804
f 805/805/805 800/800/800 799/799/799
f 806/806/806 800/800/800 805/805/805
f 806/806/806 801/801/801 800/800/800
f 808/808/808 802/802/802 807/807/807
f 808/808/808 803/803/803 802/802/802
f 809/809/809 803/803/803 808/808/808
f 809/809/809 804/804/804 803/803/803
f 810/810/810 804/804/804 809/809/809
f 810/810/810 805/805/805 804/804/804
f 811/811/811 805/805/805 810/810/810
f 811/811/811 806/806/806 805/805/805
f 813/813/813 807/807/807 812/812/812
f 813/813/813 808/808/808 807/807/807
f 814/814/814 808/808/808 813/813/813
f 814/814/814 809/809/809 808/808/808
f 815/815/815 809/809/809 814/814/814
f 815/815/815 810/810/810 809/809/809
f 816/816/816 810/810/810 815/815/815
f 816/816/816 811/811/811 810/810/810
f 818/818/818 812/812/812 817/817/817
f 818/818/818 813/813/813 812/812/812
f 819/819/819 813/813/813 818/818/818
f 819/819/819 814/814/814 813/813/813
f 820/820/820 814/814/814 819/819/819
f 820/820/820 815/815/815 814/814/814
f 821/821/821 815/815/815 820/820/820
f 821/821/821 816/816/816 815/815/815
f 823/823/823 817/817/817 822/822/822
f 823/823/823 818/818/818 817/817/817
f 824/824/824 818/818/818 823/823/823
f 824/824/824 819/819/819 818/818/818
f 825/825/825 819/819/819 824/824/824
f 825/825/825 820/820/820 819/819/819
f 826/826/826 820/820/820 825/825/825
f 826/826/826 821/821/821 820/820/820
f 833/833/833 827/827/827 832/832/832
f 833/833/833 828/828/828 827/827/827
f 834/834/834 828/828/828 833/833/833
f 834/834/834 829/829/829 828/828/828
f 835/835/835 829/829/829 834/834/834
f 835/835/835 830/830/830 829/829/829
f 836/836/836 830/830/830 835/835/835
f 836/836/836 831/831/831 830/830/830
f 838/838/838 832/832/832 837/837/837
f 838/838/838 833/833/833 832/832/832
f 839/839/839 833/833/833 838/838/838
f 839/839/839 834/834/834 833/833/833
f 840/840/840 834/834/834 839/839/839
f 840/840/840 835/835/835 834/834/834
f 841/841/841 835/835/835 840/840/840
f 841/841/841 836/836/836 835/835/835
f 843/843/843 837/837/837 842/842/842
f 843/843/843 838/838/838 837/837/837
f 844/844/844 838/838/838 843/843/843
f 844/844/844 839/839/839 838/838/838
f 845/845/845 839/839/839 844/844/844
f 845/845/845 840/840/840 839/839/839
f 846/846/846 840/840/840 845/845/845
f 846/846/846 841/841/841 840/840/840
f 848/848/848 842/842/842 847/847/847
f 848/848/848 843/843/843 842/842/842
f 849/849/849 843/843/843 848/848/848
f 849/849/849 844/844/844 843/843/843
f 850/850/850 844/844/844 849/849/849
f 850/850/850 845/845/845 844/844/844
f 851/851/851 845/845/845 850/850/850
f 851/851/851 846/846/846 845/845/845
f 853/853/853 847/847/847 852/852/852
f 853/853/853 848/848/848 847/847/847
f 854/854/854 848/848/848 853/853/853
f 854/854/854 849/849/849 848/848/848
f 855/855/855 849/849/849 854/854/854
f 855/855/855 850/850/850 849/849/849
f 856/856/856 850/850/850 855/855/855
f 856/856/856 851/851/851 850/850/850
f 863/863/863 857/857/857 862/862/862
f 863/863/863 858/858/858 857/857/857
f 864/864/864 858/858/858 863/863/863
f 864/864/864 859/859/859 858/858/858
f 865/865/865 859/859/859 864/864/864
f 865/865/865 860/860/860 859/859/859
f 866/866/866 860/860/860 865/865/865
f 866/866/866 861/861/861 860/860/860
f 868/868/868 862/862/862 867/867/867
f 868/868/868 863/863/863 862/862/862
f 869/869/869 863/863/863 868/868/868
f 869/869/869 864/864/864 863/863/863
f 870/870/870 864/864/864 869/869/869
f 870/870/870 865/865/865 864/864/864
f 871/871/871 865/865/865 870/870/870
f 871/871/871 866/866/866 865/865/865
f 873/873/873 867/867/867 872/872/872
f 873/873/873 868/868/868 867/867/867
f 874/874/874 868/868/868 873/873/873
f 874/874/874 869/869/869 868/868/868
f 875/875/875 869/869/869 874/874/874
f 875/875/875 870/870/870 869/869/869
f 876/876/876 870/870/870 875/875/875
f 876/876/876 871/871/871 870/870/870
f 878/878/878 872/872/872 877/877/877
f 878/878/878 873/873/873 872/872/872
f 879/879/879 873/873/873 878/878/878
f 879/879/879 874/874/874 873/873/873
f 880/880/880 874/874/874 879/879/879
f 880/880/880 875/875/875 874/874/874
f 881/881/881 875/875/875 880/880/880
f 881/881/881 876/876/876 875/875/875
f 883/883/883 877/877/877 882/882/882
f 883/883/883 878/878/878 877/877/877
f 884/884/884 878/878/878 883/883/883
f 884/884/884 879/879/879 878/878/878
f 885/885/885 879/879/879 884/884/884
f 885/885/885 880/880/880 879/879/879
f 886/886/886 880/880/880 885/885/885
f 886/886/886 881/881/881 880/880/880
f 888/888/888 882/882/882 887/887/887
f 888/888/888 883/883/883 882/882/882
f 889/889/889 883/883/883 888/888/888
f 889/889/889 884/884/884 883/883/883
f 890/890/890 884/884/884 889/889/889
f 890/890/890 885/885/885 884/884/884
f 891/891/891 885/885/885 890/890/890
f 891/891/891 886/886/886 885/885/885
f 898/898/898 892/892/892 897/897/897
f 898/898/898 893/893/893 892/892/892
f 899/899/899 893/893/893 898/898/898
f 899/899/899 894/894/894 893/893/893
f 900/900/900 894/894/894 899/899/899
f 900/900/900 895/895/895 894/894/894
f 901/901/901 895/895/895 900/900/900
f 901/901/901 896/896/896 895/895/895
f 903/903/903 897/897/897 902/902/902
f 903/903/903 898/898/898 897/897/897
f 904/904/904 898/898/898 903/903/903
f 904/904/904 899/899/899 898/898/898
f 905/905/905 899/899/899 904/904/904
f 905/905/905 900/900/900 899/899/899
f 906/906/906 900/900/900 905/905/905
f 906/906/906 901/901/901 900/900/900
f 908/908/908 902/902/902 907/907/907
f 908/908/908 903/903/903 902/902/902
f 909/909/909 903/903/903 908/908/908
f 909/909/909 904/904/904 903/903/903
f 910/910/910 904/904/904 909/909/909
f 910/910/910 905/905/905 904/904/904
f 911/911/911 905/905/905 910/910/910
f 911/911/911 906/906/906 905/905/905
f 913/913/913 907/907/907 912/912/912
f 913/913/913 908/908/908 907/907/907
f 914/914/914 908/908/908 913/913/913
f 914/914/914 909/909/909 908/908/908
f 915/915/915 909/909/909 914/914/914
f 915/915/915 910/910/910 909/909/909
f 916/916/916 910/910/910 915/915/915
f 916/916/916 911/911/911 910/910/910
f 918/918/918 912/912/912 917/917/917
f 918/918/918 913/913/913 912/912/912
f 919/919/919 913/913/913 918/918/918
f 919/919/919 914/914/914 913/913/913
f 920/920/920 914/914/914 919/919/919
f 920/920/920 915/915/915 914/914/914
f 921/921/921 915/915/915 920/920/920
f 921/921/921 916/916/916 915/915/915
f 928/928/928 922/922/922 927/927/927
f 928/928/928 923/923/923 922/922/922
f 929/929/929 923/923/923 928/928/928
f 929/929/929 924/924/924 923/923/923
f 930/930/930 924/924/924 929/929/929
f 930/930/930 925/925/925 924/924/924
f 931/931/931 925/925/925 930/930/930
f 931/931/931 926/926/926 925/925/925
f 933/933/933 927/927/927 932/932/932
f 933/933/933 928/928/928 927/927/927
f 934/934/934 928/928/928 933/933/933
f 934/934/934 929/929/929 928/928/928
f 935/935/935 929/929/929 934/934/934
f 935/935/935 930/930/930 929/929/929
f 936/936/936 930/930/930 935/935/935
f 936/936/936 931/931/931 930/930/930
f 938/938/938 932/932/932 937/937/937
f 938/938/938 933/933/933 932/932/932
f 939/939/939 933/933/933 938/938/938
f 939/939/939 934/934/934 933/933/933
f 940/940/940 934/934/934 939/939/939
f 940/940/940 935/935/935 934/934/934
f 941/941/941 935/935/935 940/940/940
f 941/941/941 936/936/936 935/935/935
f 943/943/943 937/937/937 942/942/942
f 943/943/943 938/938/938 937/937/937
f 944/944/944 938/938/938 943/943/943
f 944/944/944 939/939/939 938/938/938
f 945/945/945 939/939/939 944/944/944
f 945/945/945 940/940/940 939/939/939
f 946/946/946 940/940/940 945/945/945
f 946/946/946 941/941/941 940/940/940
f 953/953/953 947/947/947 952/952/952
f 953/953/953 948/948/948 947/947/947
f 954/954/954 948/948/948 953/953/953
f 954/954/954 949/949/949 948/948/948
f 955/955/955 949/949/949 954/954/954
f 955/955/955 950/950/950 949/949/949
f 956/956/956 950/950/950 955/955/955
f 956/956/956 951/951/951 950/950/950
f 958/958/958 952/952/952 957/957/957
f 958/958/958 953/953/953 952/952/952
f 959/959/959 953/953/953 958/958/958
f 959/959/959 954/954/954 953/953/953
f 960/960/960 954/954/954 959/959/959
f 960/960/960 955/955/955 954/954/954
f 961/961/961 955/955/955 960/960/960
f 961/961/961 956/956/956 955/955/955
f 963/963/963 957/957/957 962/962/962
f 963/963/963 958/958/958 957/957/957
f 964/964/964 958/958/958 963/963/963
f 964/964/964 959/959/959 958/958/958
f 965/965/965 959/959/959 964/964/964
f 965/965/965 960/960/960 959/959/959
f 966/966/966 960/960/960 965/965/965
f 966/966/966 961/961/961 960/960/960
f 968/968/968 962/962/962 967/967/967
f 968/968/968 963/963/963 962/962/962
f 969/969/969 963/963/963 968/968/968
f 969/969/969 964/964/964 963/963/963
f 970/970/970 964/964/964 969/969/969
f 970/970/970 965/965/965 964/964/964
f 971/971/971 965/965/965 970/970/970
f 971/971/971 966/966/966 965/965/965
f 973/973/973 967/967/967 972/972/972
f 973/973/973 968/968/968 967/967/967
f 974/974/974 968/968/968 973/973/973
f 974/974/974 969/969/969 968/968/968
f 975/975/975 969/969/969 974/974/974
f 975/975/975 970/970/970 969/969/969
f 976/976/976 970/970/970 975/975/975
f 976/976/976 971/971/971 970/970/970
f 978/978/978 972/972/972 977/977/977
f 978/978/978 973/973/973 972/972/972
f 979/979/979 973/973/973 978/978/978
f 979/979/979 974/974/974 973/973/973
f 980/980/980 974/974/974 979/979/979
f 980/980/980 975/975/975 974/974/974
f 981/981/981 975/975/975 980/980/980
f 981/981/981 976/976/976 975/975/975
f 988/988/988 982/982/982 987/987/987
f 988/988/988 983/983/983 982/982/982
f 989/989/989 983/983/983 988/988/988
f 989/989/989 984/984/984 983/983/983
f 990/990/990 984/984/984 989/989/989
f 990/990/990 985/985/985 984/984/984
f 991/991/991 985/985/985 990/990/990
f 991/991/991 986/986/986 985/985/985
f 993/993/993 987/987/987 992/992/992
f 993/993/993 988/988/988 987/987/987
f 994/994/994 988/988/988 993/993/993
f 994/994/994 989/989/989 988/988/988
f 995/995/995 989/989/989 994/994/994
f 995/995/995 990/990/990 989/989/989
f 996/996/996 990/990/990 995/995/995
f 996/996/996 991/991/991 990/990/990
f 998/998/998 992/992/992 997/997/997
f 998/998/998 993/993/993 992/992/992
f 999/999/999 993/993/993 998/998/998
f 999/999/999 994/994/994 993/993/993
f 1000/1000/1000 994/994/994 999/999/999
f 1000/1000/1000 995/995/995 994/994/994
f 1001/1001/1001 995/995/995 1000/1000/1000
f 1001/1001/1001 996/996/996 995/995/995
f 1003/1003/1003 997/997/997 1002/1002/1002
f 1003/1003/1003 998/998/998 997/997/997
f 1004/1004/1004 998/998/998 1003/1003/1003
f 1004/1004/1004 999/999/999 998/998/998
f 1005/1005/1005 999/999/999 1004/1004/1004
f 1005/1005/1005 1000/1000/1000 999/999/999
f 1006/1006/1006 1000/1000/1000 1005/1005/1005
f 1006/1006/1006 1001/1001/1001 1000/1000/1000
f 1008/1008/1008 1002/1002/1002 1007/1007/1007
f 1008/1008/1008 1003/1003/1003 1002/1002/1002
f 1009/1009/1009 1003/1003/1003 1008/1008/1008
f 1009/1009/1009 1004/1004/1004 1003/1003/1003
f 1010/1010/1010 1004/1004/1004 1009/1009/1009
f 1010/1010/1010 1005/1005/1005 1004/1004/1004
f 1011/1011/1011 1005/1005/1005 1010/1010/1010
f 1011/1011/1011 1006/1006/1006 1005/1005/1005
f 1013/1013/1013 1007/1007/1007 1012/1012/1012
f 1013/1013/1013 1008/1008/1008 1007/1007/1007
f 1014/1014/1014 1008/1008/1008 1013/1013/1013
f 1014/1014/1014 1009/1009/1009 1008/1008/1008
f 1015/1015/1015 1009/1009/1009 1014/1014/1014
f 1015/1015/1015 1010/1010/1010 1009/1009/1009
f 1016/1016/1016 1010/1010/1010 1015/1015/1015
f 1016/1016/1016 1011/1011/1011 1010/1010/1010
f 1018/1018/1018 1012/1012/1012 1017/1017/1017
f 1018/1018/1018 1013/1013/1013 1012/1012/1012
f 1019/1019/1019 1013/1013/1013 1018/1018/1018
f 1019/1019/1019 1014/1014/1014 1013/1013/1013
f 1020/1020/1020 1014/1014/1014 1019/1019/1019
f 1020/1020/1020 1015/1015/1015 1014/1014/1014
f 1021/1021/1021 1015/1015/1015 1020/1020/1020
f 1021/1021/1021 1016/1016/1016 1015/1015/1015
f 1028/1028/1028 1022/1022/1022 1027/1027/1027
f 1028/1028/1028 1023/1023/1023 1022/1022/1022
f 1029/1029/1029 1023/1023/1023 1028/1028/1028
f 1029/1029/1029 1024/1024/1024 1023/1023/1023
f 1030/1030/1030 1024/1024/1024 1029/1029/1029
f 1030/1030/1030 1025/1025/1025 1024/1024/1024
f 1031/1031/1031 1025/1025/1025 1030/1030/1030
f 1031/1031/1031 1026/1026/1026 1025/1025/1025
f 1033/1033/1033 1027/1027/1027 1032/1032/1032
f 1033/1033/1033 1028/1028/1028 1027/1027/1027
f 1034/1034/1034 1028/1028/1028 1033/1033/1033
f 1034/1034/1034 1029/1029/1029 1028/1028/1028
f 1035/1035/1035 1029/1029/1029 1034/1034/1034
f 1035/1035/1035 1030/1030/1030 1029/1029/1029
f 1036/1036/1036 1030/1030/1030 1035/1035/1035
f 1036/1036/1036 1031/1031/1031 1030/1030/1030
f 1038/1038/1038 1032/1032/1032 1037/1037/1037
f 1038/1038/1038 1033/1033/1033 1032/1032/1032
f 1039/1039/1039 1033/1033/1033 1038/1038/1038
f 1039/1039/1039 1034/1034/1034 1033/1033/1033
f 1040/1040/1040 1034/1034/1034 1039/1039/1039
f 1040/1040/1040 1035/1035/1035 1034/1034/1034
f 1041/1041/1041 1035/1035/1035 1040/1040/1040
f 1041/1041/1041 1036/1036/1036 1035/1035/1035
f 1043/1043/1043 1037/1037/1037 1042/1042/1042
f 1043/1043/1043 1038/1038/1038 1037/1037/1037
f 1044/1044/1044 1038/1038/1038 1043/1043/1043
f 1044/1044/1044 1039/1039/1039 1038/1038/1038
f 1045/1045/1045 1039/1039/1039 1044/1044/1044
f 1045/1045/1045 1040/1040/1040 1039/1039/1039
f 1046/1046/1046 1040/1040/1040 1045/1045/1045
f 1046/1046/1046 1041/1041/1041 1040/1040/1040
f 1048/1048/1048 1042/1042/1042 1047/1047/1047
f 1048/1048/1048 1043/1043/1043 1042/1042/1042
f 1049/1049/1049 1043/1043/1043 1048/1048/1048
f 1049/1049/1049 1044/1044/1044 1043/1043/1043
f 1050/1050/1050 1044/1044/1044 1049/1049/1049
f 1050/1050/1050 1045/1045/1045 1044/1044/1044
f 1051/1051/1051 1045/1045/1045 1050/1050/1050
f 1051/1051/1051 1046/1046/1046 1045/1045/1045
f 1053/1053/1053 1047/1047/1047 1052/1052/1052
f 1053/1053/1053 1048/1048/1048 1047/1047/1047
f 1054/1054/1054 1048/1048/1048 1053/1053/1053
f 1054/1054/1054 1049/1049/1049 1048/1048/1048
f 1055/1055/1055 1049/1049/1049 1054/1054/1054
f 1055/1055/1055 1050/1050/1050 1049/1049/1049
f 1056/1056/1056 1050/1050/1050 1055/1055/1055
f 1056/1056/1056 1051/1051/1051 1050/1050/1050
f 1063/1063/1063 1057/1057/1057 1062/1062/1062
f 1063/1063/1063 1058/1058/1058 1057/1057/1057
f 1064/1064/1064 1058/1058/1058 1063/1063/1063
f 1064/1064/1064 1059/1059/1059 1058/1058/1058
f 1065/1065/1065 1059/1059/1059 1064/1064/1064
f 1065/1065/1065 1060/1060/1060 1059/1059/1059
f 1066/1066/1066 1060/1060/1060 1065/1065/1065
f 1066/1066/1066 1061/1061/1061 1060/1060/1060
f 1068/1068/1068 1062/1062/1062 1067/1067/1067
f 1068/1068/1068 1063/1063/1063 1062/1062/1062
f 1069/1069/1069 1063/1063/1063 1068/1068/1068
f 1069/1069/1069 1064/1064/1064 1063/1063/1063
f 1070/1070/1070 1064/1064/1064 1069/1069/1069
f 1070/1070/1070 1065/1065/1065 1064/1064/1064
f 1071/1071/1071 1065/1065/1065 1070/1070/1070
f 1071/1071/1071 1066/1066/1066 1065/1065/1065
f 1073/1073/1073 1067/1067/1067 1072/1072/1072
f 1073/1073/1073 1068/1068/1068 1067/1067/1067
f 1074/1074/1074 1068/1068/1068 1073/1073/1073
f 1074/1074/1074 1069/1069/1069 1068/1068/1068
f 1075/1075/1075 1069/1069/1069 1074/1074/1074
f 1075/1075/1075 1070/1070/1070 1069/1069/1069
f 1076/1076/1076 1070/1070/1070 1075/1075/1075
f 1076/1076/1076 1071/1071/1071 1070/1070/1070
f 1078/1078/1078 1072/1072/1072 1077/1077/1077
f 1078/1078/1078 1073/1073/1073 1072/1072/1072
f 1079/1079/1079 1073/1073/1073 1078/1078/1078
f 1079/1079/1079 1074/1074/1074 1073/1073/1073
f 1080/1080/1080 1074/1074/1074 1079/1079/1079
f 1080/1080/1080 1075/1075/1075 1074/1074/1074
f 1081/1081/1081 1075/1075/1075 1080/1080/1080
f 1081/1081/1081 1076/1076/1076 1075/1075/1075
f 1083/1083/1083 1077/1077/1077 1082/1082/1082
f 1083/1083/1083 1078/1078/1078 1077/1077/1077
f 1084/1084/1084 1078/1078/1078 1083/1083/1083
f 1084/1084/1084 1079/1079/1079 1078/1078/1078
f 1085/1085/1085 1079/1079/1079 1084/1084/1084
f 1085/1085/1085 1080/1080/1080 1079/1079/1079
f 1086/1086/1086 1080/1080/1080 1085/1085/1085
f 1086/1086/1086 1081/1081/1081 1080/1080/1080
f 1093/1093/1093 1087/1087/1087 1092/1092/1092
f 1093/1093/1093 1088/1088/1088 1087/1087/1087
f 1094/1094/1094 1088/1088/1088 1093/1093/1093
f 1094/1094/1094 1089/1089/1089 1088/1088/1088
f 1095/1095/1095 1089/1089/1089 1094/1094/1094
f 1095/1095/1095 1090/1090/1090 1089/1089/1089
f 1096/1096/1096 1090/1090/1090 1095/1095/1095
f 1096/1096/1096 1091/1091/1091 1090/1090/1090
f 1098/1098/1098 1092/1092/1092 1097/1097/1097
f 1098/1098/1098 1093/1093/1093 1092/1092/1092
f 1099/1099/1099 1093/1093/1093 1098/1098/1098
f 1099/1099/1099 1094/1094/1094 1093/1093/1093
f 1100/1100/1100 1094/1094/1094 1099/1099/1099
f 1100/1100/1100 1095/1095/1095 1094/1094/1094
f 1101/1101/1101 1095/1095/1095 1100/1100/1100
f 1101/1101/1101 1096/1096/1096 1095/1095/1095
f 1103/1103/1103 1097/1097/1097 1102/1102/1102
f 1103/1103/1103 1098/1098/1098 1097/1097/1097
f 1104/1104/1104 1098/1098/1098 1103/1103/1103
f 1104/1104/1104 1099/1099/1099 1098/1098/1098
f 1105/1105/1105 1099/1099/1099 1104/1104/1104
f 1105/1105/1105 1100/1100/1100 1099/1099/1099
f 1106/1106/1106 1100/1100/1100 1105/1105/1105
f 1106/1106/1106 1101/1101/1101 1100/1100/1100
f 1108/1108/1108 1102/1102/1102 1107/1107/1107
f 1108/1108/1108 1103/1103/1103 1102/1102/1102
f 1109/1109/1109 1103/1103/1103 1108/1108/1108
f 1109/1109/1109 1104/1104/1104 1103/1103/1103
f 1110/1110/1110 1104/1104/1104 1109/1109/1109
f 1110/1110/1110 1105/1105/1105 1104/1104/1104
f 1111/1111/1111 1105/1105/1105 1110/1110/1110
f 1111/1111/1111 1106/1106/1106 1105/1105/1105
f 1113/1113/1113 1107/1107/1107 1112/1112/1112
f 1113/1113/1113 1108/1108/1108 1107/1107/1107
f 1114/1114/1114 1108/1108/1108 1113/1113/1113
f 1114/1114/1114 1109/1109/1109 1108/1108/1108
f 1115/1115/1115 1109/1109/1109 1114/1114/1114
f 1115/1115/1115 1110/1110/1110 1109/1109/1109
f 1116/1116/1116 1110/1110/1110 1115/1115/1115
f 1116/1116/1116 1111/1111/1111 1110/1110/1110
f 1118/1118/1118 1112/1112/1112 1117/1117/1117
f 1118/1118/1118 1113/1113/1113 1112/1112/1112
f 1119/1119/1119 1113/1113/1113 1118/1118/1118
f 1119/1119/1119 1114/1114/1114 1113/1113/1113
f 1120/1120/1120 1114/1114/1114 1119/1119/1119
f 1120/1120/1120 1115/1115/1115 1114/1114/1114
f 1121/1121/1121 1115/1115/1115 1120/1120/1120
f 1121/1121/1121 1116/1116/1116 1115/1115/1115
f 1128/1128/1128 1122/1122/1122 1127/1127/1127
f 1128/1128/1128 1123/1123/1123 1122/1122/1122
f 1129/1129/1129 1123/1123/1123 1128/1128/1128
f 1129/1129/1129 1124/1124/1124 1123/1123/1123
f 1130/1130/1130 1124/1124/1124 1129/1129/1129
f 1130/1130/1130 1125/1125/1125 1124/1124/1124
f 1131/1131/1131 1125/1125/1125 1130/1130/1130
f 1131/1131/1131 1126/1126/1126 1125/1125/1125
f 1133/1133/1133 1127/1127/1127 1132/1132/1132
f 1133/1133/1133 1128/1128/1128 1127/1127/1127
f 1134/1134/1134 1128/1128/1128 1133/1133/1133
f 1134/1134/1134 1129/1129/1129 1128/1128/1128
f 1135/1135/1135 1129/1129/1129 1134/1134/1134
f 1135/1135/1135 1130/1130/1130 1129/1129/1129
f 1136/1136/1136 1130/1130/1130 1135/1135/1135
f 1136/1136/1136 1131/1131/1131 1130/1130/1130
f 1138/1138/1138 1132/1132/1132 1137/1137/1137
f 1138/1138/1138 1133/1133/1133 1132/1132/1132
f 1139/1139/1139 1133/1133/1133 1138/1138/1138
f 1139/1139/1139 1134/1134/1134 1133/1133/1133
f 1140/1140/1140 1134/1134/1134 1139/1139/1139
f 1140/1140/1140 1135/1135/1135 1134/1134/1134
f 1141/1141/1141 1135/1135/1135 1140/1140/1140
f 1141/1141/1141 1136/1136/1136 1135/1135/1135
f 1143/1143/1143 1137/1137/1137 1142/1142/1142
f 1143/1143/1143 1138/1138/1138 1137/1137/1137
f 1144/1144/1144 1138/1138/1138 1143/1143/1143
f 1144/1144/1144 1139/1139/1139 1138/1138/1138
f 1145/1145/1145 1139/1139/1139 1144/1144/1144
f 1145/1145/1145 1140/1140/1140 1139/1139/1139
f 1146/1146/1146 1140/1140/1140 1145/1145/1145
f 1146/1146/1146 1141/1141/1141 1140/1140/1140
f 1148/1148/1148 1142/1142/1142 1147/1147/1147
f 1148/1148/1148 1143/1143/1143 1142/1142/1142
f 1149/1149/1149 1143/1143/1143 1148/1148/1148
f 1149/1149/1149 1144/1144/1144 1143/1143/1143
f 1150/1150/1150 1144/1144/1144 1149/1149/1149
f 1150/1150/1150 1145/1145/1145 1144/1144/1144
f 1151/1151/1151 1145/1145/1145 1150/1150/1150
f 1151/1151/1151 1146/1146/1146 1145/1145/1145
f 1158/1158/1158 1152/1152/1152 1157/1157/1157
f 1158/1158/1158 1153/1153/1153 1152/1152/1152
f 1159/1159/1159 1153/1153/1153 1158/1158/1158
f 1159/1159/1159 1154/1154/1154 1153/1153/1153
f 1160/1160/1160 1154/1154/1154 1159/1159/1159
f 1160/1160/1160 1155/1155/1155 1154/1154/1154
f 1161/1161/1161 1155/1155/1155 1160/1160/1160
f 1161/1161/1161 1156/1156/1156 1155/1155/1155
f 1163/1163/1163 1157/1157/1157 1162/1162/1162
f 1163/1163/1163 1158/1158/1158 1157/1157/1157
f 1164/1164/1164 1158/1158/1158 1163/1163/1163
f 1164/1164/1164 1159/1159/1159 1158/1158/1158
f 1165/1165/1165 1159/1159/1159 1164/1164/1164
f 1165/1165/1165 1160/1160/1160 1159/1159/1159
f 1166/1166/1166 1160/1160/1160 1165/1165/1165
f 1166/1166/1166 1161/1161/1161 1160/1160/1160
f 1168/1168/1168 1162/1162/1162 1167/1167/1167
f 1168/1168/1168 1163/1163/1163 1162/1162/1162
f 1169/1169/1169 1163/1163/1163 1168/1168/1168
f 1169/1169/1169 1164/1164/1164 1163/1163/1163
f 1170/1170/1170 1164/1164/1164 1169/1169/1169
f 1170/1170/1170 1165/1165/1165 1164/1164/1164
f 1171/1171/1171 1165/1165/1165 1170/1170/1170
f 1171/1171/1171 1166/1166/1166 1165/1165/1165
f 1173/1173/1173 1167/1167/1167 1172/1172/1172
f 1173/1173/1173 1168/1168/1168 1167/1167/1167
f 1174/1174/1174 1168/1168/1168 1173/1173/1173
f 1174/1174/1174 1169/1169/1169 1168/1168/1168
f 1175/1175/1175 1169/1169/1169 1174/1174/1174
f 1175/1175/1175 1170/1170/1170 1169/1169/1169
f 1176/1176/1176 1170/1170/1170 1175/1175/1175
f 1176/1176/1176 1171/1171/1171 1170/1170/1170
f 1178/1178/1178 1172/1172/1172 1177/1177/1177
f 1178/1178/1178 1173/1173/1173 1172/1172/1172
f 1179/1179/1179 1173/1173/1173 1178/1178/1178
f 1179/1179/1179 1174/1174/1174 1173/1173/1173
f 1180/1180/1180 1174/1174/1174 1179/1179/1179
f 1180/1180/1180 1175/1175/1175 1174/1174/1174
f 1181/1181/1181 1175/1175/1175 1180/1180/1180
f 1181/1181/1181 1176/1176/1176 1175/1175/1175
f 1183/1183/1183 1177/1177/1177 1182/1182/1182
f 1183/1183/1183 1178/1178/1178 1177/1177/1177
f 1184/1184/1184 1178/1178/1178 1183/1183/1183
f 1184/1184/1184 1179/1179/1179 1178/1178/1178
f 1185/1185/1185 1179/1179/1179 1184/1184/1184
f 1185/1185/1185 1180/1180/1180 1179/1179/1179
f 1186/1186/1186 1180/1180/1180 1185/1185/1185
f 1186/1186/1186 1181/1181/1181 1180/1180/1180
f 1193/1193/1193 1187/1187/1187 1192/1192/1192
f 1193/1193/1193 1188/1188/1188 1187/1187/1187
f 1194/1194/1194 1188/1188/1188 1193/1193/1193
f 1194/1194/1194 1189/1189/1189 1188/1188/1188
f 1195/1195/1195 1189/1189/1189 1194/1194/1194
f 1195/1195/1195 1190/1190/1190 1189/1189/1189
f 1196/1196/1196 1190/1190/1190 1195/1195/1195
f 1196/1196/1196 1191/1191/1191 1190/1190/1190
f 1198/1198/1198 1192/1192/1192 1197/1197/1197
f 1198/1198/1198 1193/1193/1193 1192/1192/1192
f 1199/1199/1199 1193/1193/1193 1198/1198/1198
f 1199/1199/1199 1194/1194/1194 1193/1193/1193
f 1200/1200/1200 1194/1194/1194 1199/1199/1199
f 1200/1200/1200 1195/1195/1195 1194/1194/1194
f 1201/1201/1201 1195/1195/1195 1200/1200/1200
f 1201/1201/1201 1196/1196/1196 1195/1195/1195
f 1203/1203/1203 1197/1197/1197 1202/1202/1202
f 1203/1203/1203 1198/1198/1198 1197/1197/1197
f 1204/1204/1204 1198/1198/1198 1203/1203/1203
f 1204/1204/1204 1199/1199/1199 1198/1198/1198
f 1205/1205/1205 1199/1199/1199 1204/1204/1204
f 1205/1205/1205 1200/1200/1200 1199/1199/1199
f 1206/1206/1206 1200/1200/1200 1205/1205/1205
f 1206/1206/1206 1201/1201/1201 1200/1200/1200
f 1208/1208/1208 1202/1202/1202 1207/1207/1207
f 1208/1208/1208 1203/1203/1203 1202/1202/1202
f 1209/1209/1209 1203/1203/1203 1208/1208/1208
f 1209/1209/1209 1204/1204/1204 1203/1203/1203
f 1210/1210/1210 1204/1204/1204 1209/1209/1209
f 1210/1210/1210 1205/1205/1205 1204/1204/1204
f 1211/1211/1211 1205/1205/1205 1210/1210/1210
f 1211/1211/1211 1206/1206/1206 1205/1205/1205
f 1213/1213/1213 1207/1207/1207 1212/1212/1212
f 1213/1213/1213 1208/1208/1208 1207/1207/1207
f 1214/1214/1214 1208/1208/1208 1213/1213/1213
f 1214/1214/1214 1209/1209/1209 1208/1208/1208
f 1215/1215/1215 1209/1209/1209 1214/1214/1214
f 1215/1215/1215 1210/1210/1210 1209/1209/1209
f 1216/1216/1216 1210/1210/1210 1215/1215/1215
f 1216/1216/1216 1211/1211/1211 1210/1210/1210
f 1218/1218/1218 1212/1212/1212 1217/1217/1217
f 1218/1218/1218 1213/1213/1213 1212/1212/1212
f 1219/1219/1219 1213/1213/1213 1218/1218/1218
f 1219/1219/1219 1214/1214/1214 1213/1213/1213
f 1220/1220/1220 1214/1214/1214 1219/1219/1219
f 1220/1220/1220 1215/1215/1215 1214/1214/1214
f 1221/1221/1221 1215/1215/1215 1220/1220/1220
f 1221/1221/1221 1216/1216/1216 1215/1215/1215
f 1228/1228/1228 1222/1222/1222 1227/1227/1227
f 1228/1228/1228 1223/1223/1223 1222/1222/1222
f 1229/1229/1229 1223/1223/1223 1228/1228/1228
f 1229/1229/1229 1224/1224/1224 1223/1223/1223
f 1230/1230/1230 1224/1224/1224 1229/1229/1229
f 1230/1230/1230 1225/1225/1225 1224/1224/1224
f 1231/1231/1231 1225/1225/1225 1230/1230/1230
f 1231/1231/1231 1226/1226/1226 1225/1225/1225
f 1233/1233/1233 1227/1227/1227 1232/1232/1232
f 1233/1233/1233 1228/1228/1228 1227/1227/1227
f 1234/1234/1234 1228/1228/1228 1233/1233/1233
f 1234/1234/1234 1229/1229/1229 1228/1228/1228
f 1235/1235/1235 1229/1229/1229 1234/1234/1234
f 1235/1235/1235 1230/1230/1230 1229/1229/1229
f 1236/1236/1236 1230/1230/1230 1235/1235/1235
f 1236/1236/1236 1231/1231/1231 1230/1230/1230
f 1238/1238/1238 1232/1232/1232 1237/1237/1237
f 1238/1238/1238 1233/1233/1233 1232/1232/1232
f 1239/1239/1239 1233/1233/1233 1238/1238/1238
f 1239/1239/1239 1234/1234/1234 1233/1233/1233
f 1240/1240/1240 1234/1234/1234 1239/1239/1239
f 1240/1240/1240 1235/1235/1235 1234/1234/1234
f 1241/1241/1241 1235/1235/1235 1240/1240/1240
f 1241/1241/1241 1236/1236/1236 1235/1235/1235
f 1243/1243/1243 1237/1237/1237 1242/1242/1242
f 1243/1243/1243 1238/1238/1238 1237/1237/1237
f 1244/1244/1244 1238/1238/1238 1243/1243/1243
f 1244/1244/1244 1239/1239/1239 1238/1238/1238
f 1245/1245/1245 1239/1239/1239 1244/1244/1244
f 1245/1245/1245 1240/1240/1240 1239/1239/1239
f 1246/1246/1246 1240/1240/1240 1245/1245/1245
f 1246/1246/1246 1241/1241/1241 1240/1240/1240
f 1248/1248/1248 1242/1242/1242 1247/1247/1247
f 1248/1248/1248 1243/1243/1243 1242/1242/1242
f 1249/1249/1249 1243/1243/1243 1248/1248/1248
f 1249/1249/1249 1244/1244/1244 1243/1243/1243
f 1250/1250/1250 1244/1244/1244 1249/1249/1249
f 1250/1250/1250 1245/1245/1245 1244/1244/1244
f 1251/1251/1251 1245/1245/1245 1250/1250/1250
f 1251/1251/1251 1246/1246/1246 1245/1245/1245
f 1253/1253/1253 1247/1247/1247 1252/1252/1252
f 1253/1253/1253 1248/1248/1248 1247/1247/1247
f 1254/1254/1254 1248/1248/1248 1253/1253/1253
f 1254/1254/1254 1249/1249/1249 1248/1248/1248
f 1255/1255/1255 1249/1249/1249 1254/1254/1254
f 1255/1255/1255 1250/1250/1250 1249/1249/1249
f 1256/1256/1256 1250/1250/1250 1255/1255/1255
f 1256/1256/1256 1251/1251/1251 1250/1250/1250
f 1263/1263/1263 1257/1257/1257 1262/1262/1262
f 1263/1263/1263 1258/1258/1258 1257/1257/1257
f 1264/1264/1264 1258/1258/1258 1263/1263/1263
f 1264/1264/1264 1259/1259/1259 1258/1258/1258
f 1265/1265/1265 1259/1259/1259 1264/1264/1264
f 1265/1265/1265 1260/1260/1260 1259/1259/1259
f 1266/1266/1266 1260/1260/1260 1265/1265/1265
f 1266/1266/1266 1261/1261/1261 1260/1260/1260
f 1268/1268/1268 1262/1262/1262 1267/1267/1267
f 1268/1268/1268 1263/1263/1263 1262/1262/1262
f 1269/1269/1269 1263/1263/1263 1268/1268/1268
f 1269/1269/1269 1264/1264/1264 1263/1263/1263
f 1270/1270/1270 1264/1264/1264 1269/1269/1269
f 1270/1270/1270 1265/1265/1265 1264/1264/1264
f 1271/1271/1271 1265/1265/1265 1270/1270/1270
f 1271/1271/1271 1266/1266/1266 1265/1265/1265
f 1273/1273/1273 1267/1267/1267 1272/1272/1272
f 1273/1273/1273 1268/1268/1268 1267/1267/1267
f 1274/1274/1274 1268/1268/1268 1273/1273/1273
f 1274/1274/1274 1269/1269/1269 1268/1268/1268
f 1275/1275/1275 1269/1269/1269 1274/1274/1274
f 1275/1275/1275 1270/1270/1270 1269/1269/1269
f 1276/1276/1276 1270/1270/1270 1275/1275/1275
f 1276/1276/1276 1271/1271/1271 1270/1270/1270
f 1278/1278/1278 1272/1272/1272 1277/1277/1277
f 1278/1278/1278 1273/1273/1273 1272/1272/1272
f 1279/1279/1279 1273/1273/1273 1278/1278/1278
f 1279/1279/1279 1274/1274/1274 1273/1273/1273
f 1280/1280/1280 1274/1274/1274 1279/1279/1279
f 1280/1280/1280 1275/1275/1275 1274/1274/1274
f 1281/1281/1281 1275/1275/1275 1280/1280/1280
f 1281/1281/1281 1276/1276/1276 1275/1275/1275
f 1283/1283/1283 1277/1277/1277 1282/1282/1282
f 1283/1283/1283 1278/1278/1278 1277/1277/1277
f 1284/1284/1284 1278/1278/1278 1283/1283/1283
f 1284/1284/1284 1279/1279/1279 1278/1278/1278
f 1285/1285/1285 1279/1279/1279 1284/1284/1284
f 1285/1285/1285 1280/1280/1280 1279/1279/1279
f 1286/1286/1286 1280/1280/1280 1285/1285/1285
f 1286/1286/1286 1281/1281/1281 1280/1280/1280
f 1293/1293/1293 1287/1287/1287 1292/1292/1292
f 1293/1293/1293 1288/1288/1288 1287/1287/1287
f 1294/1294/1294 1288/1288/1288 1293/1293/1293
f 1294/1294/1294 1289/1289/1289 1288/1288/1288
f 1295/1295/1295 1289/1289/1289 1294/1294/1294
f 1295/1295/1295 1290/1290/1290 1289/1289/1289
f 1296/1296/1296 1290/1290/1290 1295/1295/1295
f 1296/1296/1296 1291/1291/1291 1290/1290/1290
f 1298/1298/1298 1292/1292/1292 1297/1297/1297
f 1298/1298/1298 1293/1293/1293 1292/1292/1292
f 1299/1299/1299 1293/1293/1293 1298/1298/1298
f 1299/1299/1299 1294/1294/1294 1293/1293/1293
f 1300/1300/1300 1294/1294/1294 1299/1299/1299
f 1300/1300/1300 1295/1295/1295 1294/1294/1294
f 1301/1301/1301 1295/1295/1295 1300/1300/1300
f 1301/1301/1301 1296/1296/1296 1295/1295/1295
f 1303/1303/1303 1297/1297/1297 1302/1302/1302
f 1303/1303/1303 1298/1298/1298 1297/1297/1297
f 1304/1304/1304 1298/1298/1298 1303/1303/1303
f 1304/1304/1304 1299/1299/1299 1298/1298/1298
f 1305/1305/1305 1299/1299/1299 1304/1304/1304
f 1305/1305/1305 1300/1300/1300 1299/1299/1299
f 1306/1306/1306 1300/1300/1300 1305/1305/1305
f 1306/1306/1306 1301/1301/1301 1300/1300/1300
f 1308/1308/1308 1302/1302/1302 1307/1307/1307
f 1308/1308/1308 1303/1303/1303 1302/1302/1302
f 1309/1309/1309 1303/1303/1303 1308/1308/1308
f 1309/1309/1309 1304/1304/1304 1303/1303/1303
f 1310/1310/1310 1304/1304/1304 1309/1309/1309
f 1310/1310/1310 1305/1305/1305 1304/1304/1304
f 1311/1311/1311 1305/1305/1305 1310/1310/1310
f 1311/1311/1311 1306/1306/1306 1305/1305/1305
f 1313/1313/1313 1307/1307/1307 1312/1312/1312
f 1313/1313/1313 1308/1308/1308 1307/1307/1307
f 1314/1314/1314 1308/1308/1308 1313/1313/1313
f 1314/1314/1314 1309/1309/1309 1308/1308/1308
f 1315/1315/1315 1309/1309/1309 1314/1314/1314
f 1315/1315/1315 1310/1310/1310 1309/1309/1309
f 1316/1316/1316 1310/1310/1310 1315/1315/1315
f 1316/1316/1316 1311/1311/1311 1310/1310/1310
f 1323/1323/1323 1317/1317/1317 1322/1322/1322
f 1323/1323/1323 1318/1318/1318 1317/1317/1317
f 1324/1324/1324 1318/1318/1318 1323/1323/1323
f 1324/1324/1324 1319/1319/1319 1318/1318/1318
f 1325/1325/1325 1319/1319/1319 1324/1324/1324
f 1325/1325/1325 1320/1320/1320 1319/1319/1319
f 1326/1326/1326 1320/1320/1320 1325/1325/1325
f 1326/1326/1326 1321/1321/1321 1320/1320/1320
f 1328/1328/1328 1322/1322/1322 1327/1327/1327
f 1328/1328/1328 1323/1323/1323 1322/1322/1322
f 1329/1329/1329 1323/1323/1323 1328/1328/1328
f 1329/1329/1329 1324/1324/1324 1323/1323/1323
f 1330/1330/1330 1324/1324/1324 1329/1329/1329
f 1330/1330/1330 1325/1325/1325 1324/1324/1324
f 1331/1331/1331 1325/1325/1325 1330/1330/1330
f 1331/1331/1331 1326/1326/1326 1325/1325/1325
f 1333/1333/1333 1327/1327/1327 1332/1332/1332
f 1333/1333/1333 1328/1328/1328 1327/1327/1327
f 1334/1334/1334 1328/1328/1328 1333/1333/1333
f 1334/1334/1334 1329/1329/1329 1328/1328/1328
f 1335/1335/1335 1329/1329/1329 1334/1334/1334
f 1335/1335/1335 1330/1330/1330 1329/1329/1329
f 1336/1336/1336 1330/1330/1330 1335/1335/1335
f 1336/1336/1336 1331/1331/1331 1330/1330/1330
f 1338/1338/1338 1332/1332/1332 1337/1337/1337
f 1338/1338/1338 1333/1333/1333 1332/1332/1332
f 1339/1339/1339 1333/1333/1333 1338/1338/1338
f 1339/1339/1339 1334/1334/1334 1333/1333/1333
f 1340/1340/1340 1334/1334/1334 1339/1339/1339
f 1340/1340/1340 1335/1335/1335 1334/1334/1334
f 1341/1341/1341 1335/1335/1335 1340/1340/1340
f 1341/1341/1341 1336/1336/1336 1335/1335/1335
f 1348/1348/1348 1342/1342/1342 1347/1347/1347
f 1348/1348/1348 1343/1343/1343 1342/1342/1342
f 1349/1349/1349 1343/1343/1343 1348/1348/1348
f 1349/1349/1349 1344/1344/1344 1343/1343/1343
f 1350/1350/1350 1344/1344/1344 1349/1349/1349
f 1350/1350/1350 1345/1345/1345 1344/1344/1344
f 1351/1351/1351 1345/1345/1345 1350/1350/1350
f 1351/1351/1351 1346/1346/1346 1345/1345/1345
f 1353/1353/1353 1347/1347/1347 1352/1352/1352
f 1353/1353/1353 1348/1348/1348 1347/1347/1347
f 1354/1354/1354 1348/1348/1348 1353/1353/1353
f 1354/1354/1354 1349/1349/1349 1348/1348/1348
f 1355/1355/1355 1349/1349/1349 1354/1354/1354
f 1355/1355/1355 1350/1350/1350 1349/1349/1349
f 1356/1356/1356 1350/1350/1350 1355/1355/1355
f 1356/1356/1356 1351/1351/1351 1350/1350/1350
f 1358/1358/1358 1352/1352/1352 1357/1357/1357
f 1358/1358/1358 1353/1353/1353 1352/1352/1352
f 1359/1359/1359 1353/1353/1353 1358/1358/1358
f 1359/1359/1359 1354/1354/1354 1353/1353/1353
f 1360/1360/1360 1354/1354/1354 1359/1359/1359
f 1360/1360/1360 1355/1355/1355 1354/1354/1354
f 1361/1361/1361 1355/1355/1355 1360/1360/1360
f 1361/1361/1361 1356/1356/1356 1355/1355/1355
f 1363/1363/1363 1357/1357/1357 1362/1362/1362
f 1363/1363/1363 1358/1358/1358 1357/1357/1357
f 1364/1364/1364 1358/1358/1358 1363/1363/1363
f 1364/1364/1364 1359/1359/1359 1358/1358/1358
f 1365/1365/1365 1359/1359/1359 1364/1364/1364
f 1365/1365/1365 1360/1360/1360 1359/1359/1359
f 1366/1366/1366 1360/1360/1360 1365/1365/1365
f 1366/1366/1366 1361/1361/1361 1360/1360/1360
g Leaves
usemtl Leaves
f 1369/1369/1369 1368/1368/1368 1367/1367/1367
f 1370/1370/1370 1369/1369/1369 1367/1367/1367
f 1372/1372/1372 1373/1373/1373 1371/1371/1371
f 1373/1373/1373 1374/1374/1374 1371/1371/1371
f 1377/1377/1377 1376/1376/1376 1375/1375/1375
f 1378/1378/1378 1377/1377/1377 1375/1375/1375
f 1380/1380/1380 1381/1381/1381 1379/1379/1379
f 1381/1381/1381 1382/1382/1382 1379/1379/1379
f 1385/1385/1385 1384/1384/1384 1383/1383/1383
f 1386/1386/1386 1385/1385/1385 1383/1383/1383
f 1388/1388/1388 1389/1389/1389 1387/1387/1387
f 1389/1389/1389 1390/1390/1390 1387/1387/1387
f 1393/1393/1393 1392/1392/1392 1391/1391/1391
f 1394/1394/1394 1393/1393/1393 1391/1391/1391
f 1396/1396/1396 1397/1397/1397 1395/1395/1395
f 1397/1397/1397 1398/1398/1398 1395/1395/1395
f 1401/1401/1401 1400/1400/1400 1399/1399/1399
f 1402/1402/1402 1401/1401/1401 1399/1399/1399
f 1404/1404/1404 1405/1405/1405 1403/1403/1403
f 1405/1405/1405 1406/1406/1406 1403/1403/1403
f 1409/1409/1409 1408/1408/1408 1407/1407/1407
f 1410/1410/1410 1409/1409/1409 1407/1407/1407
f 1412/1412/1412 1413/1413/1413 1411/1411/1411
f 1413/1413/1413 1414/1414/1414 1411/1411/1411
f 1417/1417/1417 1416/1416/1416 1415/1415/1415
f 1418/1418/1418 1417/1417/1417 1415/1415/1415
f 1420/1420/1420 1421/1421/1421 1419/1419/1419
f 1421/1421/1421 1422/1422/1422 1419/1419/1419
f 1425/1425/1425 1424/1424/1424 1423/1423/1423
f 1426/1426/1426 1425/1425/1425 1423/1423/1423
f 1428/1428/1428 1429/1429/1429 1427/1427/1427
f 1429/1429/1429 1430/1430/1430 1427/1427/1427
f 1433/1433/1433 1432/1432/1432 1431/1431/1431
f 1434/1434/1434 1433/1433/1433 1431/1431/1431
f 1436/1436/1436 1437/1437/1437 1435/1435/1435
f 1437/1437/1437 1438/1438/1438 1435/1435/1435
f 1441/1441/1441 1440/1440/1440 1439/1439/1439
f 1442/1442/1442 1441/1441/1441 1439/1439/1439
f 1444/1444/1444 1445/1445/1445 1443/1443/1443
f 1445/1445/1445 1446/1446/1446 1443/1443/1443
f 1449/1449/1449 1448/1448/1448 1447/1447/1447
f 1450/1450/1450 1449/1449/1449 1447/1447/1447
f 1452/1452/1452 1453/1453/1453 1451/1451/1451
f 1453/1453/1453 1454/1454/1454 1451/1451/1451
f 1457/1457/1457 1456/1456/1456 1455/1455/1455
f 1458/1458/1458 1457/1457/1457 1455/1455/1455
f 1460/1460/1460 1461/1461/1461 1459/1459/1459
f 1461/1461/1461 1462/1462/1462 1459/1459/1459
f 1465/1465/1465 1464/1464/1464 1463/1463/1463
f 1466/1466/1466 1465/1465/1465 1463/1463/1463
f 1468/1468/1468 1469/1469/1469 1467/1467/1467
f 1469/1469/1469 1470/1470/1470 1467/1467/1467
f 1473/1473/1473 1472/1472/1472 1471/1471/1471
f 1474/1474/1474 1473/1473/1473 1471/1471/1471
f 1476/1476/1476 1477/1477/1477 1475/1475/1475
f 1477/1477/1477 1478/1478/1478 1475/1475/1475
f 1481/1481/1481 1480/1480/1480 1479/1479/1479
f 1482/1482/1482 1481/1481/1481 1479/1479/1479
f 1484/1484/1484 1485/1485/1485 1483/1483/1483
f 1485/1485/1485 1486/1486/1486 1483/1483/1483
f 1489/1489/1489 1488/1488/1488 1487/1487/1487
f 1490/1490/1490 1489/1489/1489 1487/1487/1487
f 1492/1492/1492 1493/1493/1493 1491/1491/1491
f 1493/1493/1493 1494/1494/1494 1491/1491/1491
f 1497/1497/1497 1496/1496/1496 1495/1495/1495
f 1498/1498/1498 1497/1497/1497 1495/1495/1495
f 1500/1500/1500 1501/1501/1501 1499/1499/1499
f 1501/1501/1501 1502/1502/1502 1499/1499/1499
f 1505/1505/1505 1504/1504/1504 1503/1503/1503
f 1506/1506/1506 1505/1505/1505 1503/1503/1503
f 1508/1508/1508 1509/1509/1509 1507/1507/1507
f 1509/1509/1509 1510/1510/1510 1507/1507/1507
f 1513/1513/1513 1512/1512/1512 1511/1511/1511
f 1514/1514/1514 1513/1513/1513 1511/1511/1511
f 1516/1516/1516 1517/1517/1517 1515/1515/1515
f 1517/1517/1517 1518/1518/1518 1515/1515/1515
f 1521/1521/1521 1520/1520/1520 1519/1519/1519
f 1522/1522/1522 1521/1521/1521 1519/1519/1519
f 1524/1524/1524 1525/1525/1525 1523/1523/1523
f 1525/1525/1525 1526/1526/1526 1523/1523/1523
f 1529/1529/1529 1528/1528/1528 1527/1527/1527
f 1530/1530/1530 1529/1529/1529 1527/1527/1527
f 1532/1532/1532 1533/1533/1533 1531/1531/1531
f 1533/1533/1533 1534/1534/1534 1531/1531/1531
f 1537/1537/1537 1536/1536/1536 1535/1535/1535
f 1538/1538/1538 1537/1537/1537 1535/1535/1535
f 1540/1540/1540 1541/1541/1541 1539/1539/1539
f 1541/1541/1541 1542/1542/1542 1539/1539/1539
f 1545/1545/1545 1544/1544/1544 1543/1543/1543
f 1546/1546/1546 1545/1545/1545 1543/1543/1543
f 1548/1548/1548 1549/1549/1549 1547/1547/1547
f 1549/1549/1549 1550/1550/1550 1547/1547/1547
f 1553/1553/1553 1552/1552/1552 1551/1551/1551
f 1554/1554/1554 1553/1553/1553 1551/1551/1551
f 1556/1556/1556 1557/1557/1557 1555/1555/1555
f 1557/1557/1557 1558/1558/1558 1555/1555/1555
f 1561/1561/1561 1560/1560/1560 1559/1559/1559
f 1562/1562/1562 1561/1561/1561 1559/1559/1559
f 1564/1564/1564 1565/1565/1565 1563/1563/1563
f 1565/1565/1565 1566/1566/1566 1563/1563/1563
f 1569/1569/1569 1568/1568/1568 1567/1567/1567
f 1570/1570/1570 1569/1569/1569 1567/1567/1567
f 1572/1572/1572 1573/1573/1573 1571/1571/1571
f 1573/1573/1573 1574/1574/1574 1571/1571/1571
f 1577/1577/1577 1576/1576/1576 1575/1575/1575
f 1578/1578/1578 1577/1577/1577 1575/1575/1575
f 1580/1580/1580 1581/1581/1581 1579/1579/1579
f 1581/1581/1581 1582/1582/1582 1579/1579/1579
f 1585/1585/1585 1584/1584/1584 1583/1583/1583
f 1586/1586/1586 1585/1585/1585 1583/1583/1583
f 1588/1588/1588 1589/1589/1589 1587/1587/1587
f 1589/1589/1589 1590/1590/1590 1587/1587/1587
f 1593/1593/1593 1592/1592/1592 1591/1591/1591
f 1594/1594/1594 1593/1593/1593 1591/1591/1591
f 1596/1596/1596 1597/1597/1597 1595/1595/1595
f 1597/1597/1597 1598/1598/1598 1595/1595/1595
f 1601/1601/1601 1600/1600/1600 1599/1599/1599
f 1602/1602/1602 1601/1601/1601 1599/1599/1599
f 1604/1604/1604 1605/1605/1605 1603/1603/1603
f 1605/1605/1605 1606/1606/1606 1603/1603/1603
f 1609/1609/1609 1608/1608/1608 1607/1607/1607
f 1610/1610/1610 1609/1609/1609 1607/1607/1607
f 1612/1612/1612 1613/1613/1613 1611/1611/1611
f 1613/1613/1613 1614/1614/1614 1611/1611/1611
f 1617/1617/1617 1616/1616/1616 1615/1615/1615
f 1618/1618/1618 1617/1617/1617 1615/1615/1615
f 1620/1620/1620 1621/1621/1621 1619/1619/1619
f 1621/1621/1621 1622/1622/1622 1619/1619/1619
f 1625/1625/1625 1624/1624/1624 1623/1623/1623
f 1626/1626/1626 1625/1625/1625 1623/1623/1623
f 1628/1628/1628 1629/1629/1629 1627/1627/1627
f 1629/1629/1629 1630/1630/1630 1627/1627/1627
f 1633/1633/1633 1632/1632/1632 1631/1631/1631
f 1634/1634/1634 1633/1633/1633 1631/1631/1631
f 1636/1636/1636 1637/1637/1637 1635/1635/1635
f 1637/1637/1637 1638/1638/1638 1635/1635/1635
f 1641/1641/1641 1640/1640/1640 1639/1639/1639
f 1642/1642/1642 1641/1641/1641 1639/1639/1639
f 1644/1644/1644 1645/1645/1645 1643/1643/1643
f 1645/1645/1645 1646/1646/1646 1643/1643/1643
f 1649/1649/1649 1648/1648/1648 1647/1647/1647
f 1650/1650/1650 1649/1649/1649 1647/1647/1647
f 1652/1652/1652 1653/1653/1653 1651/1651/1651
f 1653/1653/1653 1654/1654/1654 1651/1651/1651
f 1657/1657/1657 1656/1656/1656 1655/1655/1655
f 1658/1658/1658 1657/1657/1657 1655/1655/1655
f 1660/1660/1660 1661/1661/1661 1659/1659/1659
f 1661/1661/1661 1662/1662/1662 1659/1659/1659
f 1665/1665/1665 1664/1664/1664 1663/1663/1663
f 1666/1666/1666 1665/1665/1665 1663/1663/1663
f 1668/1668/1668 1669/1669/1669 1667/1667/1667
f 1669/1669/1669 1670/1670/1670 1667/1667/1667
f 1673/1673/1673 1672/1672/1672 1671/1671/1671
f 1674/1674/1674 1673/1673/1673 1671/1671/1671
f 1676/1676/1676 1677/1677/1677 1675/1675/1675
f 1677/1677/1677 1678/1678/1678 1675/1675/1675
f 1681/1681/1681 1680/1680/1680 1679/1679/1679
f 1682/1682/1682 1681/1681/1681 1679/1679/1679
f 1684/1684/1684 1685/1685/1685 1683/1683/1683
f 1685/1685/1685 1686/1686/1686 1683/1683/1683
f 1689/1689/1689 1688/1688/1688 1687/1687/1687
f 1690/1690/1690 1689/1689/1689 1687/1687/1687
f 1692/1692/1692 1693/1693/1693 1691/1691/1691
f 1693/1693/1693 1694/1694/1694 1691/1691/1691
f 1697/1697/1697 1696/1696/1696 1695/1695/1695
f 1698/1698/1698 1697/1697/1697 1695/1695/1695
f 1700/1700/1700 1701/1701/1701 1699/1699/1699
f 1701/1701/1701 1702/1702/1702 1699/1699/1699
f 1705/1705/1705 1704/1704/1704 1703/1703/1703
f 1706/1706/1706 1705/1705/1705 1703/1703/1703
f 1708/1708/1708 1709/1709/1709 1707/1707/1707
f 1709/1709/1709 1710/1710/1710 1707/1707/1707
f 1713/1713/1713 1712/1712/1712 1711/1711/1711
f 1714/1714/1714 1713/1713/1713 1711/1711/1711
f 1716/1716/1716 1717/1717/1717 1715/1715/1715
f 1717/1717/1717 1718/1718/1718 1715/1715/1715
f 1721/1721/1721 1720/1720/1720 1719/1719/1719
f 1722/1722/1722 1721/1721/1721 1719/1719/1719
f 1724/1724/1724 1725/1725/1725 1723/1723/1723
f 1725/1725/1725 1726/1726/1726 1723/1723/1723
f 1729/1729/1729 1728/1728/1728 1727/1727/1727
f 1730/1730/1730 1729/1729/1729 1727/1727/1727
f 1732/1732/1732 1733/1733/1733 1731/1731/1731
f 1733/1733/1733 1734/1734/1734 1731/1731/1731
f 1737/1737/1737 1736/1736/1736 1735/1735/1735
f 1738/1738/1738 1737/1737/1737 1735/1735/1735
f 1740/1740/1740 1741/1741/1741 1739/1739/1739
f 1741/1741/1741 1742/1742/1742 1739/1739/1739
f 1745/1745/1745 1744/1744/1744 1743/1743/1743
f 1746/1746/1746 1745/1745/1745 1743/1743/1743
f 1748/1748/1748 1749/1749/1749 1747/1747/1747
f 1749/1749/1749 1750/1750/1750 1747/1747/1747
f 1753/1753/1753 1752/1752/1752 1751/1751/1751
f 1754/1754/1754 1753/1753/1753 1751/1751/1751
f 1756/1756/1756 1757/1757/1757 1755/1755/1755
f 1757/1757/1757 1758/1758/1758 1755/1755/1755
f 1761/1761/1761 1760/1760/1760 1759/1759/1759
f 1762/1762/1762 1761/1761/1761 1759/1759/1759
f 1764/1764/1764 1765/1765/1765 1763/1763/1763
f 1765/1765/1765 1766/1766/1766 1763/1763/1763
f 1769/1769/1769 1768/1768/1768 1767/1767/1767
f 1770/1770/1770 1769/1769/1769 1767/1767/1767
f 1772/1772/1772 1773/1773/1773 1771/1771/1771
f 1773/1773/1773 1774/1774/1774 1771/1771/1771
f 1777/1777/1777 1776/1776/1776 1775/1775/1775
f 1778/1778/1778 1777/1777/1777 1775/1775/1775
f 1780/1780/1780 1781/1781/1781 1779/1779/1779
f 1781/1781/1781 1782/1782/1782 1779/1779/1779
f 1785/1785/1785 1784/1784/1784 1783/1783/1783
f 1786/1786/1786 1785/1785/1785 1783/1783/1783
f 1788/1788/1788 1789/1789/1789 1787/1787/1787
f 1789/1789/1789 1790/1790/1790 1787/1787/1787
f 1793/1793/1793 1792/1792/1792 1791/1791/1791
f 1794/1794/1794 1793/1793/1793 1791/1791/1791
f 1796/1796/1796 1797/1797/1797 1795/1795/1795
f 1797/1797/1797 1798/1798/1798 1795/1795/1795
f 1801/1801/1801 1800/1800/1800 1799/1799/1799
f 1802/1802/1802 1801/1801/1801 1799/1799/1799
f 1804/1804/1804 1805/1805/1805 1803/1803/1803
f 1805/1805/1805 1806/1806/1806 1803/1803/1803
f 1809/1809/1809 1808/1808/1808 1807/1807/1807
f 1810/1810/1810 1809/1809/1809 1807/1807/1807
f 1812/1812/1812 1813/1813/1813 1811/1811/1811
f 1813/1813/1813 1814/1814/1814 1811/1811/1811
f 1817/1817/1817 1816/1816/1816 1815/1815/1815
f 1818/1818/1818 1817/1817/1817 1815/1815/1815
f 1820/1820/1820 1821/1821/1821 1819/1819/1819
f 1821/1821/1821 1822/1822/1822 1819/1819/1819
f 1825/1825/1825 1824/1824/1824 1823/1823/1823
f 1826/1826/1826 1825/1825/1825 1823/1823/1823
f 1828/1828/1828 1829/1829/1829 1827/1827/1827
f 1829/1829/1829 1830/1830/1830 1827/1827/1827
f 1833/1833/1833 1832/1832/1832 1831/1831/1831
f 1834/1834/1834 1833/1833/1833 1831/1831/1831
f 1836/1836/1836 1837/1837/1837 1835/1835/1835
f 1837/1837/1837 1838/1838/1838 1835/1835/1835
f 1841/1841/1841 1840/1840/1840 1839/1839/1839
f 1842/1842/1842 1841/1841/1841 1839/1839/1839
f 1844/1844/1844 1845/1845/1845 1843/1843/1843
f 1845/1845/1845 1846/1846/1846 1843/1843/1843
f 1849/1849/1849 1848/1848/1848 1847/1847/1847
f 1850/1850/1850 1849/1849/1849 1847/1847/1847
f 1852/1852/1852 1853/1853/1853 1851/1851/1851
f 1853/1853/1853 1854/1854/1854 1851/1851/1851
f 1857/1857/1857 1856/1856/1856 1855/1855/1855
f 1858/1858/1858 1857/1857/1857 1855/1855/1855
f 1860/1860/1860 1861/1861/1861 1859/1859/1859
f 1861/1861/1861 1862/1862/1862 1859/1859/1859
f 1865/1865/1865 1864/1864/1864 1863/1863/1863
f 1866/1866/1866 1865/1865/1865 1863/1863/1863
f 1868/1868/1868 1869/1869/1869 1867/1867/1867
f 1869/1869/1869 1870/1870/1870 1867/1867/1867
f 1873/1873/1873 1872/1872/1872 1871/1871/1871
f 1874/1874/1874 1873/1873/1873 1871/1871/1871
f 1876/1876/1876 1877/1877/1877 1875/1875/1875
f 1877/1877/1877 1878/1878/1878 1875/1875/1875
f 1881/1881/1881 1880/1880/1880 1879/1879/1879
f 1882/1882/1882 1881/1881/1881 1879/1879/1879
f 1884/1884/1884 1885/1885/1885 1883/1883/1883
f 1885/1885/1885 1886/1886/1886 1883/1883/1883
f 1889/1889/1889 1888/1888/1888 1887/1887/1887
f 1890/1890/1890 1889/1889/1889 1887/1887/1887
f 1892/1892/1892 1893/1893/1893 1891/1891/1891
f 1893/1893/1893 1894/1894/1894 1891/1891/1891
f 1897/1897/1897 1896/1896/1896 1895/1895/1895
f 1898/1898/1898 1897/1897/1897 1895/1895/1895
f 1900/1900/1900 1901/1901/1901 1899/1899/1899
f 1901/1901/1901 1902/1902/1902 1899/1899/1899
f 1905/1905/1905 1904/1904/1904 1903/1903/1903
f 1906/1906/1906 1905/1905/1905 1903/1903/1903
f 1908/1908/1908 1909/1909/1909 1907/1907/1907
f 1909/1909/1909 1910/1910/1910 1907/1907/1907
f 1913/1913/1913 1912/1912/1912 1911/1911/1911
f 1914/1914/1914 1913/1913/1913 1911/1911/1911
f 1916/1916/1916 1917/1917/1917 1915/1915/1915
f 1917/1917/1917 1918/1918/1918 1915/1915/1915
f 1921/1921/1921 1920/1920/1920 1919/1919/1919
f 1922/1922/1922 1921/1921/1921 1919/1919/1919
f 1924/1924/1924 1925/1925/1925 1923/1923/1923
f 1925/1925/1925 1926/1926/1926 1923/1923/1923
f 1929/1929/1929 1928/1928/1928 1927/1927/1927
f 1930/1930/1930 1929/1929/1929 1927/1927/1927
f 1932/1932/1932 1933/1933/1933 1931/1931/1931
f 1933/1933/1933 1934/1934/1934 1931/1931/1931
f 1937/1937/1937 1936/1936/1936 1935/1935/1935
f 1938/1938/1938 1937/1937/1937 1935/1935/1935
f 1940/1940/1940 1941/1941/1941 1939/1939/1939
f 1941/1941/1941 1942/1942/1942 1939/1939/1939
f 1945/1945/1945 1944/1944/1944 1943/1943/1943
f 1946/1946/1946 1945/1945/1945 1943/1943/1943
f 1948/1948/1948 1949/1949/1949 1947/1947/1947
f 1949/1949/1949 1950/1950/1950 1947/1947/1947
f 1953/1953/1953 1952/1952/1952 1951/1951/1951
f 1954/1954/1954 1953/1953/1953 1951/1951/1951
f 1956/1956/1956 1957/1957/1957 1955/1955/1955
f 1957/1957/1957 1958/1958/1958 1955/1955/1955
f 1961/1961/1961 1960/1960/1960 1959/1959/1959
f 1962/1962/1962 1961/1961/1961 1959/1959/1959
f 1964/1964/1964 1965/1965/1965 1963/1963/1963
f 1965/1965/1965 1966/1966/1966 1963/1963/1963
f 1969/1969/1969 1968/1968/1968 1967/1967/1967
f 1970/1970/1970 1969/1969/1969 1967/1967/1967
f 1972/1972/1972 1973/1973/1973 1971/1971/1971
f 1973/1973/1973 1974/1974/1974 1971/1971/1971
f 1977/1977/1977 1976/1976/1976 1975/1975/1975
f 1978/1978/1978 1977/1977/1977 1975/1975/1975
f 1980/1980/1980 1981/1981/1981 1979/1979/1979
f 1981/1981/1981 1982/1982/1982 1979/1979/1979
f 1985/1985/1985 1984/1984/1984 1983/1983/1983
f 1986/1986/1986 1985/1985/1985 1983/1983/1983
f 1988/1988/1988 1989/1989/1989 1987/1987/1987
f 1989/1989/1989 1990/1990/1990 1987/1987/1987
f 1993/1993/1993 1992/1992/1992 1991/1991/1991
f 1994/1994/1994 1993/1993/1993 1991/1991/1991
f 1996/1996/1996 1997/1997/1997 1995/1995/1995
f 1997/1997/1997 1998/1998/1998 1995/1995/1995
f 2001/2001/2001 2000/2000/2000 1999/1999/1999
f 2002/2002/2002 2001/2001/2001 1999/1999/1999
f 2004/2004/2004 2005/2005/2005 2003/2003/2003
f 2005/2005/2005 2006/2006/2006 2003/2003/2003
f 2009/2009/2009 2008/2008/2008 2007/2007/2007
f 2010/2010/2010 2009/2009/2009 2007/2007/2007
f 2012/2012/2012 2013/2013/2013 2011/2011/2011
f 2013/2013/2013 2014/2014/2014 2011/2011/2011
f 2017/2017/2017 2016/2016/2016 2015/2015/2015
f 2018/2018/2018 2017/2017/2017 2015/2015/2015
f 2020/2020/2020 2021/2021/2021 2019/2019/2019
f 2021/2021/2021 2022/2022/2022 2019/2019/2019
f 2025/2025/2025 2024/2024/2024 2023/2023/2023
f 2026/2026/2026 2025/2025/2025 2023/2023/2023
f 2028/2028/2028 2029/2029/2029 2027/2027/2027
f 2029/2029/2029 2030/2030/2030 2027/2027/2027
f 2033/2033/2033 2032/2032/2032 2031/2031/2031
f 2034/2034/2034 2033/2033/2033 2031/2031/2031
f 2036/2036/2036 2037/2037/2037 2035/2035/2035
f 2037/2037/2037 2038/2038/2038 2035/2035/2035
f 2041/2041/2041 2040/2040/2040 2039/2039/2039
f 2042/2042/2042 2041/2041/2041 2039/2039/2039
f 2044/2044/2044 2045/2045/2045 2043/2043/2043
f 2045/2045/2045 2046/2046/2046 2043/2043/2043
f 2049/2049/2049 2048/2048/2048 2047/2047/2047
f 2050/2050/2050 2049/2049/2049 2047/2047/2047
f 2052/2052/2052 2053/2053/2053 2051/2051/2051
f 2053/2053/2053 2054/2054/2054 2051/2051/2051
f 2057/2057/2057 2056/2056/2056 2055/2055/2055
f 2058/2058/2058 2057/2057/2057 2055/2055/2055
f 2060/2060/2060 2061/2061/2061 2059/2059/2059
f 2061/2061/2061 2062/2062/2062 2059/2059/2059
f 2065/2065/2065 2064/2064/2064 2063/2063/2063
f 2066/2066/2066 2065/2065/2065 2063/2063/2063
f 2068/2068/2068 2069/2069/2069 2067/2067/2067
f 2069/2069/2069 2070/2070/2070 2067/2067/2067
f 2073/2073/2073 2072/2072/2072 2071/2071/2071
f 2074/2074/2074 2073/2073/2073 2071/2071/2071
f 2076/2076/2076 2077/2077/2077 2075/2075/2075
f 2077/2077/2077 2078/2078/2078 2075/2075/2075
f 2081/2081/2081 2080/2080/2080 2079/2079/2079
f 2082/2082/2082 2081/2081/2081 2079/2079/2079
f 2084/2084/2084 2085/2085/2085 2083/2083/2083
f 2085/2085/2085 2086/2086/2086 2083/2083/2083
f 2089/2089/2089 2088/2088/2088 2087/2087/2087
f 2090/2090/2090 2089/2089/2089 2087/2087/2087
f 2092/2092/2092 2093/2093/2093 2091/2091/2091
f 2093/2093/2093 2094/2094/2094 2091/2091/2091
f 2097/2097/2097 2096/2096/2096 2095/2095/2095
f 2098/2098/2098 2097/2097/2097 2095/2095/2095
f 2100/2100/2100 2101/2101/2101 2099/2099/2099
f 2101/2101/2101 2102/2102/2102 2099/2099/2099
f 2105/2105/2105 2104/2104/2104 2103/2103/2103
f 2106/2106/2106 2105/2105/2105 2103/2103/2103
f 2108/2108/2108 2109/2109/2109 2107/2107/2107
f 2109/2109/2109 2110/2110/2110 2107/2107/2107
f 2113/2113/2113 2112/2112/2112 2111/2111/2111
f 2114/2114/2114 2113/2113/2113 2111/2111/2111
f 2116/2116/2116 2117/2117/2117 2115/2115/2115
f 2117/2117/2117 2118/2118/2118 2115/2115/2115
f 2121/2121/2121 2120/2120/2120 2119/2119/2119
f 2122/2122/2122 2121/2121/2121 2119/2119/2119
f 2124/2124/2124 2125/2125/2125 2123/2123/2123
f 2125/2125/2125 2126/2126/2126 2123/2123/2123
f 2129/2129/2129 2128/2128/2128 2127/2127/2127
f 2130/2130/2130 2129/2129/2129 2127/2127/2127
f 2132/2132/2132 2133/2133/2133 2131/2131/2131
f 2133/2133/2133 2134/2134/2134 2131/2131/2131
f 2137/2137/2137 2136/2136/2136 2135/2135/2135
f 2138/2138/2138 2137/2137/2137 2135/2135/2135
f 2140/2140/2140 2141/2141/2141 2139/2139/2139
f 2141/2141/2141 2142/2142/2142 2139/2139/2139
f 2145/2145/2145 2144/2144/2144 2143/2143/2143
f 2146/2146/2146 2145/2145/2145 2143/2143/2143
f 2148/2148/2148 2149/2149/2149 2147/2147/2147
f 2149/2149/2149 2150/2150/2150 2147/2147/2147
f 2153/2153/2153 2152/2152/2152 2151/2151/2151
f 2154/2154/2154 2153/2153/2153 2151/2151/2151
f 2156/2156/2156 2157/2157/2157 2155/2155/2155
f 2157/2157/2157 2158/2158/2158 2155/2155/2155
f 2161/2161/2161 2160/2160/2160 2159/2159/2159
f 2162/2162/2162 2161/2161/2161 2159/2159/2159
f 2164/2164/2164 2165/2165/2165 2163/2163/2163
f 2165/2165/2165 2166/2166/2166 2163/2163/2163
f 2169/2169/2169 2168/2168/2168 2167/2167/2167
f 2170/2170/2170 2169/2169/2169 2167/2167/2167
f 2172/2172/2172 2173/2173/2173 2171/2171/2171
f 2173/2173/2173 2174/2174/2174 2171/2171/2171
f 2177/2177/2177 2176/2176/2176 2175/2175/2175
f 2178/2178/2178 2177/2177/2177 2175/2175/2175
f 2180/2180/2180 2181/2181/2181 2179/2179/2179
f 2181/2181/2181 2182/2182/2182 2179/2179/2179
f 2185/2185/2185 2184/2184/2184 2183/2183/2183
f 2186/2186/2186 2185/2185/2185 2183/2183/2183
f 2188/2188/2188 2189/2189/2189 2187/2187/2187
f 2189/2189/2189 2190/2190/2190 2187/2187/2187
f 2193/2193/2193 2192/2192/2192 2191/2191/2191
f 2194/2194/2194 2193/2193/2193 2191/2191/2191
f 2196/2196/2196 2197/2197/2197 2195/2195/2195
f 2197/2197/2197 2198/2198/2198 2195/2195/2195
f 2201/2201/2201 2200/2200/2200 2199/2199/2199
f 2202/2202/2202 2201/2201/2201 2199/2199/2199
f 2204/2204/2204 2205/2205/2205 2203/2203/2203
f 2205/2205/2205 2206/2206/2206 2203/2203/2203
f 2209/2209/2209 2208/2208/2208 2207/2207/2207
f 2210/2210/2210 2209/2209/2209 2207/2207/2207
f 2212/2212/2212 2213/2213/2213 2211/2211/2211
f 2213/2213/2213 2214/2214/2214 2211/2211/2211
f 2217/2217/2217 2216/2216/2216 2215/2215/2215
f 2218/2218/2218 2217/2217/2217 2215/2215/2215
f 2220/2220/2220 2221/2221/2221 2219/2219/2219
f 2221/2221/2221 2222/2222/2222 2219/2219/2219
f 2225/2225/2225 2224/2224/2224 2223/2223/2223
f 2226/2226/2226 2225/2225/2225 2223/2223/2223
f 2228/2228/2228 2229/2229/2229 2227/2227/2227
f 2229/2229/2229 2230/2230/2230 2227/2227/2227
f 2233/2233/2233 2232/2232/2232 2231/2231/2231
f 2234/2234/2234 2233/2233/2233 2231/2231/2231
f 2236/2236/2236 2237/2237/2237 2235/2235/2235
f 2237/2237/2237 2238/2238/2238 2235/2235/2235
f 2241/2241/2241 2240/2240/2240 2239/2239/2239
f 2242/2242/2242 2241/2241/2241 2239/2239/2239
f 2244/2244/2244 2245/2245/2245 2243/2243/2243
f 2245/2245/2245 2246/2246/2246 2243/2243/2243
f 2249/2249/2249 2248/2248/2248 2247/2247/2247
f 2250/2250/2250 2249/2249/2249 2247/2247/2247
f 2252/2252/2252 2253/2253/2253 2251/2251/2251
f 2253/2253/2253 2254/2254/2254 2251/2251/2251
f 2257/2257/2257 2256/2256/2256 2255/2255/2255
f 2258/2258/2258 2257/2257/2257 2255/2255/2255
f 2260/2260/2260 2261/2261/2261 2259/2259/2259
f 2261/2261/2261 2262/2262/2262 2259/2259/2259
f 2265/2265/2265 2264/2264/2264 2263/2263/2263
f 2266/2266/2266 2265/2265/2265 2263/2263/2263
f 2268/2268/2268 2269/2269/2269 2267/2267/2267
f 2269/2269/2269 2270/2270/2270 2267/2267/2267
f 2273/2273/2273 2272/2272/2272 2271/2271/2271
f 2274/2274/2274 2273/2273/2273 2271/2271/2271
f 2276/2276/2276 2277/2277/2277 2275/2275/2275
f 2277/2277/2277 2278/2278/2278 2275/2275/2275
f 2281/2281/2281 2280/2280/2280 2279/2279/2279
f 2282/2282/2282 2281/2281/2281 2279/2279/2279
f 2284/2284/2284 2285/2285/2285 2283/2283/2283
f 2285/2285/2285 2286/2286/2286 2283/2283/2283
f 2289/2289/2289 2288/2288/2288 2287/2287/2287
f 2290/2290/2290 2289/2289/2289 2287/2287/2287
f 2292/2292/2292 2293/2293/2293 2291/2291/2291
f 2293/2293/2293 2294/2294/2294 2291/2291/2291
f 2297/2297/2297 2296/2296/2296 2295/2295/2295
f 2298/2298/2298 2297/2297/2297 2295/2295/2295
f 2300/2300/2300 2301/2301/2301 2299/2299/2299
f 2301/2301/2301 2302/2302/2302 2299/2299/2299
f 2305/2305/2305 2304/2304/2304 2303/2303/2303
f 2306/2306/2306 2305/2305/2305 2303/2303/2303
f 2308/2308/2308 2309/2309/2309 2307/2307/2307
f 2309/2309/2309 2310/2310/2310 2307/2307/2307
f 2313/2313/2313 2312/2312/2312 2311/2311/2311
f 2314/2314/2314 2313/2313/2313 2311/2311/2311
f 2316/2316/2316 2317/2317/2317 2315/2315/2315
f 2317/2317/2317 2318/2318/2318 2315/2315/2315
f 2321/2321/2321 2320/2320/2320 2319/2319/2319
f 2322/2322/2322 2321/2321/2321 2319/2319/2319
f 2324/2324/2324 2325/2325/2325 2323/2323/2323
f 2325/2325/2325 2326/2326/2326 2323/2323/2323
f 2329/2329/2329 2328/2328/2328 2327/2327/2327
f 2330/2330/2330 2329/2329/2329 2327/2327/2327
f 2332/2332/2332 2333/2333/2333 2331/2331/2331
f 2333/2333/2333 2334/2334/2334 2331/2331/2331
f 2337/2337/2337 2336/2336/2336 2335/2335/2335
f 2338/2338/2338 2337/2337/2337 2335/2335/2335
f 2340/2340/2340 2341/2341/2341 2339/2339/2339
f 2341/2341/2341 2342/2342/2342 2339/2339/2339
f 2345/2345/2345 2344/2344/2344 2343/2343/2343
f 2346/2346/2346 2345/2345/2345 2343/2343/2343
f 2348/2348/2348 2349/2349/2349 2347/2347/2347
f 2349/2349/2349 2350/2350/2350 2347/2347/2347
f 2353/2353/2353 2352/2352/2352 2351/2351/2351
f 2354/2354/2354 2353/2353/2353 2351/2351/2351
f 2356/2356/2356 2357/2357/2357 2355/2355/2355
f 2357/2357/2357 2358/2358/2358 2355/2355/2355
f 2361/2361/2361 2360/2360/2360 2359/2359/2359
f 2362/2362/2362 2361/2361/2361 2359/2359/2359
f 2364/2364/2364 2365/2365/2365 2363/2363/2363
f 2365/2365/2365 2366/2366/2366 2363/2363/2363
f 2369/2369/2369 2368/2368/2368 2367/2367/2367
f 2370/2370/2370 2369/2369/2369 2367/2367/2367
f 2372/2372/2372 2373/2373/2373 2371/2371/2371
f 2373/2373/2373 2374/2374/2374 2371/2371/2371
f 2377/2377/2377 2376/2376/2376 2375/2375/2375
f 2378/2378/2378 2377/2377/2377 2375/2375/2375
f 2380/2380/2380 2381/2381/2381 2379/2379/2379
f 2381/2381/2381 2382/2382/2382 2379/2379/2379
f 2385/2385/2385 2384/2384/2384 2383/2383/2383
f 2386/2386/2386 2385/2385/2385 2383/2383/2383
f 2388/2388/2388 2389/2389/2389 2387/2387/2387
f 2389/2389/2389 2390/2390/2390 2387/2387/2387
f 2393/2393/2393 2392/2392/2392 2391/2391/2391
f 2394/2394/2394 2393/2393/2393 2391/2391/2391
f 2396/2396/2396 2397/2397/2397 2395/2395/2395
f 2397/2397/2397 2398/2398/2398 2395/2395/2395
f 2401/2401/2401 2400/2400/2400 2399/2399/2399
f 2402/2402/2402 2401/2401/2401 2399/2399/2399
f 2404/2404/2404 2405/2405/2405 2403/2403/2403
f 2405/2405/2405 2406/2406/2406 2403/2403/2403
f 2409/2409/2409 2408/2408/2408 2407/2407/2407
f 2410/2410/2410 2409/2409/2409 2407/2407/2407
f 2412/2412/2412 2413/2413/2413 2411/2411/2411
f 2413/2413/2413 2414/2414/2414 2411/2411/2411
f 2417/2417/2417 2416/2416/2416 2415/2415/2415
f 2418/2418/2418 2417/2417/2417 2415/2415/2415
f 2420/2420/2420 2421/2421/2421 2419/2419/2419
f 2421/2421/2421 2422/2422/2422 2419/2419/2419
f 2425/2425/2425 2424/2424/2424 2423/2423/2423
f 2426/2426/2426 2425/2425/2425 2423/2423/2423
f 2428/2428/2428 2429/2429/2429 2427/2427/2427
f 2429/2429/2429 2430/2430/2430 2427/2427/2427
f 2433/2433/2433 2432/2432/2432 2431/2431/2431
f 2434/2434/2434 2433/2433/2433 2431/2431/2431
f 2436/2436/2436 2437/2437/2437 2435/2435/2435
f 2437/2437/2437 2438/2438/2438 2435/2435/2435
f 2441/2441/2441 2440/2440/2440 2439/2439/2439
f 2442/2442/2442 2441/2441/2441 2439/2439/2439
f 2444/2444/2444 2445/2445/2445 2443/2443/2443
f 2445/2445/2445 2446/2446/2446 2443/2443/2443
f 2449/2449/2449 2448/2448/2448 2447/2447/2447
f 2450/2450/2450 2449/2449/2449 2447/2447/2447
f 2452/2452/2452 2453/2453/2453 2451/2451/2451
f 2453/2453/2453 2454/2454/2454 2451/2451/2451
f 2457/2457/2457 2456/2456/2456 2455/2455/2455
f 2458/2458/2458 2457/2457/2457 2455/2455/2455
f 2460/2460/2460 2461/2461/2461 2459/2459/2459
f 2461/2461/2461 2462/2462/2462 2459/2459/2459
f 2465/2465/2465 2464/2464/2464 2463/2463/2463
f 2466/2466/2466 2465/2465/2465 2463/2463/2463
f 2468/2468/2468 2469/2469/2469 2467/2467/2467
f 2469/2469/2469 2470/2470/2470 2467/2467/2467
f 2473/2473/2473 2472/2472/2472 2471/2471/2471
f 2474/2474/2474 2473/2473/2473 2471/2471/2471
f 2476/2476/2476 2477/2477/2477 2475/2475/2475
f 2477/2477/2477 2478/2478/2478 2475/2475/2475
f 2481/2481/2481 2480/2480/2480 2479/2479/2479
f 2482/2482/2482 2481/2481/2481 2479/2479/2479
f 2484/2484/2484 2485/2485/2485 2483/2483/2483
f 2485/2485/2485 2486/2486/2486 2483/2483/2483
f 2489/2489/2489 2488/2488/2488 2487/2487/2487
f 2490/2490/2490 2489/2489/2489 2487/2487/2487
f 2492/2492/2492 2493/2493/2493 2491/2491/2491
f 2493/2493/2493 2494/2494/2494 2491/2491/2491
f 2497/2497/2497 2496/2496/2496 2495/2495/2495
f 2498/2498/2498 2497/2497/2497 2495/2495/2495
f 2500/2500/2500 2501/2501/2501 2499/2499/2499
f 2501/2501/2501 2502/2502/2502 2499/2499/2499
f 2505/2505/2505 2504/2504/2504 2503/2503/2503
f 2506/2506/2506 2505/2505/2505 2503/2503/2503
f 2508/2508/2508 2509/2509/2509 2507/2507/2507
f 2509/2509/2509 2510/2510/2510 2507/2507/2507
f 2513/2513/2513 2512/2512/2512 2511/2511/2511
f 2514/2514/2514 2513/2513/2513 2511/2511/2511
f 2516/2516/2516 2517/2517/2517 2515/2515/2515
f 2517/2517/2517 2518/2518/2518 2515/2515/2515
f 2521/2521/2521 2520/2520/2520 2519/2519/2519
f 2522/2522/2522 2521/2521/2521 2519/2519/2519
f 2524/2524/2524 2525/2525/2525 2523/2523/2523
f 2525/2525/2525 2526/2526/2526 2523/2523/2523
f 2529/2529/2529 2528/2528/2528 2527/2527/2527
f 2530/2530/2530 2529/2529/2529 2527/2527/2527
f 2532/2532/2532 2533/2533/2533 2531/2531/2531
f 2533/2533/2533 2534/2534/2534 2531/2531/2531
f 2537/2537/2537 2536/2536/2536 2535/2535/2535
f 2538/2538/2538 2537/2537/2537 2535/2535/2535
f 2540/2540/2540 2541/2541/2541 2539/2539/2539
f 2541/2541/2541 2542/2542/2542 2539/2539/2539
f 2545/2545/2545 2544/2544/2544 2543/2543/2543
f 2546/2546/2546 2545/2545/2545 2543/2543/2543
f 2548/2548/2548 2549/2549/2549 2547/2547/2547
f 2549/2549/2549 2550/2550/2550 2547/2547/2547
f 2553/2553/2553 2552/2552/2552 2551/2551/2551
f 2554/2554/2554 2553/2553/2553 2551/2551/2551
f 2556/2556/2556 2557/2557/2557 2555/2555/2555
f 2557/2557/2557 2558/2558/2558 2555/2555/2555
f 2561/2561/2561 2560/2560/2560 2559/2559/2559
f 2562/2562/2562 2561/2561/2561 2559/2559/2559
f 2564/2564/2564 2565/2565/2565 2563/2563/2563
f 2565/2565/2565 2566/2566/2566 2563/2563/2563
f 2569/2569/2569 2568/2568/2568 2567/2567/2567
f 2570/2570/2570 2569/2569/2569 2567/2567/2567
f 2572/2572/2572 2573/2573/2573 2571/2571/2571
f 2573/2573/2573 2574/2574/2574 2571/2571/2571
f 2577/2577/2577 2576/2576/2576 2575/2575/2575
f 2578/2578/2578 2577/2577/2577 2575/2575/2575
f 2580/2580/2580 2581/2581/2581 2579/2579/2579
f 2581/2581/2581 2582/2582/2582 2579/2579/2579
f 2585/2585/2585 2584/2584/2584 2583/2583/2583
f 2586/2586/2586 2585/2585/2585 2583/2583/2583
f 2588/2588/2588 2589/2589/2589 2587/2587/2587
f 2589/2589/2589 2590/2590/2590 2587/2587/2587
f 2593/2593/2593 2592/2592/2592 2591/2591/2591
f 2594/2594/2594 2593/2593/2593 2591/2591/2591
f 2596/2596/2596 2597/2597/2597 2595/2595/2595
f 2597/2597/2597 2598/2598/2598 2595/2595/2595
f 2601/2601/2601 2600/2600/2600 2599/2599/2599
f 2602/2602/2602 2601/2601/2601 2599/2599/2599
f 2604/2604/2604 2605/2605/2605 2603/2603/2603
f 2605/2605/2605 2606/2606/2606 2603/2603/2603
f 2609/2609/2609 2608/2608/2608 2607/2607/2607
f 2610/2610/2610 2609/2609/2609 2607/2607/2607
f 2612/2612/2612 2613/2613/2613 2611/2611/2611
f 2613/2613/2613 2614/2614/2614 2611/2611/2611
f 2617/2617/2617 2616/2616/2616 2615/2615/2615
f 2618/2618/2618 2617/2617/2617 2615/2615/2615
f 2620/2620/2620 2621/2621/2621 2619/2619/2619
f 2621/2621/2621 2622/2622/2622 2619/2619/2619
f 2625/2625/2625 2624/2624/2624 2623/2623/2623
f 2626/2626/2626 2625/2625/2625 2623/2623/2623
f 2628/2628/2628 2629/2629/2629 2627/2627/2627
f 2629/2629/2629 2630/2630/2630 2627/2627/2627
f 2633/2633/2633 2632/2632/2632 2631/2631/2631
f 2634/2634/2634 2633/2633/2633 2631/2631/2631
f 2636/2636/2636 2637/2637/2637 2635/2635/2635
f 2637/2637/2637 2638/2638/2638 2635/2635/2635
f 2641/2641/2641 2640/2640/2640 2639/2639/2639
f 2642/2642/2642 2641/2641/2641 2639/2639/2639
f 2644/2644/2644 2645/2645/2645 2643/2643/2643
f 2645/2645/2645 2646/2646/2646 2643/2643/2643
f 2649/2649/2649 2648/2648/2648 2647/2647/2647
f 2650/2650/2650 2649/2649/2649 2647/2647/2647
f 2652/2652/2652 2653/2653/2653 2651/2651/2651
f 2653/2653/2653 2654/2654/2654 2651/2651/2651
f 2657/2657/2657 2656/2656/2656 2655/2655/2655
f 2658/2658/2658 2657/2657/2657 2655/2655/2655
f 2660/2660/2660 2661/2661/2661 2659/2659/2659
f 2661/2661/2661 2662/2662/2662 2659/2659/2659
f 2665/2665/2665 2664/2664/2664 2663/2663/2663
f 2666/2666/2666 2665/2665/2665 2663/2663/2663
f 2668/2668/2668 2669/2669/2669 2667/2667/2667
f 2669/2669/2669 2670/2670/2670 2667/2667/2667
f 2673/2673/2673 2672/2672/2672 2671/2671/2671
f 2674/2674/2674 2673/2673/2673 2671/2671/2671
f 2676/2676/2676 2677/2677/2677 2675/2675/2675
f 2677/2677/2677 2678/2678/2678 2675/2675/2675
f 2681/2681/2681 2680/2680/2680 2679/2679/2679
f 2682/2682/2682 2681/2681/2681 2679/2679/2679
f 2684/2684/2684 2685/2685/2685 2683/2683/2683
f 2685/2685/2685 2686/2686/2686 2683/2683/2683
f 2689/2689/2689 2688/2688/2688 2687/2687/2687
f 2690/2690/2690 2689/2689/2689 2687/2687/2687
f 2692/2692/2692 2693/2693/2693 2691/2691/2691
f 2693/2693/2693 2694/2694/2694 2691/2691/2691
f 2697/2697/2697 2696/2696/2696 2695/2695/2695
f 2698/2698/2698 2697/2697/2697 2695/2695/2695
f 2700/2700/2700 2701/2701/2701 2699/2699/2699
f 2701/2701/2701 2702/2702/2702 2699/2699/2699
f 2705/2705/2705 2704/2704/2704 2703/2703/2703
f 2706/2706/2706 2705/2705/2705 2703/2703/2703
f 2708/2708/2708 2709/2709/2709 2707/2707/2707
f 2709/2709/2709 2710/2710/2710 2707/2707/2707
f 2713/2713/2713 2712/2712/2712 2711/2711/2711
f 2714/2714/2714 2713/2713/2713 2711/2711/2711
f 2716/2716/2716 2717/2717/2717 2715/2715/2715
f 2717/2717/2717 2718/2718/2718 2715/2715/2715
f 2721/2721/2721 2720/2720/2720 2719/2719/2719
f 2722/2722/2722 2721/2721/2721 2719/2719/2719
f 2724/2724/2724 2725/2725/2725 2723/2723/2723
f 2725/2725/2725 2726/2726/2726 2723/2723/2723
f 2729/2729/2729 2728/2728/2728 2727/2727/2727
f 2730/2730/2730 2729/2729/2729 2727/2727/2727
f 2732/2732/2732 2733/2733/2733 2731/2731/2731
f 2733/2733/2733 2734/2734/2734 2731/2731/2731
f 2737/2737/2737 2736/2736/2736 2735/2735/2735
f 2738/2738/2738 2737/2737/2737 2735/2735/2735
f 2740/2740/2740 2741/2741/2741 2739/2739/2739
f 2741/2741/2741 2742/2742/2742 2739/2739/2739
f 2745/2745/2745 2744/2744/2744 2743/2743/2743
f 2746/2746/2746 2745/2745/2745 2743/2743/2743
f 2748/2748/2748 2749/2749/2749 2747/2747/2747
f 2749/2749/2749 2750/2750/2750 2747/2747/2747
f 2753/2753/2753 2752/2752/2752 2751/2751/2751
f 2754/2754/2754 2753/2753/2753 2751/2751/2751
f 2756/2756/2756 2757/2757/2757 2755/2755/2755
f 2757/2757/2757 2758/2758/2758 2755/2755/2755
f 2761/2761/2761 2760/2760/2760 2759/2759/2759
f 2762/2762/2762 2761/2761/2761 2759/2759/2759
f 2764/2764/2764 2765/2765/2765 2763/2763/2763
f 2765/2765/2765 2766/2766/2766 2763/2763/2763
f 2769/2769/2769 2768/2768/2768 2767/2767/2767
f 2770/2770/2770 2769/2769/2769 2767/2767/2767
f 2772/2772/2772 2773/2773/2773 2771/2771/2771
f 2773/2773/2773 2774/2774/2774 2771/2771/2771
f 2777/2777/2777 2776/2776/2776 2775/2775/2775
f 2778/2778/2778 2777/2777/2777 2775/2775/2775
f 2780/2780/2780 2781/2781/2781 2779/2779/2779
f 2781/2781/2781 2782/2782/2782 2779/2779/2779
f 2785/2785/2785 2784/2784/2784 2783/2783/2783
f 2786/2786/2786 2785/2785/2785 2783/2783/2783
f 2788/2788/2788 2789/2789/2789 2787/2787/2787
f 2789/2789/2789 2790/2790/2790 2787/2787/2787
f 2793/2793/2793 2792/2792/2792 2791/2791/2791
f 2794/2794/2794 2793/2793/2793 2791/2791/2791
f 2796/2796/2796 2797/2797/2797 2795/2795/2795
f 2797/2797/2797 2798/2798/2798 2795/2795/2795
f 2801/2801/2801 2800/2800/2800 2799/2799/2799
f 2802/2802/2802 2801/2801/2801 2799/2799/2799
f 2804/2804/2804 2805/2805/2805 2803/2803/2803
f 2805/2805/2805 2806/2806/2806 2803/2803/2803
f 2809/2809/2809 2808/2808/2808 2807/2807/2807
f 2810/2810/2810 2809/2809/2809 2807/2807/2807
f 2812/2812/2812 2813/2813/2813 2811/2811/2811
f 2813/2813/2813 2814/2814/2814 2811/2811/2811
f 2817/2817/2817 2816/2816/2816 2815/2815/2815
f 2818/2818/2818 2817/2817/2817 2815/2815/2815
f 2820/2820/2820 2821/2821/2821 2819/2819/2819
f 2821/2821/2821 2822/2822/2822 2819/2819/2819
f 2825/2825/2825 2824/2824/2824 2823/2823/2823
f 2826/2826/2826 2825/2825/2825 2823/2823/2823
f 2828/2828/2828 2829/2829/2829 2827/2827/2827
f 2829/2829/2829 2830/2830/2830 2827/2827/2827
f 2833/2833/2833 2832/2832/2832 2831/2831/2831
f 2834/2834/2834 2833/2833/2833 2831/2831/2831
f 2836/2836/2836 2837/2837/2837 2835/2835/2835
f 2837/2837/2837 2838/2838/2838 2835/2835/2835
f 2841/2841/2841 2840/2840/2840 2839/2839/2839
f 2842/2842/2842 2841/2841/2841 2839/2839/2839
f 2844/2844/2844 2845/2845/2845 2843/2843/2843
f 2845/2845/2845 2846/2846/2846 2843/2843/2843
f 2849/2849/2849 2848/2848/2848 2847/2847/2847
f 2850/2850/2850 2849/2849/2849 2847/2847/2847
f 2852/2852/2852 2853/2853/2853 2851/2851/2851
f 2853/2853/2853 2854/2854/2854 2851/2851/2851
f 2857/2857/2857 2856/2856/2856 2855/2855/2855
f 2858/2858/2858 2857/2857/2857 2855/2855/2855
f 2860/2860/2860 2861/2861/2861 2859/2859/2859
f 2861/2861/2861 2862/2862/2862 2859/2859/2859
f 2865/2865/2865 2864/2864/2864 2863/2863/2863
f 2866/2866/2866 2865/2865/2865 2863/2863/2863
f 2868/2868/2868 2869/2869/2869 2867/2867/2867
f 2869/2869/2869 2870/2870/2870 2867/2867/2867
f 2873/2873/2873 2872/2872/2872 2871/2871/2871
f 2874/2874/2874 2873/2873/2873 2871/2871/2871
f 2876/2876/2876 2877/2877/2877 2875/2875/2875
f 2877/2877/2877 2878/2878/2878 2875/2875/2875
f 2881/2881/2881 2880/2880/2880 2879/2879/2879
f 2882/2882/2882 2881/2881/2881 2879/2879/2879
f 2884/2884/2884 2885/2885/2885 2883/2883/2883
f 2885/2885/2885 2886/2886/2886 2883/2883/2883
f 2889/2889/2889 2888/2888/2888 2887/2887/2887
f 2890/2890/2890 2889/2889/2889 2887/2887/2887
f 2892/2892/2892 2893/2893/2893 2891/2891/2891
f 2893/2893/2893 2894/2894/2894 2891/2891/2891
f 2897/2897/2897 2896/2896/2896 2895/2895/2895
f 2898/2898/2898 2897/2897/2897 2895/2895/2895
f 2900/2900/2900 2901/2901/2901 2899/2899/2899
f 2901/2901/2901 2902/2902/2902 2899/2899/2899
f 2905/2905/2905 2904/2904/2904 2903/2903/2903
f 2906/2906/2906 2905/2905/2905 2903/2903/2903
f 2908/2908/2908 2909/2909/2909 2907/2907/2907
f 2909/2909/2909 2910/2910/2910 2907/2907/2907
f 2913/2913/2913 2912/2912/2912 2911/2911/2911
f 2914/2914/2914 2913/2913/2913 2911/2911/2911
f 2916/2916/2916 2917/2917/2917 2915/2915/2915
f 2917/2917/2917 2918/2918/2918 2915/2915/2915
f 2921/2921/2921 2920/2920/2920 2919/2919/2919
f 2922/2922/2922 2921/2921/2921 2919/2919/2919
f 2924/2924/2924 2925/2925/2925 2923/2923/2923
f 2925/2925/2925 2926/2926/2926 2923/2923/2923
f 2929/2929/2929 2928/2928/2928 2927/2927/2927
f 2930/2930/2930 2929/2929/2929 2927/2927/2927
f 2932/2932/2932 2933/2933/2933 2931/2931/2931
f 2933/2933/2933 2934/2934/2934 2931/2931/2931
f 2937/2937/2937 2936/2936/2936 2935/2935/2935
f 2938/2938/2938 2937/2937/2937 2935/2935/2935
f 2940/2940/2940 2941/2941/2941 2939/2939/2939
f 2941/2941/2941 2942/2942/2942 2939/2939/2939
f 2945/2945/2945 2944/2944/2944 2943/2943/2943
f 2946/2946/2946 2945/2945/2945 2943/2943/2943
f 2948/2948/2948 2949/2949/2949 2947/2947/2947
f 2949/2949/2949 2950/2950/2950 2947/2947/2947
f 2953/2953/2953 2952/2952/2952 2951/2951/2951
f 2954/2954/2954 2953/2953/2953 2951/2951/2951
f 2956/2956/2956 2957/2957/2957 2955/2955/2955
f 2957/2957/2957 2958/2958/2958 2955/2955/2955
f 2961/2961/2961 2960/2960/2960 2959/2959/2959
f 2962/2962/2962 2961/2961/2961 2959/2959/2959
f 2964/2964/2964 2965/2965/2965 2963/2963/2963
f 2965/2965/2965 2966/2966/2966 2963/2963/2963
f 2969/2969/2969 2968/2968/2968 2967/2967/2967
f 2970/2970/2970 2969/2969/2969 2967/2967/2967
f 2972/2972/2972 2973/2973/2973 2971/2971/2971
f 2973/2973/2973 2974/2974/2974 2971/2971/2971
f 2977/2977/2977 2976/2976/2976 2975/2975/2975
f 2978/2978/2978 2977/2977/2977 2975/2975/2975
f 2980/2980/2980 2981/2981/2981 2979/2979/2979
f 2981/2981/2981 2982/2982/2982 2979/2979/2979
f 2985/2985/2985 2984/2984/2984 2983/2983/2983
f 2986/2986/2986 2985/2985/2985 2983/2983/2983
f 2988/2988/2988 2989/2989/2989 2987/2987/2987
f 2989/2989/2989 2990/2990/2990 2987/2987/2987
f 2993/2993/2993 2992/2992/2992 2991/2991/2991
f 2994/2994/2994 2993/2993/2993 2991/2991/2991
f 2996/2996/2996 2997/2997/2997 2995/2995/2995
f 2997/2997/2997 2998/2998/2998 2995/2995/2995
f 3001/3001/3001 3000/3000/3000 2999/2999/2999
f 3002/3002/3002 3001/3001/3001 2999/2999/2999
f 3004/3004/3004 3005/3005/3005 3003/3003/3003
f 3005/3005/3005 3006/3006/3006 3003/3003/3003
f 3009/3009/3009 3008/3008/3008 3007/3007/3007
f 3010/3010/3010 3009/3009/3009 3007/3007/3007
f 3012/3012/3012 3013/3013/3013 3011/3011/3011
f 3013/3013/3013 3014/3014/3014 3011/3011/3011
f 3017/3017/3017 3016/3016/3016 3015/3015/3015
f 3018/3018/3018 3017/3017/3017 3015/3015/3015
f 3020/3020/3020 3021/3021/3021 3019/3019/3019
f 3021/3021/3021 3022/3022/3022 3019/3019/3019
f 3025/3025/3025 3024/3024/3024 3023/3023/3023
f 3026/3026/3026 3025/3025/3025 3023/3023/3023
f 3028/3028/3028 3029/3029/3029 3027/3027/3027
f 3029/3029/3029 3030/3030/3030 3027/3027/3027
f 3033/3033/3033 3032/3032/3032 3031/3031/3031
f 3034/3034/3034 3033/3033/3033 3031/3031/3031
f 3036/3036/3036 3037/3037/3037 3035/3035/3035
f 3037/3037/3037 3038/3038/3038 3035/3035/3035
f 3041/3041/3041 3040/3040/3040 3039/3039/3039
f 3042/3042/3042 3041/3041/3041 3039/3039/3039
f 3044/3044/3044 3045/3045/3045 3043/3043/3043
f 3045/3045/3045 3046/3046/3046 3043/3043/3043
f 3049/3049/3049 3048/3048/3048 3047/3047/3047
f 3050/3050/3050 3049/3049/3049 3047/3047/3047
f 3052/3052/3052 3053/3053/3053 3051/3051/3051
f 3053/3053/3053 3054/3054/3054 3051/3051/3051
f 3057/3057/3057 3056/3056/3056 3055/3055/3055
f 3058/3058/3058 3057/3057/3057 3055/3055/3055
f 3060/3060/3060 3061/3061/3061 3059/3059/3059
f 3061/3061/3061 3062/3062/3062 3059/3059/3059
f 3065/3065/3065 3064/3064/3064 3063/3063/3063
f 3066/3066/3066 3065/3065/3065 3063/3063/3063
f 3068/3068/3068 3069/3069/3069 3067/3067/3067
f 3069/3069/3069 3070/3070/3070 3067/3067/3067
f 3073/3073/3073 3072/3072/3072 3071/3071/3071
f 3074/3074/3074 3073/3073/3073 3071/3071/3071
f 3076/3076/3076 3077/3077/3077 3075/3075/3075
f 3077/3077/3077 3078/3078/3078 3075/3075/3075
f 3081/3081/3081 3080/3080/3080 3079/3079/3079
f 3082/3082/3082 3081/3081/3081 3079/3079/3079
f 3084/3084/3084 3085/3085/3085 3083/3083/3083
f 3085/3085/3085 3086/3086/3086 3083/3083/3083
f 3089/3089/3089 3088/3088/3088 3087/3087/3087
f 3090/3090/3090 3089/3089/3089 3087/3087/3087
f 3092/3092/3092 3093/3093/3093 3091/3091/3091
f 3093/3093/3093 3094/3094/3094 3091/3091/3091
f 3097/3097/3097 3096/3096/3096 3095/3095/3095
f 3098/3098/3098 3097/3097/3097 3095/3095/3095
f 3100/3100/3100 3101/3101/3101 3099/3099/3099
f 3101/3101/3101 3102/3102/3102 3099/3099/3099
f 3105/3105/3105 3104/3104/3104 3103/3103/3103
f 3106/3106/3106 3105/3105/3105 3103/3103/3103
f 3108/3108/3108 3109/3109/3109 3107/3107/3107
f 3109/3109/3109 3110/3110/3110 3107/3107/3107
f 3113/3113/3113 3112/3112/3112 3111/3111/3111
f 3114/3114/3114 3113/3113/3113 3111/3111/3111
f 3116/3116/3116 3117/3117/3117 3115/3115/3115
f 3117/3117/3117 3118/3118/3118 3115/3115/3115
f 3121/3121/3121 3120/3120/3120 3119/3119/3119
f 3122/3122/3122 3121/3121/3121 3119/3119/3119
f 3124/3124/3124 3125/3125/3125 3123/3123/3123
f 3125/3125/3125 3126/3126/3126 3123/3123/3123
f 3129/3129/3129 3128/3128/3128 3127/3127/3127
f 3130/3130/3130 3129/3129/3129 3127/3127/3127
f 3132/3132/3132 3133/3133/3133 3131/3131/3131
f 3133/3133/3133 3134/3134/3134 3131/3131/3131
f 3137/3137/3137 3136/3136/3136 3135/3135/3135
f 3138/3138/3138 3137/3137/3137 3135/3135/3135
f 3140/3140/3140 3141/3141/3141 3139/3139/3139
f 3141/3141/3141 3142/3142/3142 3139/3139/3139
f 3145/3145/3145 3144/3144/3144 3143/3143/3143
f 3146/3146/3146 3145/3145/3145 3143/3143/3143
f 3148/3148/3148 3149/3149/3149 3147/3147/3147
f 3149/3149/3149 3150/3150/3150 3147/3147/3147
f 3153/3153/3153 3152/3152/3152 3151/3151/3151
f 3154/3154/3154 3153/3153/3153 3151/3151/3151
f 3156/3156/3156 3157/3157/3157 3155/3155/3155
f 3157/3157/3157 3158/3158/3158 3155/3155/3155
f 3161/3161/3161 3160/3160/3160 3159/3159/3159
f 3162/3162/3162 3161/3161/3161 3159/3159/3159
f 3164/3164/3164 3165/3165/3165 3163/3163/3163
f 3165/3165/3165 3166/3166/3166 3163/3163/3163
f 3169/3169/3169 3168/3168/3168 3167/3167/3167
f 3170/3170/3170 3169/3169/3169 3167/3167/3167
f 3172/3172/3172 3173/3173/3173 3171/3171/3171
f 3173/3173/3173 3174/3174/3174 3171/3171/3171
f 3177/3177/3177 3176/3176/3176 3175/3175/3175
f 3178/3178/3178 3177/3177/3177 3175/3175/3175
f 3180/3180/3180 3181/3181/3181 3179/3179/3179
f 3181/3181/3181 3182/3182/3182 3179/3179/3179
f 3185/3185/3185 3184/3184/3184 3183/3183/3183
f 3186/3186/3186 3185/3185/3185 3183/3183/3183
f 3188/3188/3188 3189/3189/3189 3187/3187/3187
f 3189/3189/3189 3190/3190/3190 3187/3187/3187
f 3193/3193/3193 3192/3192/3192 3191/3191/3191
f 3194/3194/3194 3193/3193/3193 3191/3191/3191
f 3196/3196/3196 3197/3197/3197 3195/3195/3195
f 3197/3197/3197 3198/3198/3198 3195/3195/3195
f 3201/3201/3201 3200/3200/3200 3199/3199/3199
f 3202/3202/3202 3201/3201/3201 3199/3199/3199
f 3204/3204/3204 3205/3205/3205 3203/3203/3203
f 3205/3205/3205 3206/3206/3206 3203/3203/3203
f 3209/3209/3209 3208/3208/3208 3207/3207/3207
f 3210/3210/3210 3209/3209/3209 3207/3207/3207
f 3212/3212/3212 3213/3213/3213 3211/3211/3211
f 3213/3213/3213 3214/3214/3214 3211/3211/3211
f 3217/3217/3217 3216/3216/3216 3215/3215/3215
f 3218/3218/3218 3217/3217/3217 3215/3215/3215
f 3220/3220/3220 3221/3221/3221 3219/3219/3219
f 3221/3221/3221 3222/3222/3222 3219/3219/3219
f 3225/3225/3225 3224/3224/3224 3223/3223/3223
f 3226/3226/3226 3225/3225/3225 3223/3223/3223
f 3228/3228/3228 3229/3229/3229 3227/3227/3227
f 3229/3229/3229 3230/3230/3230 3227/3227/3227
f 3233/3233/3233 3232/3232/3232 3231/3231/3231
f 3234/3234/3234 3233/3233/3233 3231/3231/3231
f 3236/3236/3236 3237/3237/3237 3235/3235/3235
f 3237/3237/3237 3238/3238/3238 3235/3235/3235
f 3241/3241/3241 3240/3240/3240 3239/3239/3239
f 3242/3242/3242 3241/3241/3241 3239/3239/3239
f 3244/3244/3244 3245/3245/3245 3243/3243/3243
f 3245/3245/3245 3246/3246/3246 3243/3243/3243
f 3249/3249/3249 3248/3248/3248 3247/3247/3247
f 3250/3250/3250 3249/3249/3249 3247/3247/3247
f 3252/3252/3252 3253/3253/3253 3251/3251/3251
f 3253/3253/3253 3254/3254/3254 3251/3251/3251
f 3257/3257/3257 3256/3256/3256 3255/3255/3255
f 3258/3258/3258 3257/3257/3257 3255/3255/3255
f 3260/3260/3260 3261/3261/3261 3259/3259/3259
f 3261/3261/3261 3262/3262/3262 3259/3259/3259
f 3265/3265/3265 3264/3264/3264 3263/3263/3263
f 3266/3266/3266 3265/3265/3265 3263/3263/3263
f 3268/3268/3268 3269/3269/3269 3267/3267/3267
f 3269/3269/3269 3270/3270/3270 3267/3267/3267
f 3273/3273/3273 3272/3272/3272 3271/3271/3271
f 3274/3274/3274 3273/3273/3273 3271/3271/3271
f 3276/3276/3276 3277/3277/3277 3275/3275/3275
f 3277/3277/3277 3278/3278/3278 3275/3275/3275
f 3281/3281/3281 3280/3280/3280 3279/3279/3279
f 3282/3282/3282 3281/3281/3281 3279/3279/3279
f 3284/3284/3284 3285/3285/3285 3283/3283/3283
f 3285/3285/3285 3286/3286/3286 3283/3283/3283
f 3289/3289/3289 3288/3288/3288 3287/3287/3287
f 3290/3290/3290 3289/3289/3289 3287/3287/3287
f 3292/3292/3292 3293/3293/3293 3291/3291/3291
f 3293/3293/3293 3294/3294/3294 3291/3291/3291
f 3297/3297/3297 3296/3296/3296 3295/3295/3295
f 3298/3298/3298 3297/3297/3297 3295/3295/3295
f 3300/3300/3300 3301/3301/3301 3299/3299/3299
f 3301/3301/3301 3302/3302/3302 3299/3299/3299
f 3305/3305/3305 3304/3304/3304 3303/3303/3303
f 3306/3306/3306 3305/3305/3305 3303/3303/3303
f 3308/3308/3308 3309/3309/3309 3307/3307/3307
f 3309/3309/3309 3310/3310/3310 3307/3307/3307
f 3313/3313/3313 3312/3312/3312 3311/3311/3311
f 3314/3314/3314 3313/3313/3313 3311/3311/3311
f 3316/3316/3316 3317/3317/3317 3315/3315/3315
f 3317/3317/3317 3318/3318/3318 3315/3315/3315
f 3321/3321/3321 3320/3320/3320 3319/3319/3319
f 3322/3322/3322 3321/3321/3321 3319/3319/3319
f 3324/3324/3324 3325/3325/3325 3323/3323/3323
f 3325/3325/3325 3326/3326/3326 3323/3323/3323
f 3329/3329/3329 3328/3328/3328 3327/3327/3327
f 3330/3330/3330 3329/3329/3329 3327/3327/3327
f 3332/3332/3332 3333/3333/3333 3331/3331/3331
f 3333/3333/3333 3334/3334/3334 3331/3331/3331
f 3337/3337/3337 3336/3336/3336 3335/3335/3335
f 3338/3338/3338 3337/3337/3337 3335/3335/3335
f 3340/3340/3340 3341/3341/3341 3339/3339/3339
f 3341/3341/3341 3342/3342/3342 3339/3339/3339
f 3345/3345/3345 3344/3344/3344 3343/3343/3343
f 3346/3346/3346 3345/3345/3345 3343/3343/3343
f 3348/3348/3348 3349/3349/3349 3347/3347/3347
f 3349/3349/3349 3350/3350/3350 3347/3347/3347
f 3353/3353/3353 3352/3352/3352 3351/3351/3351
f 3354/3354/3354 3353/3353/3353 3351/3351/3351
f 3356/3356/3356 3357/3357/3357 3355/3355/3355
f 3357/3357/3357 3358/3358/3358 3355/3355/3355
f 3361/3361/3361 3360/3360/3360 3359/3359/3359
f 3362/3362/3362 3361/3361/3361 3359/3359/3359
f 3364/3364/3364 3365/3365/3365 3363/3363/3363
f 3365/3365/3365 3366/3366/3366 3363/3363/3363
f 3369/3369/3369 3368/3368/3368 3367/3367/3367
f 3370/3370/3370 3369/3369/3369 3367/3367/3367
f 3372/3372/3372 3373/3373/3373 3371/3371/3371
f 3373/3373/3373 3374/3374/3374 3371/3371/3371
f 3377/3377/3377 3376/3376/3376 3375/3375/3375
f 3378/3378/3378 3377/3377/3377 3375/3375/3375
f 3380/3380/3380 3381/3381/3381 3379/3379/3379
f 3381/3381/3381 3382/3382/3382 3379/3379/3379
f 3385/3385/3385 3384/3384/3384 3383/3383/3383
f 3386/3386/3386 3385/3385/3385 3383/3383/3383
f 3388/3388/3388 3389/3389/3389 3387/3387/3387
f 3389/3389/3389 3390/3390/3390 3387/3387/3387
f 3393/3393/3393 3392/3392/3392 3391/3391/3391
f 3394/3394/3394 3393/3393/3393 3391/3391/3391
f 3396/3396/3396 3397/3397/3397 3395/3395/3395
f 3397/3397/3397 3398/3398/3398 3395/3395/3395
f 3401/3401/3401 3400/3400/3400 3399/3399/3399
f 3402/3402/3402 3401/3401/3401 3399/3399/3399
f 3404/3404/3404 3405/3405/3405 3403/3403/3403
f 3405/3405/3405 3406/3406/3406 3403/3403/3403
f 3409/3409/3409 3408/3408/3408 3407/3407/3407
f 3410/3410/3410 3409/3409/3409 3407/3407/3407
f 3412/3412/3412 3413/3413/3413 3411/3411/3411
f 3413/3413/3413 3414/3414/3414 3411/3411/3411
f 3417/3417/3417 3416/3416/3416 3415/3415/3415
f 3418/3418/3418 3417/3417/3417 3415/3415/3415
f 3420/3420/3420 3421/3421/3421 3419/3419/3419
f 3421/3421/3421 3422/3422/3422 3419/3419/3419
f 3425/3425/3425 3424/3424/3424 3423/3423/3423
f 3426/3426/3426 3425/3425/3425 3423/3423/3423
f 3428/3428/3428 3429/3429/3429 3427/3427/3427
f 3429/3429/3429 3430/3430/3430 3427/3427/3427
f 3433/3433/3433 3432/3432/3432 3431/3431/3431
f 3434/3434/3434 3433/3433/3433 3431/3431/3431
f 3436/3436/3436 3437/3437/3437 3435/3435/3435
f 3437/3437/3437 3438/3438/3438 3435/3435/3435
f 3441/3441/3441 3440/3440/3440 3439/3439/3439
f 3442/3442/3442 3441/3441/3441 3439/3439/3439
f 3444/3444/3444 3445/3445/3445 3443/3443/3443
f 3445/3445/3445 3446/3446/3446 3443/3443/3443
f 3449/3449/3449 3448/3448/3448 3447/3447/3447
f 3450/3450/3450 3449/3449/3449 3447/3447/3447
f 3452/3452/3452 3453/3453/3453 3451/3451/3451
f 3453/3453/3453 3454/3454/3454 3451/3451/3451
f 3457/3457/3457 3456/3456/3456 3455/3455/3455
f 3458/3458/3458 3457/3457/3457 3455/3455/3455
f 3460/3460/3460 3461/3461/3461 3459/3459/3459
f 3461/3461/3461 3462/3462/3462 3459/3459/3459
f 3465/3465/3465 3464/3464/3464 3463/3463/3463
f 3466/3466/3466 3465/3465/3465 3463/3463/3463
f 3468/3468/3468 3469/3469/3469 3467/3467/3467
f 3469/3469/3469 3470/3470/3470 3467/3467/3467
f 3473/3473/3473 3472/3472/3472 3471/3471/3471
f 3474/3474/3474 3473/3473/3473 3471/3471/3471
f 3476/3476/3476 3477/3477/3477 3475/3475/3475
f 3477/3477/3477 3478/3478/3478 3475/3475/3475
f 3481/3481/3481 3480/3480/3480 3479/3479/3479
f 3482/3482/3482 3481/3481/3481 3479/3479/3479
f 3484/3484/3484 3485/3485/3485 3483/3483/3483
f 3485/3485/3485 3486/3486/3486 3483/3483/3483
f 3489/3489/3489 3488/3488/3488 3487/3487/3487
f 3490/3490/3490 3489/3489/3489 3487/3487/3487
f 3492/3492/3492 3493/3493/3493 3491/3491/3491
f 3493/3493/3493 3494/3494/3494 3491/3491/3491
f 3497/3497/3497 3496/3496/3496 3495/3495/3495
f 3498/3498/3498 3497/3497/3497 3495/3495/3495
f 3500/3500/3500 3501/3501/3501 3499/3499/3499
f 3501/3501/3501 3502/3502/3502 3499/3499/3499
f 3505/3505/3505 3504/3504/3504 3503/3503/3503
f 3506/3506/3506 3505/3505/3505 3503/3503/3503
f 3508/3508/3508 3509/3509/3509 3507/3507/3507
f 3509/3509/3509 3510/3510/3510 3507/3507/3507
f 3513/3513/3513 3512/3512/3512 3511/3511/3511
f 3514/3514/3514 3513/3513/3513 3511/3511/3511
f 3516/3516/3516 3517/3517/3517 3515/3515/3515
f 3517/3517/3517 3518/3518/3518 3515/3515/3515
f 3521/3521/3521 3520/3520/3520 3519/3519/3519
f 3522/3522/3522 3521/3521/3521 3519/3519/3519
f 3524/3524/3524 3525/3525/3525 3523/3523/3523
f 3525/3525/3525 3526/3526/3526 3523/3523/3523
f 3529/3529/3529 3528/3528/3528 3527/3527/3527
f 3530/3530/3530 3529/3529/3529 3527/3527/3527
f 3532/3532/3532 3533/3533/3533 3531/3531/3531
f 3533/3533/3533 3534/3534/3534 3531/3531/3531
f 3537/3537/3537 3536/3536/3536 3535/3535/3535
f 3538/3538/3538 3537/3537/3537 3535/3535/3535
f 3540/3540/3540 3541/3541/3541 3539/3539/3539
f 3541/3541/3541 3542/3542/3542 3539/3539/3539
f 3545/3545/3545 3544/3544/3544 3543/3543/3543
f 3546/3546/3546 3545/3545/3545 3543/3543/3543
f 3548/3548/3548 3549/3549/3549 3547/3547/3547
f 3549/3549/3549 3550/3550/3550 3547/3547/3547
f 3553/3553/3553 3552/3552/3552 3551/3551/3551
f 3554/3554/3554 3553/3553/3553 3551/3551/3551
f 3556/3556/3556 3557/3557/3557 3555/3555/3555
f 3557/3557/3557 3558/3558/3558 3555/3555/3555
f 3561/3561/3561 3560/3560/3560 3559/3559/3559
f 3562/3562/3562 3561/3561/3561 3559/3559/3559
f 3564/3564/3564 3565/3565/3565 3563/3563/3563
f 3565/3565/3565 3566/3566/3566 3563/3563/3563
f 3569/3569/3569 3568/3568/3568 3567/3567/3567
f 3570/3570/3570 3569/3569/3569 3567/3567/3567
f 3572/3572/3572 3573/3573/3573 3571/3571/3571
f 3573/3573/3573 3574/3574/3574 3571/3571/3571
f 3577/3577/3577 3576/3576/3576 3575/3575/3575
f 3578/3578/3578 3577/3577/3577 3575/3575/3575
f 3580/3580/3580 3581/3581/3581 3579/3579/3579
f 3581/3581/3581 3582/3582/3582 3579/3579/3579
f 3585/3585/3585 3584/3584/3584 3583/3583/3583
f 3586/3586/3586 3585/3585/3585 3583/3583/3583
f 3588/3588/3588 3589/3589/3589 3587/3587/3587
f 3589/3589/3589 3590/3590/3590 3587/3587/3587
f 3593/3593/3593 3592/3592/3592 3591/3591/3591
f 3594/3594/3594 3593/3593/3593 3591/3591/3591
f 3596/3596/3596 3597/3597/3597 3595/3595/3595
f 3597/3597/3597 3598/3598/3598 3595/3595/3595
f 3601/3601/3601 3600/3600/3600 3599/3599/3599
f 3602/3602/3602 3601/3601/3601 3599/3599/3599
f 3604/3604/3604 3605/3605/3605 3603/3603/3603
f 3605/3605/3605 3606/3606/3606 3603/3603/3603
f 3609/3609/3609 3608/3608/3608 3607/3607/3607
f 3610/3610/3610 3609/3609/3609 3607/3607/3607
f 3612/3612/3612 3613/3613/3613 3611/3611/3611
f 3613/3613/3613 3614/3614/3614 3611/3611/3611
f 3617/3617/3617 3616/3616/3616 3615/3615/3615
f 3618/3618/3618 3617/3617/3617 3615/3615/3615
f 3620/3620/3620 3621/3621/3621 3619/3619/3619
f 3621/3621/3621 3622/3622/3622 3619/3619/3619
f 3625/3625/3625 3624/3624/3624 3623/3623/3623
f 3626/3626/3626 3625/3625/3625 3623/3623/3623
f 3628/3628/3628 3629/3629/3629 3627/3627/3627
f 3629/3629/3629 3630/3630/3630 3627/3627/3627
f 3633/3633/3633 3632/3632/3632 3631/3631/3631
f 3634/3634/3634 3633/3633/3633 3631/3631/3631
f 3636/3636/3636 3637/3637/3637 3635/3635/3635
f 3637/3637/3637 3638/3638/3638 3635/3635/3635
f 3641/3641/3641 3640/3640/3640 3639/3639/3639
f 3642/3642/3642 3641/3641/3641 3639/3639/3639
f 3644/3644/3644 3645/3645/3645 3643/3643/3643
f 3645/3645/3645 3646/3646/3646 3643/3643/3643
f 3649/3649/3649 3648/3648/3648 3647/3647/3647
f 3650/3650/3650 3649/3649/3649 3647/3647/3647
f 3652/3652/3652 3653/3653/3653 3651/3651/3651
f 3653/3653/3653 3654/3654/3654 3651/3651/3651
f 3657/3657/3657 3656/3656/3656 3655/3655/3655
f 3658/3658/3658 3657/3657/3657 3655/3655/3655
f 3660/3660/3660 3661/3661/3661 3659/3659/3659
f 3661/3661/3661 3662/3662/3662 3659/3659/3659
f 3665/3665/3665 3664/3664/3664 3663/3663/3663
f 3666/3666/3666 3665/3665/3665 3663/3663/3663
f 3668/3668/3668 3669/3669/3669 3667/3667/3667
f 3669/3669/3669 3670/3670/3670 3667/3667/3667
f 3673/3673/3673 3672/3672/3672 3671/3671/3671
f 3674/3674/3674 3673/3673/3673 3671/3671/3671
f 3676/3676/3676 3677/3677/3677 3675/3675/3675
f 3677/3677/3677 3678/3678/3678 3675/3675/3675
f 3681/3681/3681 3680/3680/3680 3679/3679/3679
f 3682/3682/3682 3681/3681/3681 3679/3679/3679
f 3684/3684/3684 3685/3685/3685 3683/3683/3683
f 3685/3685/3685 3686/3686/3686 3683/3683/3683
f 3689/3689/3689 3688/3688/3688 3687/3687/3687
f 3690/3690/3690 3689/3689/3689 3687/3687/3687
f 3692/3692/3692 3693/3693/3693 3691/3691/3691
f 3693/3693/3693 3694/3694/3694 3691/3691/3691
f 3697/3697/3697 3696/3696/3696 3695/3695/3695
f 3698/3698/3698 3697/3697/3697 3695/3695/3695
f 3700/3700/3700 3701/3701/3701 3699/3699/3699
f 3701/3701/3701 3702/3702/3702 3699/3699/3699
f 3705/3705/3705 3704/3704/3704 3703/3703/3703
f 3706/3706/3706 3705/3705/3705 3703/3703/3703
f 3708/3708/3708 3709/3709/3709 3707/3707/3707
f 3709/3709/3709 3710/3710/3710 3707/3707/3707
f 3713/3713/3713 3712/3712/3712 3711/3711/3711
f 3714/3714/3714 3713/3713/3713 3711/3711/3711
f 3716/3716/3716 3717/3717/3717 3715/3715/3715
f 3717/3717/3717 3718/3718/3718 3715/3715/3715
f 3721/3721/3721 3720/3720/3720 3719/3719/3719
f 3722/3722/3722 3721/3721/3721 3719/3719/3719
f 3724/3724/3724 3725/3725/3725 3723/3723/3723
f 3725/3725/3725 3726/3726/3726 3723/3723/3723
f 3729/3729/3729 3728/3728/3728 3727/3727/3727
f 3730/3730/3730 3729/3729/3729 3727/3727/3727
f 3732/3732/3732 3733/3733/3733 3731/3731/3731
f 3733/3733/3733 3734/3734/3734 3731/3731/3731
f 3737/3737/3737 3736/3736/3736 3735/3735/3735
f 3738/3738/3738 3737/3737/3737 3735/3735/3735
f 3740/3740/3740 3741/3741/3741 3739/3739/3739
f 3741/3741/3741 3742/3742/3742 3739/3739/3739
f 3745/3745/3745 3744/3744/3744 3743/3743/3743
f 3746/3746/3746 3745/3745/3745 3743/3743/3743
f 3748/3748/3748 3749/3749/3749 3747/3747/3747
f 3749/3749/3749 3750/3750/3750 3747/3747/3747
f 3753/3753/3753 3752/3752/3752 3751/3751/3751
f 3754/3754/3754 3753/3753/3753 3751/3751/3751
f 3756/3756/3756 3757/3757/3757 3755/3755/3755
f 3757/3757/3757 3758/3758/3758 3755/3755/3755
f 3761/3761/3761 3760/3760/3760 3759/3759/3759
f 3762/3762/3762 3761/3761/3761 3759/3759/3759
f 3764/3764/3764 3765/3765/3765 3763/3763/3763
f 3765/3765/3765 3766/3766/3766 3763/3763/3763
f 3769/3769/3769 3768/3768/3768 3767/3767/3767
f 3770/3770/3770 3769/3769/3769 3767/3767/3767
f 3772/3772/3772 3773/3773/3773 3771/3771/3771
f 3773/3773/3773 3774/3774/3774 3771/3771/3771
f 3777/3777/3777 3776/3776/3776 3775/3775/3775
f 3778/3778/3778 3777/3777/3777 3775/3775/3775
f 3780/3780/3780 3781/3781/3781 3779/3779/3779
f 3781/3781/3781 3782/3782/3782 3779/3779/3779
f 3785/3785/3785 3784/3784/3784 3783/3783/3783
f 3786/3786/3786 3785/3785/3785 3783/3783/3783
f 3788/3788/3788 3789/3789/3789 3787/3787/3787
f 3789/3789/3789 3790/3790/3790 3787/3787/3787
f 3793/3793/3793 3792/3792/3792 3791/3791/3791
f 3794/3794/3794 3793/3793/3793 3791/3791/3791
f 3796/3796/3796 3797/3797/3797 3795/3795/3795
f 3797/3797/3797 3798/3798/3798 3795/3795/3795
f 3801/3801/3801 3800/3800/3800 3799/3799/3799
f 3802/3802/3802 3801/3801/3801 3799/3799/3799
f 3804/3804/3804 3805/3805/3805 3803/3803/3803
f 3805/3805/3805 3806/3806/3806 3803/3803/3803
f 3809/3809/3809 3808/3808/3808 3807/3807/3807
f 3810/3810/3810 3809/3809/3809 3807/3807/3807
f 3812/3812/3812 3813/3813/3813 3811/3811/3811
f 3813/3813/3813 3814/3814/3814 3811/3811/3811
f 3817/3817/3817 3816/3816/3816 3815/3815/3815
f 3818/3818/3818 3817/3817/3817 3815/3815/3815
f 3820/3820/3820 3821/3821/3821 3819/3819/3819
f 3821/3821/3821 3822/3822/3822 3819/3819/3819
f 3825/3825/3825 3824/3824/3824 3823/3823/3823
f 3826/3826/3826 3825/3825/3825 3823/3823/3823
f 3828/3828/3828 3829/3829/3829 3827/3827/3827
f 3829/3829/3829 3830/3830/3830 3827/3827/3827
f 3833/3833/3833 3832/3832/3832 3831/3831/3831
f 3834/3834/3834 3833/3833/3833 3831/3831/3831
f 3836/3836/3836 3837/3837/3837 3835/3835/3835
f 3837/3837/3837 3838/3838/3838 3835/3835/3835
f 3841/3841/3841 3840/3840/3840 3839/3839/3839
f 3842/3842/3842 3841/3841/3841 3839/3839/3839
f 3844/3844/3844 3845/3845/3845 3843/3843/3843
f 3845/3845/3845 3846/3846/3846 3843/3843/3843
f 3849/3849/3849 3848/3848/3848 3847/3847/3847
f 3850/3850/3850 3849/3849/3849 3847/3847/3847
f 3852/3852/3852 3853/3853/3853 3851/3851/3851
f 3853/3853/3853 3854/3854/3854 3851/3851/3851
f 3857/3857/3857 3856/3856/3856 3855/3855/3855
f 3858/3858/3858 3857/3857/3857 3855/3855/3855
f 3860/3860/3860 3861/3861/3861 3859/3859/3859
f 3861/3861/3861 3862/3862/3862 3859/3859/3859
f 3865/3865/3865 3864/3864/3864 3863/3863/3863
f 3866/3866/3866 3865/3865/3865 3863/3863/3863
f 3868/3868/3868 3869/3869/3869 3867/3867/3867
f 3869/3869/3869 3870/3870/3870 3867/3867/3867
f 3873/3873/3873 3872/3872/3872 3871/3871/3871
f 3874/3874/3874 3873/3873/3873 3871/3871/3871
f 3876/3876/3876 3877/3877/3877 3875/3875/3875
f 3877/3877/3877 3878/3878/3878 3875/3875/3875
f 3881/3881/3881 3880/3880/3880 3879/3879/3879
f 3882/3882/3882 3881/3881/3881 3879/3879/3879
f 3884/3884/3884 3885/3885/3885 3883/3883/3883
f 3885/3885/3885 3886/3886/3886 3883/3883/3883
f 3889/3889/3889 3888/3888/3888 3887/3887/3887
f 3890/3890/3890 3889/3889/3889 3887/3887/3887
f 3892/3892/3892 3893/3893/3893 3891/3891/3891
f 3893/3893/3893 3894/3894/3894 3891/3891/3891
f 3897/3897/3897 3896/3896/3896 3895/3895/3895
f 3898/3898/3898 3897/3897/3897 3895/3895/3895
f 3900/3900/3900 3901/3901/3901 3899/3899/3899
f 3901/3901/3901 3902/3902/3902 3899/3899/3899
f 3905/3905/3905 3904/3904/3904 3903/3903/3903
f 3906/3906/3906 3905/3905/3905 3903/3903/3903
f 3908/3908/3908 3909/3909/3909 3907/3907/3907
f 3909/3909/3909 3910/3910/3910 3907/3907/3907
f 3913/3913/3913 3912/3912/3912 3911/3911/3911
f 3914/3914/3914 3913/3913/3913 3911/3911/3911
f 3916/3916/3916 3917/3917/3917 3915/3915/3915
f 3917/3917/3917 3918/3918/3918 3915/3915/3915
f 3921/3921/3921 3920/3920/3920 3919/3919/3919
f 3922/3922/3922 3921/3921/3921 3919/3919/3919
f 3924/3924/3924 3925/3925/3925 3923/3923/3923
f 3925/3925/3925 3926/3926/3926 3923/3923/3923
f 3929/3929/3929 3928/3928/3928 3927/3927/3927
f 3930/3930/3930 3929/3929/3929 3927/3927/3927
f 3932/3932/3932 3933/3933/3933 3931/3931/3931
f 3933/3933/3933 3934/3934/3934 3931/3931/3931
f 3937/3937/3937 3936/3936/3936 3935/3935/3935
f 3938/3938/3938 3937/3937/3937 3935/3935/3935
f 3940/3940/3940 3941/3941/3941 3939/3939/3939
f 3941/3941/3941 3942/3942/3942 3939/3939/3939
f 3945/3945/3945 3944/3944/3944 3943/3943/3943
f 3946/3946/3946 3945/3945/3945 3943/3943/3943
f 3948/3948/3948 3949/3949/3949 3947/3947/3947
f 3949/3949/3949 3950/3950/3950 3947/3947/3947
f 3953/3953/3953 3952/3952/3952 3951/3951/3951
f 3954/3954/3954 3953/3953/3953 3951/3951/3951
f 3956/3956/3956 3957/3957/3957 3955/3955/3955
f 3957/3957/3957 3958/3958/3958 3955/3955/3955
f 3961/3961/3961 3960/3960/3960 3959/3959/3959
f 3962/3962/3962 3961/3961/3961 3959/3959/3959
f 3964/3964/3964 3965/3965/3965 3963/3963/3963
f 3965/3965/3965 3966/3966/3966 3963/3963/3963
f 3969/3969/3969 3968/3968/3968 3967/3967/3967
f 3970/3970/3970 3969/3969/3969 3967/3967/3967
f 3972/3972/3972 3973/3973/3973 3971/3971/3971
f 3973/3973/3973 3974/3974/3974 3971/3971/3971
f 3977/3977/3977 3976/3976/3976 3975/3975/3975
f 3978/3978/3978 3977/3977/3977 3975/3975/3975
f 3980/3980/3980 3981/3981/3981 3979/3979/3979
f 3981/3981/3981 3982/3982/3982 3979/3979/3979
f 3985/3985/3985 3984/3984/3984 3983/3983/3983
f 3986/3986/3986 3985/3985/3985 3983/3983/3983
f 3988/3988/3988 3989/3989/3989 3987/3987/3987
f 3989/3989/3989 3990/3990/3990 3987/3987/3987
f 3993/3993/3993 3992/3992/3992 3991/3991/3991
f 3994/3994/3994 3993/3993/3993 3991/3991/3991
f 3996/3996/3996 3997/3997/3997 3995/3995/3995
f 3997/3997/3997 3998/3998/3998 3995/3995/3995
f 4001/4001/4001 4000/4000/4000 3999/3999/3999
f 4002/4002/4002 4001/4001/4001 3999/3999/3999
f 4004/4004/4004 4005/4005/4005 4003/4003/4003
f 4005/4005/4005 4006/4006/4006 4003/4003/4003
f 4009/4009/4009 4008/4008/4008 4007/4007/4007
f 4010/4010/4010 4009/4009/4009 4007/4007/4007
f 4012/4012/4012 4013/4013/4013 4011/4011/4011
f 4013/4013/4013 4014/4014/4014 4011/4011/4011
f 4017/4017/4017 4016/4016/4016 4015/4015/4015
f 4018/4018/4018 4017/4017/4017 4015/4015/4015
f 4020/4020/4020 4021/4021/4021 4019/4019/4019
f 4021/4021/4021 4022/4022/4022 4019/4019/4019
f 4025/4025/4025 4024/4024/4024 4023/4023/4023
f 4026/4026/4026 4025/4025/4025 4023/4023/4023
f 4028/4028/4028 4029/4029/4029 4027/4027/4027
f 4029/4029/4029 4030/4030/4030 4027/4027/4027
f 4033/4033/4033 4032/4032/4032 4031/4031/4031
f 4034/4034/4034 4033/4033/4033 4031/4031/4031
f 4036/4036/4036 4037/4037/4037 4035/4035/4035
f 4037/4037/4037 4038/4038/4038 4035/4035/4035
f 4041/4041/4041 4040/4040/4040 4039/4039/4039
f 4042/4042/4042 4041/4041/4041 4039/4039/4039
f 4044/4044/4044 4045/4045/4045 4043/4043/4043
f 4045/4045/4045 4046/4046/4046 4043/4043/4043
f 4049/4049/4049 4048/4048/4048 4047/4047/4047
f 4050/4050/4050 4049/4049/4049 4047/4047/4047
f 4052/4052/4052 4053/4053/4053 4051/4051/4051
f 4053/4053/4053 4054/4054/4054 4051/4051/4051
f 4057/4057/4057 4056/4056/4056 4055/4055/4055
f 4058/4058/4058 4057/4057/4057 4055/4055/4055
f 4060/4060/4060 4061/4061/4061 4059/4059/4059
f 4061/4061/4061 4062/4062/4062 4059/4059/4059
f 4065/4065/4065 4064/4064/4064 4063/4063/4063
f 4066/4066/4066 4065/4065/4065 4063/4063/4063
f 4068/4068/4068 4069/4069/4069 4067/4067/4067
f 4069/4069/4069 4070/4070/4070 4067/4067/4067
f 4073/4073/4073 4072/4072/4072 4071/4071/4071
f 4074/4074/4074 4073/4073/4073 4071/4071/4071
f 4076/4076/4076 4077/4077/4077 4075/4075/4075
f 4077/4077/4077 4078/4078/4078 4075/4075/4075
f 4081/4081/4081 4080/4080/4080 4079/4079/4079
f 4082/4082/4082 4081/4081/4081 4079/4079/4079
f 4084/4084/4084 4085/4085/4085 4083/4083/4083
f 4085/4085/4085 4086/4086/4086 4083/4083/4083
f 4089/4089/4089 4088/4088/4088 4087/4087/4087
f 4090/4090/4090 4089/4089/4089 4087/4087/4087
f 4092/4092/4092 4093/4093/4093 4091/4091/4091
f 4093/4093/4093 4094/4094/4094 4091/4091/4091
f 4097/4097/4097 4096/4096/4096 4095/4095/4095
f 4098/4098/4098 4097/4097/4097 4095/4095/4095
f 4100/4100/4100 4101/4101/4101 4099/4099/4099
f 4101/4101/4101 4102/4102/4102 4099/4099/4099
f 4105/4105/4105 4104/4104/4104 4103/4103/4103
f 4106/4106/4106 4105/4105/4105 4103/4103/4103
f 4108/4108/4108 4109/4109/4109 4107/4107/4107
f 4109/4109/4109 4110/4110/4110 4107/4107/4107
f 4113/4113/4113 4112/4112/4112 4111/4111/4111
f 4114/4114/4114 4113/4113/4113 4111/4111/4111
f 4116/4116/4116 4117/4117/4117 4115/4115/4115
f 4117/4117/4117 4118/4118/4118 4115/4115/4115
f 4121/4121/4121 4120/4120/4120 4119/4119/4119
f 4122/4122/4122 4121/4121/4121 4119/4119/4119
f 4124/4124/4124 4125/4125/4125 4123/4123/4123
f 4125/4125/4125 4126/4126/4126 4123/4123/4123
f 4129/4129/4129 4128/4128/4128 4127/4127/4127
f 4130/4130/4130 4129/4129/4129 4127/4127/4127
f 4132/4132/4132 4133/4133/4133 4131/4131/4131
f 4133/4133/4133 4134/4134/4134 4131/4131/4131
f 4137/4137/4137 4136/4136/4136 4135/4135/4135
f 4138/4138/4138 4137/4137/4137 4135/4135/4135
f 4140/4140/4140 4141/4141/4141 4139/4139/4139
f 4141/4141/4141 4142/4142/4142 4139/4139/4139
f 4145/4145/4145 4144/4144/4144 4143/4143/4143
f 4146/4146/4146 4145/4145/4145 4143/4143/4143
f 4148/4148/4148 4149/4149/4149 4147/4147/4147
f 4149/4149/4149 4150/4150/4150 4147/4147/4147
f 4153/4153/4153 4152/4152/4152 4151/4151/4151
f 4154/4154/4154 4153/4153/4153 4151/4151/4151
f 4156/4156/4156 4157/4157/4157 4155/4155/4155
f 4157/4157/4157 4158/4158/4158 4155/4155/4155
f 4161/4161/4161 4160/4160/4160 4159/4159/4159
f 4162/4162/4162 4161/4161/4161 4159/4159/4159
f 4164/4164/4164 4165/4165/4165 4163/4163/4163
f 4165/4165/4165 4166/4166/4166 4163/4163/4163
f 4169/4169/4169 4168/4168/4168 4167/4167/4167
f 4170/4170/4170 4169/4169/4169 4167/4167/4167
f 4172/4172/4172 4173/4173/4173 4171/4171/4171
f 4173/4173/4173 4174/4174/4174 4171/4171/4171
f 4177/4177/4177 4176/4176/4176 4175/4175/4175
f 4178/4178/4178 4177/4177/4177 4175/4175/4175
f 4180/4180/4180 4181/4181/4181 4179/4179/4179
f 4181/4181/4181 4182/4182/4182 4179/4179/4179
f 4185/4185/4185 4184/4184/4184 4183/4183/4183
f 4186/4186/4186 4185/4185/4185 4183/4183/4183
f 4188/4188/4188 4189/4189/4189 4187/4187/4187
f 4189/4189/4189 4190/4190/4190 4187/4187/4187
f 4193/4193/4193 4192/4192/4192 4191/4191/4191
f 4194/4194/4194 4193/4193/4193 4191/4191/4191
f 4196/4196/4196 4197/4197/4197 4195/4195/4195
f 4197/4197/4197 4198/4198/4198 4195/4195/4195
f 4201/4201/4201 4200/4200/4200 4199/4199/4199
f 4202/4202/4202 4201/4201/4201 4199/4199/4199
f 4204/4204/4204 4205/4205/4205 4203/4203/4203
f 4205/4205/4205 4206/4206/4206 4203/4203/4203
f 4209/4209/4209 4208/4208/4208 4207/4207/4207
f 4210/4210/4210 4209/4209/4209 4207/4207/4207
f 4212/4212/4212 4213/4213/4213 4211/4211/4211
f 4213/4213/4213 4214/4214/4214 4211/4211/4211
f 4217/4217/4217 4216/4216/4216 4215/4215/4215
f 4218/4218/4218 4217/4217/4217 4215/4215/4215
f 4220/4220/4220 4221/4221/4221 4219/4219/4219
f 4221/4221/4221 4222/4222/4222 4219/4219/4219
f 4225/4225/4225 4224/4224/4224 4223/4223/4223
f 4226/4226/4226 4225/4225/4225 4223/4223/4223
f 4228/4228/4228 4229/4229/4229 4227/4227/4227
f 4229/4229/4229 4230/4230/4230 4227/4227/4227
f 4233/4233/4233 4232/4232/4232 4231/4231/4231
f 4234/4234/4234 4233/4233/4233 4231/4231/4231
f 4236/4236/4236 4237/4237/4237 4235/4235/4235
f 4237/4237/4237 4238/4238/4238 4235/4235/4235
f 4241/4241/4241 4240/4240/4240 4239/4239/4239
f 4242/4242/4242 4241/4241/4241 4239/4239/4239
f 4244/4244/4244 4245/4245/4245 4243/4243/4243
f 4245/4245/4245 4246/4246/4246 4243/4243/4243
f 4249/4249/4249 4248/4248/4248 4247/4247/4247
f 4250/4250/4250 4249/4249/4249 4247/4247/4247
f 4252/4252/4252 4253/4253/4253 4251/4251/4251
f 4253/4253/4253 4254/4254/4254 4251/4251/4251
f 4257/4257/4257 4256/4256/4256 4255/4255/4255
f 4258/4258/4258 4257/4257/4257 4255/4255/4255
f 4260/4260/4260 4261/4261/4261 4259/4259/4259
f 4261/4261/4261 4262/4262/4262 4259/4259/4259
f 4265/4265/4265 4264/4264/4264 4263/4263/4263
f 4266/4266/4266 4265/4265/4265 4263/4263/4263
f 4268/4268/4268 4269/4269/4269 4267/4267/4267
f 4269/4269/4269 4270/4270/4270 4267/4267/4267
f 4273/4273/4273 4272/4272/4272 4271/4271/4271
f 4274/4274/4274 4273/4273/4273 4271/4271/4271
f 4276/4276/4276 4277/4277/4277 4275/4275/4275
f 4277/4277/4277 4278/4278/4278 4275/4275/4275
f 4281/4281/4281 4280/4280/4280 4279/4279/4279
f 4282/4282/4282 4281/4281/4281 4279/4279/4279
f 4284/4284/4284 4285/4285/4285 4283/4283/4283
f 4285/4285/4285 4286/4286/4286 4283/4283/4283
f 4289/4289/4289 4288/4288/4288 4287/4287/4287
f 4290/4290/4290 4289/4289/4289 4287/4287/4287
f 4292/4292/4292 4293/4293/4293 4291/4291/4291
f 4293/4293/4293 4294/4294/4294 4291/4291/4291
f 4297/4297/4297 4296/4296/4296 4295/4295/4295
f 4298/4298/4298 4297/4297/4297 4295/4295/4295
f 4300/4300/4300 4301/4301/4301 4299/4299/4299
f 4301/4301/4301 4302/4302/4302 4299/4299/4299
f 4305/4305/4305 4304/4304/4304 4303/4303/4303
f 4306/4306/4306 4305/4305/4305 4303/4303/4303
f 4308/4308/4308 4309/4309/4309 4307/4307/4307
f 4309/4309/4309 4310/4310/4310 4307/4307/4307
f 4313/4313/4313 4312/4312/4312 4311/4311/4311
f 4314/4314/4314 4313/4313/4313 4311/4311/4311
f 4316/4316/4316 4317/4317/4317 4315/4315/4315
f 4317/4317/4317 4318/4318/4318 4315/4315/4315
f 4321/4321/4321 4320/4320/4320 4319/4319/4319
f 4322/4322/4322 4321/4321/4321 4319/4319/4319
f 4324/4324/4324 4325/4325/4325 4323/4323/4323
f 4325/4325/4325 4326/4326/4326 4323/4323/4323
f 4329/4329/4329 4328/4328/4328 4327/4327/4327
f 4330/4330/4330 4329/4329/4329 4327/4327/4327
f 4332/4332/4332 4333/4333/4333 4331/4331/4331
f 4333/4333/4333 4334/4334/4334 4331/4331/4331
f 4337/4337/4337 4336/4336/4336 4335/4335/4335
f 4338/4338/4338 4337/4337/4337 4335/4335/4335
f 4340/4340/4340 4341/4341/4341 4339/4339/4339
f 4341/4341/4341 4342/4342/4342 4339/4339/4339
f 4345/4345/4345 4344/4344/4344 4343/4343/4343
f 4346/4346/4346 4345/4345/4345 4343/4343/4343
f 4348/4348/4348 4349/4349/4349 4347/4347/4347
f 4349/4349/4349 4350/4350/4350 4347/4347/4347
f 4353/4353/4353 4352/4352/4352 4351/4351/4351
f 4354/4354/4354 4353/4353/4353 4351/4351/4351
f 4356/4356/4356 4357/4357/4357 4355/4355/4355
f 4357/4357/4357 4358/4358/4358 4355/4355/4355
f 4361/4361/4361 4360/4360/4360 4359/4359/4359
f 4362/4362/4362 4361/4361/4361 4359/4359/4359
f 4364/4364/4364 4365/4365/4365 4363/4363/4363
f 4365/4365/4365 4366/4366/4366 4363/4363/4363
f 4369/4369/4369 4368/4368/4368 4367/4367/4367
f 4370/4370/4370 4369/4369/4369 4367/4367/4367
f 4372/4372/4372 4373/4373/4373 4371/4371/4371
f 4373/4373/4373 4374/4374/4374 4371/4371/4371
f 4377/4377/4377 4376/4376/4376 4375/4375/4375
f 4378/4378/4378 4377/4377/4377 4375/4375/4375
f 4380/4380/4380 4381/4381/4381 4379/4379/4379
f 4381/4381/4381 4382/4382/4382 4379/4379/4379
f 4385/4385/4385 4384/4384/4384 4383/4383/4383
f 4386/4386/4386 4385/4385/4385 4383/4383/4383
f 4388/4388/4388 4389/4389/4389 4387/4387/4387
f 4389/4389/4389 4390/4390/4390 4387/4387/4387
f 4393/4393/4393 4392/4392/4392 4391/4391/4391
f 4394/4394/4394 4393/4393/4393 4391/4391/4391
f 4396/4396/4396 4397/4397/4397 4395/4395/4395
f 4397/4397/4397 4398/4398/4398 4395/4395/4395
f 4401/4401/4401 4400/4400/4400 4399/4399/4399
f 4402/4402/4402 4401/4401/4401 4399/4399/4399
f 4404/4404/4404 4405/4405/4405 4403/4403/4403
f 4405/4405/4405 4406/4406/4406 4403/4403/4403
f 4409/4409/4409 4408/4408/4408 4407/4407/4407
f 4410/4410/4410 4409/4409/4409 4407/4407/4407
f 4412/4412/4412 4413/4413/4413 4411/4411/4411
f 4413/4413/4413 4414/4414/4414 4411/4411/4411
f 4417/4417/4417 4416/4416/4416 4415/4415/4415
f 4418/4418/4418 4417/4417/4417 4415/4415/4415
f 4420/4420/4420 4421/4421/4421 4419/4419/4419
f 4421/4421/4421 4422/4422/4422 4419/4419/4419
f 4425/4425/4425 4424/4424/4424 4423/4423/4423
f 4426/4426/4426 4425/4425/4425 4423/4423/4423
f 4428/4428/4428 4429/4429/4429 4427/4427/4427
f 4429/4429/4429 4430/4430/4430 4427/4427/4427
f 4433/4433/4433 4432/4432/4432 4431/4431/4431
f 4434/4434/4434 4433/4433/4433 4431/4431/4431
f 4436/4436/4436 4437/4437/4437 4435/4435/4435
f 4437/4437/4437 4438/4438/4438 4435/4435/4435
f 4441/4441/4441 4440/4440/4440 4439/4439/4439
f 4442/4442/4442 4441/4441/4441 4439/4439/4439
f 4444/4444/4444 4445/4445/4445 4443/4443/4443
f 4445/4445/4445 4446/4446/4446 4443/4443/4443
f 4449/4449/4449 4448/4448/4448 4447/4447/4447
f 4450/4450/4450 4449/4449/4449 4447/4447/4447
f 4452/4452/4452 4453/4453/4453 4451/4451/4451
f 4453/4453/4453 4454/4454/4454 4451/4451/4451
f 4457/4457/4457 4456/4456/4456 4455/4455/4455
f 4458/4458/4458 4457/4457/4457 4455/4455/4455
f 4460/4460/4460 4461/4461/4461 4459/4459/4459
f 4461/4461/4461 4462/4462/4462 4459/4459/4459
f 4465/4465/4465 4464/4464/4464 4463/4463/4463
f 4466/4466/4466 4465/4465/4465 4463/4463/4463
f 4468/4468/4468 4469/4469/4469 4467/4467/4467
f 4469/4469/4469 4470/4470/4470 4467/4467/4467
f 4473/4473/4473 4472/4472/4472 4471/4471/4471
f 4474/4474/4474 4473/4473/4473 4471/4471/4471
f 4476/4476/4476 4477/4477/4477 4475/4475/4475
f 4477/4477/4477 4478/4478/4478 4475/4475/4475
f 4481/4481/4481 4480/4480/4480 4479/4479/4479
f 4482/4482/4482 4481/4481/4481 4479/4479/4479
f 4484/4484/4484 4485/4485/4485 4483/4483/4483
f 4485/4485/4485 4486/4486/4486 4483/4483/4483
f 4489/4489/4489 4488/4488/4488 4487/4487/4487
f 4490/4490/4490 4489/4489/4489 4487/4487/4487
f 4492/4492/4492 4493/4493/4493 4491/4491/4491
f 4493/4493/4493 4494/4494/4494 4491/4491/4491
f 4497/4497/4497 4496/4496/4496 4495/4495/4495
f 4498/4498/4498 4497/4497/4497 4495/4495/4495
f 4500/4500/4500 4501/4501/4501 4499/4499/4499
f 4501/4501/4501 4502/4502/4502 4499/4499/4499
f 4505/4505/4505 4504/4504/4504 4503/4503/4503
f 4506/4506/4506 4505/4505/4505 4503/4503/4503
f 4508/4508/4508 4509/4509/4509 4507/4507/4507
f 4509/4509/4509 4510/4510/4510 4507/4507/4507
f 4513/4513/4513 4512/4512/4512 4511/4511/4511
f 4514/4514/4514 4513/4513/4513 4511/4511/4511
f 4516/4516/4516 4517/4517/4517 4515/4515/4515
f 4517/4517/4517 4518/4518/4518 4515/4515/4515
f 4521/4521/4521 4520/4520/4520 4519/4519/4519
f 4522/4522/4522 4521/4521/4521 4519/4519/4519
f 4524/4524/4524 4525/4525/4525 4523/4523/4523
f 4525/4525/4525 4526/4526/4526 4523/4523/4523
f 4529/4529/4529 4528/4528/4528 4527/4527/4527
f 4530/4530/4530 4529/4529/4529 4527/4527/4527
f 4532/4532/4532 4533/4533/4533 4531/4531/4531
f 4533/4533/4533 4534/4534/4534 4531/4531/4531
f 4537/4537/4537 4536/4536/4536 4535/4535/4535
f 4538/4538/4538 4537/4537/4537 4535/4535/4535
f 4540/4540/4540 4541/4541/4541 4539/4539/4539
f 4541/4541/4541 4542/4542/4542 4539/4539/4539
f 4545/4545/4545 4544/4544/4544 4543/4543/4543
f 4546/4546/4546 4545/4545/4545 4543/4543/4543
f 4548/4548/4548 4549/4549/4549 4547/4547/4547
f 4549/4549/4549 4550/4550/4550 4547/4547/4547
f 4553/4553/4553 4552/4552/4552 4551/4551/4551
f 4554/4554/4554 4553/4553/4553 4551/4551/4551
f 4556/4556/4556 4557/4557/4557 4555/4555/4555
f 4557/4557/4557 4558/4558/4558 4555/4555/4555
f 4561/4561/4561 4560/4560/4560 4559/4559/4559
f 4562/4562/4562 4561/4561/4561 4559/4559/4559
f 4564/4564/4564 4565/4565/4565 4563/4563/4563
f 4565/4565/4565 4566/4566/4566 4563/4563/4563
f 1367/1367/1367 1368/1368/1368 1369/1369/1369
f 1367/1367/1367 1369/1369/1369 1370/1370/1370
f 1371/1371/1371 1373/1373/1373 1372/1372/1372
f 1371/1371/1371 1374/1374/1374 1373/1373/1373
f 1375/1375/1375 1376/1376/1376 1377/1377/1377
f 1375/1375/1375 1377/1377/1377 1378/1378/1378
f 1379/1379/1379 1381/1381/1381 1380/1380/1380
f 1379/1379/1379 1382/1382/1382 1381/1381/1381
f 1383/1383/1383 1384/1384/1384 1385/1385/1385
f 1383/1383/1383 1385/1385/1385 1386/1386/1386
f 1387/1387/1387 1389/1389/1389 1388/1388/1388
f 1387/1387/1387 1390/1390/1390 1389/1389/1389
f 1391/1391/1391 1392/1392/1392 1393/1393/1393
f 1391/1391/1391 1393/1393/1393 1394/1394/1394
f 1395/1395/1395 1397/1397/1397 1396/1396/1396
f 1395/1395/1395 1398/1398/1398 1397/1397/1397
f 1399/1399/1399 1400/1400/1400 1401/1401/1401
f 1399/1399/1399 1401/1401/1401 1402/1402/1402
f 1403/1403/1403 1405/1405/1405 1404/1404/1404
f 1403/1403/1403 1406/1406/1406 1405/1405/1405
f 1407/1407/1407 1408/1408/1408 1409/1409/1409
f 1407/1407/1407 1409/1409/1409 1410/1410/1410
f 1411/1411/1411 1413/1413/1413 1412/1412/1412
f 1411/1411/1411 1414/1414/1414 1413/1413/1413
f 1415/1415/1415 1416/1416/1416 1417/1417/1417
f 1415/1415/1415 1417/1417/1417 1418/1418/1418
f 1419/1419/1419 1421/1421/1421 1420/1420/1420
f 1419/1419/1419 1422/1422/1422 1421/1421/1421
f 1423/1423/1423 1424/1424/1424 1425/1425/1425
f 1423/1423/1423 1425/1425/1425 1426/1426/1426
f 1427/1427/1427 1429/1429/1429 1428/1428/1428
f 1427/1427/1427 1430/1430/1430 1429/1429/1429
f 1431/1431/1431 1432/1432/1432 1433/1433/1433
f 1431/1431/1431 1433/1433/1433 1434/1434/1434
f 1435/1435/1435 1437/1437/1437 1436/1436/1436
f 1435/1435/1435 1438/1438/1438 1437/1437/1437
f 1439/1439/1439 1440/1440/1440 1441/1441/1441
f 1439/1439/1439 1441/1441/1441 1442/1442/1442
f 1443/1443/1443 1445/1445/1445 1444/1444/1444
f 1443/1443/1443 1446/1446/1446 1445/1445/1445
f 1447/1447/1447 1448/1448/1448 1449/1449/1449
f 1447/1447/1447 1449/1449/1449 1450/1450/1450
f 1451/1451/1451 1453/1453/1453 1452/1452/1452
f 1451/1451/1451 1454/1454/1454 1453/1453/1453
f 1455/1455/1455 1456/1456/1456 1457/1457/1457
f 1455/1455/1455 1457/1457/1457 1458/1458/1458
f 1459/1459/1459 1461/1461/1461 1460/1460/1460
f 1459/1459/1459 1462/1462/1462 1461/1461/1461
f 1463/1463/1463 1464/1464/1464 1465/1465/1465
f 1463/1463/1463 1465/1465/1465 1466/1466/1466
f 1467/1467/1467 1469/1469/1469 1468/1468/1468
f 1467/1467/1467 1470/1470/1470 1469/1469/1469
f 1471/1471/1471 1472/1472/1472 1473/1473/1473
f 1471/1471/1471 1473/1473/1473 1474/1474/1474
f 1475/1475/1475 1477/1477/1477 1476/1476/1476
f 1475/1475/1475 1478/1478/1478 1477/1477/1477
f 1479/1479/1479 1480/1480/1480 1481/1481/1481
f 1479/1479/1479 1481/1481/1481 1482/1482/1482
f 1483/1483/1483 1485/1485/1485 1484/1484/1484
f 1483/1483/1483 1486/1486/1486 1485/1485/1485
f 1487/1487/1487 1488/1488/1488 1489/1489/1489
f 1487/1487/1487 1489/1489/1489 1490/1490/1490
f 1491/1491/1491 1493/1493/1493 1492/1492/1492
f 1491/1491/1491 1494/1494/1494 1493/1493/1493
f 1495/1495/1495 1496/1496/1496 1497/1497/1497
f 1495/1495/1495 1497/1497/1497 1498/1498/1498
f 1499/1499/1499 1501/1501/1501 1500/1500/1500
f 1499/1499/1499 1502/1502/1502 1501/1501/1501
f 1503/1503/1503 1504/1504/1504 1505/1505/1505
f 1503/1503/1503 1505/1505/1505 1506/1506/1506
f 1507/1507/1507 1509/1509/1509 1508/1508/1508
f 1507/1507/1507 1510/1510/1510 1509/1509/1509
f 1511/1511/1511 1512/1512/1512 1513/1513/1513
f 1511/1511/1511 1513/1513/1513 1514/1514/1514
f 1515/1515/1515 1517/1517/1517 1516/1516/1516
f 1515/1515/1515 1518/1518/1518 1517/1517/1517
f 1519/1519/1519 1520/1520/1520 1521/1521/1521
f 1519/1519/1519 1521/1521/1521 1522/1522/1522
f 1523/1523/1523 1525/1525/1525 1524/1524/1524
f 1523/1523/1523 1526/1526/1526 1525/1525/1525
f 1527/1527/1527 1528/1528/1528 1529/1529/1529
f 1527/1527/1527 1529/1529/1529 1530/1530/1530
f 1531/1531/1531 1533/1533/1533 1532/1532/1532
f 1531/1531/1531 1534/1534/1534 1533/1533/1533
f 1535/1535/1535 1536/1536/1536 1537/1537/1537
f 1535/1535/1535 1537/1537/1537 1538/1538/1538
f 1539/1539/1539 1541/1541/1541 1540/1540/1540
f 1539/1539/1539 1542/1542/1542 1541/1541/1541
f 1543/1543/1543 1544/1544/1544 1545/1545/1545
f 1543/1543/1543 1545/1545/1545 1546/1546/1546
f 1547/1547/1547 1549/1549/1549 1548/1548/1548
f 1547/1547/1547 1550/1550/1550 1549/1549/1549
f 1551/1551/1551 1552/1552/1552 1553/1553/1553
f 1551/1551/1551 1553/1553/1553 1554/1554/1554
f 1555/1555/1555 1557/1557/1557 1556/1556/1556
f 1555/1555/1555 1558/1558/1558 1557/1557/1557
f 1559/1559/1559 1560/1560/1560 1561/1561/1561
f 1559/1559/1559 1561/1561/1561 1562/1562/1562
f 1563/1563/1563 1565/1565/1565 1564/1564/1564
f 1563/1563/1563 1566/1566/1566 1565/1565/1565
f 1567/1567/1567 1568/1568/1568 1569/1569/1569
f 1567/1567/1567 1569/1569/1569 1570/1570/1570
f 1571/1571/1571 1573/1573/1573 1572/1572/1572
f 1571/1571/1571 1574/1574/1574 1573/1573/1573
f 1575/1575/1575 1576/1576/1576 1577/1577/1577
f 1575/1575/1575 1577/1577/1577 1578/1578/1578
f 1579/1579/1579 1581/1581/1581 1580/1580/1580
f 1579/1579/1579 1582/1582/1582 1581/1581/1581
f 1583/1583/1583 1584/1584/1584 1585/1585/1585
f 1583/1583/1583 1585/1585/1585 1586/1586/1586
f 1587/1587/1587 1589/1589/1589 1588/1588/1588
f 1587/1587/1587 1590/1590/1590 1589/1589/1589
f 1591/1591/1591 1592/1592/1592 1593/1593/1593
f 1591/1591/1591 1593/1593/1593 1594/1594/1594
f 1595/1595/1595 1597/1597/1597 1596/1596/1596
f 1595/1595/1595 1598/1598/1598 1597/1597/1597
f 1599/1599/1599 1600/1600/1600 1601/1601/1601
f 1599/1599/1599 1601/1601/1601 1602/1602/1602
f 1603/1603/1603 1605/1605/1605 1604/1604/1604
f 1603/1603/1603 1606/1606/1606 1605/1605/1605
f 1607/1607/1607 1608/1608/1608 1609/1609/1609
f 1607/1607/1607 1609/1609/1609 1610/1610/1610
f 1611/1611/1611 1613/1613/1613 1612/1612/1612
f 1611/1611/1611 1614/1614/1614 1613/1613/1613
f 1615/1615/1615 1616/1616/1616 1617/1617/1617
f 1615/1615/1615 1617/1617/1617 1618/1618/1618
f 1619/1619/1619 1621/1621/1621 1620/1620/1620
f 1619/1619/1619 1622/1622/1622 1621/1621/1621
f 1623/1623/1623 1624/1624/1624 1625/1625/1625
f 1623/1623/1623 1625/1625/1625 1626/1626/1626
f 1627/1627/1627 1629/1629/1629 1628/1628/1628
f 1627/1627/1627 1630/1630/1630 1629/1629/1629
f 1631/1631/1631 1632/1632/1632 1633/1633/1633
f 1631/1631/1631 1633/1633/1633 1634/1634/1634
f 1635/1635/1635 1637/1637/1637 1636/1636/1636
f 1635/1635/1635 1638/1638/1638 1637/1637/1637
f 1639/1639/1639 1640/1640/1640 1641/1641/1641
f 1639/1639/1639 1641/1641/1641 1642/1642/1642
f 1643/1643/1643 1645/1645/1645 1644/1644/1644
f 1643/1643/1643 1646/1646/1646 1645/1645/1645
f 1647/1647/1647 1648/1648/1648 1649/1649/1649
f 1647/1647/1647 1649/1649/1649 1650/1650/1650
f 1651/1651/1651 1653/1653/1653 1652/1652/1652
f 1651/1651/1651 1654/1654/1654 1653/1653/1653
f 1655/1655/1655 1656/1656/1656 1657/1657/1657
f 1655/1655/1655 1657/1657/1657 1658/1658/1658
f 1659/1659/1659 1661/1661/1661 1660/1660/1660
f 1659/1659/1659 1662/1662/1662 1661/1661/1661
f 1663/1663/1663 1664/1664/1664 1665/1665/1665
f 1663/1663/1663 1665/1665/1665 1666/1666/1666
f 1667/1667/1667 1669/1669/1669 1668/1668/1668
f 1667/1667/1667 1670/1670/1670 1669/1669/1669
f 1671/1671/1671 1672/1672/1672 1673/1673/1673
f 1671/1671/1671 1673/1673/1673 1674/1674/1674
f 1675/1675/1675 1677/1677/1677 1676/1676/1676
f 1675/1675/1675 1678/1678/1678 1677/1677/1677
f 1679/1679/1679 1680/1680/1680 1681/1681/1681
f 1679/1679/1679 1681/1681/1681 1682/1682/1682
f 1683/1683/1683 1685/1685/1685 1684/1684/1684
f 1683/1683/1683 1686/1686/1686 1685/1685/1685
f 1687/1687/1687 1688/1688/1688 1689/1689/1689
f 1687/1687/1687 1689/1689/1689 1690/1690/1690
f 1691/1691/1691 1693/1693/1693 1692/1692/1692
f 1691/1691/1691 1694/1694/1694 1693/1693/1693
f 1695/1695/1695 1696/1696/1696 1697/1697/1697
f 1695/1695/1695 1697/1697/1697 1698/1698/1698
f 1699/1699/1699 1701/1701/1701 1700/1700/1700
f 1699/1699/1699 1702/1702/1702 1701/1701/1701
f 1703/1703/1703 1704/1704/1704 1705/1705/1705
f 1703/1703/1703 1705/1705/1705 1706/1706/1706
f 1707/1707/1707 1709/1709/1709 1708/1708/1708
f 1707/1707/1707 1710/1710/1710 1709/1709/1709
f 1711/1711/1711 1712/1712/1712 1713/1713/1713
f 1711/1711/1711 1713/1713/1713 1714/1714/1714
f 1715/1715/1715 1717/1717/1717 1716/1716/1716
f 1715/1715/1715 1718/1718/1718 1717/1717/1717
f 1719/1719/1719 1720/1720/1720 1721/1721/1721
f 1719/1719/1719 1721/1721/1721 1722/1722/1722
f 1723/1723/1723 1725/1725/1725 1724/1724/1724
f 1723/1723/1723 1726/1726/1726 1725/1725/1725
f 1727/1727/1727 1728/1728/1728 1729/1729/1729
f 1727/1727/1727 1729/1729/1729 1730/1730/1730
f 1731/1731/1731 1733/1733/1733 1732/1732/1732
f 1731/1731/1731 1734/1734/1734 1733/1733/1733
f 1735/1735/1735 1736/1736/1736 1737/1737/1737
f 1735/1735/1735 1737/1737/1737 1738/1738/1738
f 1739/1739/1739 1741/1741/1741 1740/1740/1740
f 1739/1739/1739 1742/1742/1742 1741/1741/1741
f 1743/1743/1743 1744/1744/1744 1745/1745/1745
f 1743/1743/1743 1745/1745/1745 1746/1746/1746
f 1747/1747/1747 1749/1749/1749 1748/1748/1748
f 1747/1747/1747 1750/1750/1750 1749/1749/1749
f 1751/1751/1751 1752/1752/1752 1753/1753/1753
f 1751/1751/1751 1753/1753/1753 1754/1754/1754
f 1755/1755/1755 1757/1757/1757 1756/1756/1756
f 1755/1755/1755 1758/1758/1758 1757/1757/1757
f 1759/1759/1759 1760/1760/1760 1761/1761/1761
f 1759/1759/1759 1761/1761/1761 1762/1762/1762
f 1763/1763/1763 1765/1765/1765 1764/1764/1764
f 1763/1763/1763 1766/1766/1766 1765/1765/1765
f 1767/1767/1767 1768/1768/1768 1769/1769/1769
f 1767/1767/1767 1769/1769/1769 1770/1770/1770
f 1771/1771/1771 1773/1773/1773 1772/1772/1772
f 1771/1771/1771 1774/1774/1774 1773/1773/1773
f 1775/1775/1775 1776/1776/1776 1777/1777/1777
f 1775/1775/1775 1777/1777/1777 1778/1778/1778
f 1779/1779/1779 1781/1781/1781 1780/1780/1780
f 1779/1779/1779 1782/1782/1782 1781/1781/1781
f 1783/1783/1783 1784/1784/1784 1785/1785/1785
f 1783/1783/1783 1785/1785/1785 1786/1786/1786
f 1787/1787/1787 1789/1789/1789 1788/1788/1788
f 1787/1787/1787 1790/1790/1790 1789/1789/1789
f 1791/1791/1791 1792/1792/1792 1793/1793/1793
f 1791/1791/1791 1793/1793/1793 1794/1794/1794
f 1795/1795/1795 1797/1797/1797 1796/1796/1796
f 1795/1795/1795 1798/1798/1798 1797/1797/1797
f 1799/1799/1799 1800/1800/1800 1801/1801/1801
f 1799/1799/1799 1801/1801/1801 1802/1802/1802
f 1803/1803/1803 1805/1805/1805 1804/1804/1804
f 1803/1803/1803 1806/1806/1806 1805/1805/1805
f 1807/1807/1807 1808/1808/1808 1809/1809/1809
f 1807/1807/1807 1809/1809/1809 1810/1810/1810
f 1811/1811/1811 1813/1813/1813 1812/1812/1812
f 1811/1811/1811 1814/1814/1814 1813/1813/1813
f 1815/1815/1815 1816/1816/1816 1817/1817/1817
f 1815/1815/1815 1817/1817/1817 1818/1818/1818
f 1819/1819/1819 1821/1821/1821 1820/1820/1820
f 1819/1819/1819 1822/1822/1822 1821/1821/1821
f 1823/1823/1823 1824/1824/1824 1825/1825/1825
f 1823/1823/1823 1825/1825/1825 1826/1826/1826
f 1827/1827/1827 1829/1829/1829 1828/1828/1828
f 1827/1827/1827 1830/1830/1830 1829/1829/1829
f 1831/1831/1831 1832/1832/1832 1833/1833/1833
f 1831/1831/1831 1833/1833/1833 1834/1834/1834
f 1835/1835/1835 1837/1837/1837 1836/1836/1836
f 1835/1835/1835 1838/1838/1838 1837/1837/1837
f 1839/1839/1839 1840/1840/1840 1841/1841/1841
f 1839/1839/1839 1841/1841/1841 1842/1842/1842
f 1843/1843/1843 1845/1845/1845 1844/1844/1844
f 1843/1843/1843 1846/1846/1846 1845/1845/1845
f 1847/1847/1847 1848/1848/1848 1849/1849/1849
f 1847/1847/1847 1849/1849/1849 1850/1850/1850
f 1851/1851/1851 1853/1853/1853 1852/1852/1852
f 1851/1851/1851 1854/1854/1854 1853/1853/1853
f 1855/1855/1855 1856/1856/1856 1857/1857/1857
f 1855/1855/1855 1857/1857/1857 1858/1858/1858
f 1859/1859/1859 1861/1861/1861 1860/1860/1860
f 1859/1859/1859 1862/1862/1862 1861/1861/1861
f 1863/1863/1863 1864/1864/1864 1865/1865/1865
f 1863/1863/1863 1865/1865/1865 1866/1866/1866
f 1867/1867/1867 1869/1869/1869 1868/1868/1868
f 1867/1867/1867 1870/1870/1870 1869/1869/1869
f 1871/1871/1871 1872/1872/1872 1873/1873/1873
f 1871/1871/1871 1873/1873/1873 1874/1874/1874
f 1875/1875/1875 1877/1877/1877 1876/1876/1876
f 1875/1875/1875 1878/1878/1878 1877/1877/1877
f 1879/1879/1879 1880/1880/1880 1881/1881/1881
f 1879/1879/1879 1881/1881/1881 1882/1882/1882
f 1883/1883/1883 1885/1885/1885 1884/1884/1884
f 1883/1883/1883 1886/1886/1886 1885/1885/1885
f 1887/1887/1887 1888/1888/1888 1889/1889/1889
f 1887/1887/1887 1889/1889/1889 1890/1890/1890
f 1891/1891/1891 1893/1893/1893 1892/1892/1892
f 1891/1891/1891 1894/1894/1894 1893/1893/1893
f 1895/1895/1895 1896/1896/1896 1897/1897/1897
f 1895/1895/1895 1897/1897/1897 1898/1898/1898
f 1899/1899/1899 1901/1901/1901 1900/1900/1900
f 1899/1899/1899 1902/1902/1902 1901/1901/1901
f 1903/1903/1903 1904/1904/1904 1905/1905/1905
f 1903/1903/1903 1905/1905/1905 1906/1906/1906
f 1907/1907/1907 1909/1909/1909 1908/1908/1908
f 1907/1907/1907 1910/1910/1910 1909/1909/1909
f 1911/1911/1911 1912/1912/1912 1913/1913/1913
f 1911/1911/1911 1913/1913/1913 1914/1914/1914
f 1915/1915/1915 1917/1917/1917 1916/1916/1916
f 1915/1915/1915 1918/1918/1918 1917/1917/1917
f 1919/1919/1919 1920/1920/1920 1921/1921/1921
f 1919/1919/1919 1921/1921/1921 1922/1922/1922
f 1923/1923/1923 1925/1925/1925 1924/1924/1924
f 1923/1923/1923 1926/1926/1926 1925/1925/1925
f 1927/1927/1927 1928/1928/1928 1929/1929/1929
f 1927/1927/1927 1929/1929/1929 1930/1930/1930
f 1931/1931/1931 1933/1933/1933 1932/1932/1932
f 1931/1931/1931 1934/1934/1934 1933/1933/1933
f 1935/1935/1935 1936/1936/1936 1937/1937/1937
f 1935/1935/1935 1937/1937/1937 1938/1938/1938
f 1939/1939/1939 1941/1941/1941 1940/1940/1940
f 1939/1939/1939 1942/1942/1942 1941/1941/1941
f 1943/1943/1943 1944/1944/1944 1945/1945/1945
f 1943/1943/1943 1945/1945/1945 1946/1946/1946
f 1947/1947/1947 1949/1949/1949 1948/1948/1948
f 1947/1947/1947 1950/1950/1950 1949/1949/1949
f 1951/1951/1951 1952/1952/1952 1953/1953/1953
f 1951/1951/1951 1953/1953/1953 1954/1954/1954
f 1955/1955/1955 1957/1957/1957 1956/1956/1956
f 1955/1955/1955 1958/1958/1958 1957/1957/1957
f 1959/1959/1959 1960/1960/1960 1961/1961/1961
f 1959/1959/1959 1961/1961/1961 1962/1962/1962
f 1963/1963/1963 1965/1965/1965 1964/1964/1964
f 1963/1963/1963 1966/1966/1966 1965/1965/1965
f 1967/1967/1967 1968/1968/1968 1969/1969/1969
f 1967/1967/1967 1969/1969/1969 1970/1970/1970
f 1971/1971/1971 1973/1973/1973 1972/1972/1972
f 1971/1971/1971 1974/1974/1974 1973/1973/1973
f 1975/1975/1975 1976/1976/1976 1977/1977/1977
f 1975/1975/1975 1977/1977/1977 1978/1978/1978
f 1979/1979/1979 1981/1981/1981 1980/1980/1980
f 1979/1979/1979 1982/1982/1982 1981/1981/1981
f 1983/1983/1983 1984/1984/1984 1985/1985/1985
f 1983/1983/1983 1985/1985/1985 1986/1986/1986
f 1987/1987/1987 1989/1989/1989 1988/1988/1988
f 1987/1987/1987 1990/1990/1990 1989/1989/1989
f 1991/1991/1991 1992/1992/1992 1993/1993/1993
f 1991/1991/1991 1993/1993/1993 1994/1994/1994
f 1995/1995/1995 1997/1997/1997 1996/1996/1996
f 1995/1995/1995 1998/1998/1998 1997/1997/1997
f 1999/1999/1999 2000/2000/2000 2001/2001/2001
f 1999/1999/1999 2001/2001/2001 2002/2002/2002
f 2003/2003/2003 2005/2005/2005 2004/2004/2004
f 2003/2003/2003 2006/2006/2006 2005/2005/2005
f 2007/2007/2007 2008/2008/2008 2009/2009/2009
f 2007/2007/2007 2009/2009/2009 2010/2010/2010
f 2011/2011/2011 2013/2013/2013 2012/2012/2012
f 2011/2011/2011 2014/2014/2014 2013/2013/2013
f 2015/2015/2015 2016/2016/2016 2017/2017/2017
f 2015/2015/2015 2017/2017/2017 2018/2018/2018
f 2019/2019/2019 2021/2021/2021 2020/2020/2020
f 2019/2019/2019 2022/2022/2022 2021/2021/2021
f 2023/2023/2023 2024/2024/2024 2025/2025/2025
f 2023/2023/2023 2025/2025/2025 2026/2026/2026
f 2027/2027/2027 2029/2029/2029 2028/2028/2028
f 2027/2027/2027 2030/2030/2030 2029/2029/2029
f 2031/2031/2031 2032/2032/2032 2033/2033/2033
f 2031/2031/2031 2033/2033/2033 2034/2034/2034
f 2035/2035/2035 2037/2037/2037 2036/2036/2036
f 2035/2035/2035 2038/2038/2038 2037/2037/2037
f 2039/2039/2039 2040/2040/2040 2041/2041/2041
f 2039/2039/2039 2041/2041/2041 2042/2042/2042
f 2043/2043/2043 2045/2045/2045 2044/2044/2044
f 2043/2043/2043 2046/2046/2046 2045/2045/2045
f 2047/2047/2047 2048/2048/2048 2049/2049/2049
f 2047/2047/2047 2049/2049/2049 2050/2050/2050
f 2051/2051/2051 2053/2053/2053 2052/2052/2052
f 2051/2051/2051 2054/2054/2054 2053/2053/2053
f 2055/2055/2055 2056/2056/2056 2057/2057/2057
f 2055/2055/2055 2057/2057/2057 2058/2058/2058
f 2059/2059/2059 2061/2061/2061 2060/2060/2060
f 2059/2059/2059 2062/2062/2062 2061/2061/2061
f 2063/2063/2063 2064/2064/2064 2065/2065/2065
f 2063/2063/2063 2065/2065/2065 2066/2066/2066
f 2067/2067/2067 2069/2069/2069 2068/2068/2068
f 2067/2067/2067 2070/2070/2070 2069/2069/2069
f 2071/2071/2071 2072/2072/2072 2073/2073/2073
f 2071/2071/2071 2073/2073/2073 2074/2074/2074
f 2075/2075/2075 2077/2077/2077 2076/2076/2076
f 2075/2075/2075 2078/2078/2078 2077/2077/2077
f 2079/2079/2079 2080/2080/2080 2081/2081/2081
f 2079/2079/2079 2081/2081/2081 2082/2082/2082
f 2083/2083/2083 2085/2085/2085 2084/2084/2084
f 2083/2083/2083 2086/2086/2086 2085/2085/2085
f 2087/2087/2087 2088/2088/2088 2089/2089/2089
f 2087/2087/2087 2089/2089/2089 2090/2090/2090
f 2091/2091/2091 2093/2093/2093 2092/2092/2092
f 2091/2091/2091 2094/2094/2094 2093/2093/2093
f 2095/2095/2095 2096/2096/2096 2097/2097/2097
f 2095/2095/2095 2097/2097/2097 2098/2098/2098
f 2099/2099/2099 2101/2101/2101 2100/2100/2100
f 2099/2099/2099 2102/2102/2102 2101/2101/2101
f 2103/2103/2103 2104/2104/2104 2105/2105/2105
f 2103/2103/2103 2105/2105/2105 2106/2106/2106
f 2107/2107/2107 2109/2109/2109 2108/2108/2108
f 2107/2107/2107 2110/2110/2110 2109/2109/2109
f 2111/2111/2111 2112/2112/2112 2113/2113/2113
f 2111/2111/2111 2113/2113/2113 2114/2114/2114
f 2115/2115/2115 2117/2117/2117 2116/2116/2116
f 2115/2115/2115 2118/2118/2118 2117/2117/2117
f 2119/2119/2119 2120/2120/2120 2121/2121/2121
f 2119/2119/2119 2121/2121/2121 2122/2122/2122
f 2123/2123/2123 2125/2125/2125 2124/2124/2124
f 2123/2123/2123 2126/2126/2126 2125/2125/2125
f 2127/2127/2127 2128/2128/2128 2129/2129/2129
f 2127/2127/2127 2129/2129/2129 2130/2130/2130
f 2131/2131/2131 2133/2133/2133 2132/2132/2132
f 2131/2131/2131 2134/2134/2134 2133/2133/2133
f 2135/2135/2135 2136/2136/2136 2137/2137/2137
f 2135/2135/2135 2137/2137/2137 2138/2138/2138
f 2139/2139/2139 2141/2141/2141 2140/2140/2140
f 2139/2139/2139 2142/2142/2142 2141/2141/2141
f 2143/2143/2143 2144/2144/2144 2145/2145/2145
f 2143/2143/2143 2145/2145/2145 2146/2146/2146
f 2147/2147/2147 2149/2149/2149 2148/2148/2148
f 2147/2147/2147 2150/2150/2150 2149/2149/2149
f 2151/2151/2151 2152/2152/2152 2153/2153/2153
f 2151/2151/2151 2153/2153/2153 2154/2154/2154
f 2155/2155/2155 2157/2157/2157 2156/2156/2156
f 2155/2155/2155 2158/2158/2158 2157/2157/2157
f 2159/2159/2159 2160/2160/2160 2161/2161/2161
f 2159/2159/2159 2161/2161/2161 2162/2162/2162
f 2163/2163/2163 2165/2165/2165 2164/2164/2164
f 2163/2163/2163 2166/2166/2166 2165/2165/2165
f 2167/2167/2167 2168/2168/2168 2169/2169/2169
f 2167/2167/2167 2169/2169/2169 2170/2170/2170
f 2171/2171/2171 2173/2173/2173 2172/2172/2172
f 2171/2171/2171 2174/2174/2174 2173/2173/2173
f 2175/2175/2175 2176/2176/2176 2177/2177/2177
f 2175/2175/2175 2177/2177/2177 2178/2178/2178
f 2179/2179/2179 2181/2181/2181 2180/2180/2180
f 2179/2179/2179 2182/2182/2182 2181/2181/2181
f 2183/2183/2183 2184/2184/2184 2185/2185/2185
f 2183/2183/2183 2185/2185/2185 2186/2186/2186
f 2187/2187/2187 2189/2189/2189 2188/2188/2188
f 2187/2187/2187 2190/2190/2190 2189/2189/2189
f 2191/2191/2191 2192/2192/2192 2193/2193/2193
f 2191/2191/2191 2193/2193/2193 2194/2194/2194
f 2195/2195/2195 2197/2197/2197 2196/2196/2196
f 2195/2195/2195 2198/2198/2198 2197/2197/2197
f 2199/2199/2199 2200/2200/2200 2201/2201/2201
f 2199/2199/2199 2201/2201/2201 2202/2202/2202
f 2203/2203/2203 2205/2205/2205 2204/2204/2204
f 2203/2203/2203 2206/2206/2206 2205/2205/2205
f 2207/2207/2207 2208/2208/2208 2209/2209/2209
f 2207/2207/2207 2209/2209/2209 2210/2210/2210
f 2211/2211/2211 2213/2213/2213 2212/2212/2212
f 2211/2211/2211 2214/2214/2214 2213/2213/2213
f 2215/2215/2215 2216/2216/2216 2217/2217/2217
f 2215/2215/2215 2217/2217/2217 2218/2218/2218
f 2219/2219/2219 2221/2221/2221 2220/2220/2220
f 2219/2219/2219 2222/2222/2222 2221/2221/2221
f 2223/2223/2223 2224/2224/2224 2225/2225/2225
f 2223/2223/2223 2225/2225/2225 2226/2226/2226
f 2227/2227/2227 2229/2229/2229 2228/2228/2228
f 2227/2227/2227 2230/2230/2230 2229/2229/2229
f 2231/2231/2231 2232/2232/2232 2233/2233/2233
f 2231/2231/2231 2233/2233/2233 2234/2234/2234
f 2235/2235/2235 2237/2237/2237 2236/2236/2236
f 2235/2235/2235 2238/2238/2238 2237/2237/2237
f 2239/2239/2239 2240/2240/2240 2241/2241/2241
f 2239/2239/2239 2241/2241/2241 2242/2242/2242
f 2243/2243/2243 2245/2245/2245 2244/2244/2244
f 2243/2243/2243 2246/2246/2246 2245/2245/2245
f 2247/2247/2247 2248/2248/2248 2249/2249/2249
f 2247/2247/2247 2249/2249/2249 2250/2250/2250
f 2251/2251/2251 2253/2253/2253 2252/2252/2252
f 2251/2251/2251 2254/2254/2254 2253/2253/2253
f 2255/2255/2255 2256/2256/2256 2257/2257/2257
f 2255/2255/2255 2257/2257/2257 2258/2258/2258
f 2259/2259/2259 2261/2261/2261 2260/2260/2260
f 2259/2259/2259 2262/2262/2262 2261/2261/2261
f 2263/2263/2263 2264/2264/2264 2265/2265/2265
f 2263/2263/2263 2265/2265/2265 2266/2266/2266
f 2267/2267/2267 2269/2269/2269 2268/2268/2268
f 2267/2267/2267 2270/2270/2270 2269/2269/2269
f 2271/2271/2271 2272/2272/2272 2273/2273/2273
f 2271/2271/2271 2273/2273/2273 2274/2274/2274
f 2275/2275/2275 2277/2277/2277 2276/2276/2276
f 2275/2275/2275 2278/2278/2278 2277/2277/2277
f 2279/2279/2279 2280/2280/2280 2281/2281/2281
f 2279/2279/2279 2281/2281/2281 2282/2282/2282
f 2283/2283/2283 2285/2285/2285 2284/2284/2284
f 2283/2283/2283 2286/2286/2286 2285/2285/2285
f 2287/2287/2287 2288/2288/2288 2289/2289/2289
f 2287/2287/2287 2289/2289/2289 2290/2290/2290
f 2291/2291/2291 2293/2293/2293 2292/2292/2292
f 2291/2291/2291 2294/2294/2294 2293/2293/2293
f 2295/2295/2295 2296/2296/2296 2297/2297/2297
f 2295/2295/2295 2297/2297/2297 2298/2298/2298
f 2299/2299/2299 2301/2301/2301 2300/2300/2300
f 2299/2299/2299 2302/2302/2302 2301/2301/2301
f 2303/2303/2303 2304/2304/2304 2305/2305/2305
f 2303/2303/2303 2305/2305/2305 2306/2306/2306
f 2307/2307/2307 2309/2309/2309 2308/2308/2308
f 2307/2307/2307 2310/2310/2310 2309/2309/2309
f 2311/2311/2311 2312/2312/2312 2313/2313/2313
f 2311/2311/2311 2313/2313/2313 2314/2314/2314
f 2315/2315/2315 2317/2317/2317 2316/2316/2316
f 2315/2315/2315 2318/2318/2318 2317/2317/2317
f 2319/2319/2319 2320/2320/2320 2321/2321/2321
f 2319/2319/2319 2321/2321/2321 2322/2322/2322
f 2323/2323/2323 2325/2325/2325 2324/2324/2324
f 2323/2323/2323 2326/2326/2326 2325/2325/2325
f 2327/2327/2327 2328/2328/2328 2329/2329/2329
f 2327/2327/2327 2329/2329/2329 2330/2330/2330
f 2331/2331/2331 2333/2333/2333 2332/2332/2332
f 2331/2331/2331 2334/2334/2334 2333/2333/2333
f 2335/2335/2335 2336/2336/2336 2337/2337/2337
f 2335/2335/2335 2337/2337/2337 2338/2338/2338
f 2339/2339/2339 2341/2341/2341 2340/2340/2340
f 2339/2339/2339 2342/2342/2342 2341/2341/2341
f 2343/2343/2343 2344/2344/2344 2345/2345/2345
f 2343/2343/2343 2345/2345/2345 2346/2346/2346
f 2347/2347/2347 2349/2349/2349 2348/2348/2348
f 2347/2347/2347 2350/2350/2350 2349/2349/2349
f 2351/2351/2351 2352/2352/2352 2353/2353/2353
f 2351/2351/2351 2353/2353/2353 2354/2354/2354
f 2355/2355/2355 2357/2357/2357 2356/2356/2356
f 2355/2355/2355 2358/2358/2358 2357/2357/2357
f 2359/2359/2359 2360/2360/2360 2361/2361/2361
f 2359/2359/2359 2361/2361/2361 2362/2362/2362
f 2363/2363/2363 2365/2365/2365 2364/2364/2364
f 2363/2363/2363 2366/2366/2366 2365/2365/2365
f 2367/2367/2367 2368/2368/2368 2369/2369/2369
f 2367/2367/2367 2369/2369/2369 2370/2370/2370
f 2371/2371/2371 2373/2373/2373 2372/2372/2372
f 2371/2371/2371 2374/2374/2374 2373/2373/2373
f 2375/2375/2375 2376/2376/2376 2377/2377/2377
f 2375/2375/2375 2377/2377/2377 2378/2378/2378
f 2379/2379/2379 2381/2381/2381 2380/2380/2380
f 2379/2379/2379 2382/2382/2382 2381/2381/2381
f 2383/2383/2383 2384/2384/2384 2385/2385/2385
f 2383/2383/2383 2385/2385/2385 2386/2386/2386
f 2387/2387/2387 2389/2389/2389 2388/2388/2388
f 2387/2387/2387 2390/2390/2390 2389/2389/2389
f 2391/2391/2391 2392/2392/2392 2393/2393/2393
f 2391/2391/2391 2393/2393/2393 2394/2394/2394
f 2395/2395/2395 2397/2397/2397 2396/2396/2396
f 2395/2395/2395 2398/2398/2398 2397/2397/2397
f 2399/2399/2399 2400/2400/2400 2401/2401/2401
f 2399/2399/2399 2401/2401/2401 2402/2402/2402
f 2403/2403/2403 2405/2405/2405 2404/2404/2404
f 2403/2403/2403 2406/2406/2406 2405/2405/2405
f 2407/2407/2407 2408/2408/2408 2409/2409/2409
f 2407/2407/2407 2409/2409/2409 2410/2410/2410
f 2411/2411/2411 2413/2413/2413 2412/2412/2412
f 2411/2411/2411 2414/2414/2414 2413/2413/2413
f 2415/2415/2415 2416/2416/2416 2417/2417/2417
f 2415/2415/2415 2417/2417/2417 2418/2418/2418
f 2419/2419/2419 2421/2421/2421 2420/2420/2420
f 2419/2419/2419 2422/2422/2422 2421/2421/2421
f 2423/2423/2423 2424/2424/2424 2425/2425/2425
f 2423/2423/2423 2425/2425/2425 2426/2426/2426
f 2427/2427/2427 2429/2429/2429 2428/2428/2428
f 2427/2427/2427 2430/2430/2430 2429/2429/2429
f 2431/2431/2431 2432/2432/2432 2433/2433/2433
f 2431/2431/2431 2433/2433/2433 2434/2434/2434
f 2435/2435/2435 2437/2437/2437 2436/2436/2436
f 2435/2435/2435 2438/2438/2438 2437/2437/2437
f 2439/2439/2439 2440/2440/2440 2441/2441/2441
f 2439/2439/2439 2441/2441/2441 2442/2442/2442
f 2443/2443/2443 2445/2445/2445 2444/2444/2444
f 2443/2443/2443 2446/2446/2446 2445/2445/2445
f 2447/2447/2447 2448/2448/2448 2449/2449/2449
f 2447/2447/2447 2449/2449/2449 2450/2450/2450
f 2451/2451/2451 2453/2453/2453 2452/2452/2452
f 2451/2451/2451 2454/2454/2454 2453/2453/2453
f 2455/2455/2455 2456/2456/2456 2457/2457/2457
f 2455/2455/2455 2457/2457/2457 2458/2458/2458
f 2459/2459/2459 2461/2461/2461 2460/2460/2460
f 2459/2459/2459 2462/2462/2462 2461/2461/2461
f 2463/2463/2463 2464/2464/2464 2465/2465/2465
f 2463/2463/2463 2465/2465/2465 2466/2466/2466
f 2467/2467/2467 2469/2469/2469 2468/2468/2468
f 2467/2467/2467 2470/2470/2470 2469/2469/2469
f 2471/2471/2471 2472/2472/2472 2473/2473/2473
f 2471/2471/2471 2473/2473/2473 2474/2474/2474
f 2475/2475/2475 2477/2477/2477 2476/2476/2476
f 2475/2475/2475 2478/2478/2478 2477/2477/2477
f 2479/2479/2479 2480/2480/2480 2481/2481/2481
f 2479/2479/2479 2481/2481/2481 2482/2482/2482
f 2483/2483/2483 2485/2485/2485 2484/2484/2484
f 2483/2483/2483 2486/2486/2486 2485/2485/2485
f 2487/2487/2487 2488/2488/2488 2489/2489/2489
f 2487/2487/2487 2489/2489/2489 2490/2490/2490
f 2491/2491/2491 2493/2493/2493 2492/2492/2492
f 2491/2491/2491 2494/2494/2494 2493/2493/2493
f 2495/2495/2495 2496/2496/2496 2497/2497/2497
f 2495/2495/2495 2497/2497/2497 2498/2498/2498
f 2499/2499/2499 2501/2501/2501 2500/2500/2500
f 2499/2499/2499 2502/2502/2502 2501/2501/2501
f 2503/2503/2503 2504/2504/2504 2505/2505/2505
f 2503/2503/2503 2505/2505/2505 2506/2506/2506
f 2507/2507/2507 2509/2509/2509 2508/2508/2508
f 2507/2507/2507 2510/2510/2510 2509/2509/2509
f 2511/2511/2511 2512/2512/2512 2513/2513/2513
f 2511/2511/2511 2513/2513/2513 2514/2514/2514
f 2515/2515/2515 2517/2517/2517 2516/2516/2516
f 2515/2515/2515 2518/2518/2518 2517/2517/2517
f 2519/2519/2519 2520/2520/2520 2521/2521/2521
f 2519/2519/2519 2521/2521/2521 2522/2522/2522
f 2523/2523/2523 2525/2525/2525 2524/2524/2524
f 2523/2523/2523 2526/2526/2526 2525/2525/2525
f 2527/2527/2527 2528/2528/2528 2529/2529/2529
f 2527/2527/2527 2529/2529/2529 2530/2530/2530
f 2531/2531/2531 2533/2533/2533 2532/2532/2532
f 2531/2531/2531 2534/2534/2534 2533/2533/2533
f 2535/2535/2535 2536/2536/2536 2537/2537/2537
f 2535/2535/2535 2537/2537/2537 2538/2538/2538
f 2539/2539/2539 2541/2541/2541 2540/2540/2540
f 2539/2539/2539 2542/2542/2542 2541/2541/2541
f 2543/2543/2543 2544/2544/2544 2545/2545/2545
f 2543/2543/2543 2545/2545/2545 2546/2546/2546
f 2547/2547/2547 2549/2549/2549 2548/2548/2548
f 2547/2547/2547 2550/2550/2550 2549/2549/2549
f 2551/2551/2551 2552/2552/2552 2553/2553/2553
f 2551/2551/2551 2553/2553/2553 2554/2554/2554
f 2555/2555/2555 2557/2557/2557 2556/2556/2556
f 2555/2555/2555 2558/2558/2558 2557/2557/2557
f 2559/2559/2559 2560/2560/2560 2561/2561/2561
f 2559/2559/2559 2561/2561/2561 2562/2562/2562
f 2563/2563/2563 2565/2565/2565 2564/2564/2564
f 2563/2563/2563 2566/2566/2566 2565/2565/2565
f 2567/2567/2567 2568/2568/2568 2569/2569/2569
f 2567/2567/2567 2569/2569/2569 2570/2570/2570
f 2571/2571/2571 2573/2573/2573 2572/2572/2572
f 2571/2571/2571 2574/2574/2574 2573/2573/2573
f 2575/2575/2575 2576/2576/2576 2577/2577/2577
f 2575/2575/2575 2577/2577/2577 2578/2578/2578
f 2579/2579/2579 2581/2581/2581 2580/2580/2580
f 2579/2579/2579 2582/2582/2582 2581/2581/2581
f 2583/2583/2583 2584/2584/2584 2585/2585/2585
f 2583/2583/2583 2585/2585/2585 2586/2586/2586
f 2587/2587/2587 2589/2589/2589 2588/2588/2588
f 2587/2587/2587 2590/2590/2590 2589/2589/2589
f 2591/2591/2591 2592/2592/2592 2593/2593/2593
f 2591/2591/2591 2593/2593/2593 2594/2594/2594
f 2595/2595/2595 2597/2597/2597 2596/2596/2596
f 2595/2595/2595 2598/2598/2598 2597/2597/2597
f 2599/2599/2599 2600/2600/2600 2601/2601/2601
f 2599/2599/2599 2601/2601/2601 2602/2602/2602
f 2603/2603/2603 2605/2605/2605 2604/2604/2604
f 2603/2603/2603 2606/2606/2606 2605/2605/2605
f 2607/2607/2607 2608/2608/2608 2609/2609/2609
f 2607/2607/2607 2609/2609/2609 2610/2610/2610
f 2611/2611/2611 2613/2613/2613 2612/2612/2612
f 2611/2611/2611 2614/2614/2614 2613/2613/2613
f 2615/2615/2615 2616/2616/2616 2617/2617/2617
f 2615/2615/2615 2617/2617/2617 2618/2618/2618
f 2619/2619/2619 2621/2621/2621 2620/2620/2620
f 2619/2619/2619 2622/2622/2622 2621/2621/2621
f 2623/2623/2623 2624/2624/2624 2625/2625/2625
f 2623/2623/2623 2625/2625/2625 2626/2626/2626
f 2627/2627/2627 2629/2629/2629 2628/2628/2628
f 2627/2627/2627 2630/2630/2630 2629/2629/2629
f 2631/2631/2631 2632/2632/2632 2633/2633/2633
f 2631/2631/2631 2633/2633/2633 2634/2634/2634
f 2635/2635/2635 2637/2637/2637 2636/2636/2636
f 2635/2635/2635 2638/2638/2638 2637/2637/2637
f 2639/2639/2639 2640/2640/2640 2641/2641/2641
f 2639/2639/2639 2641/2641/2641 2642/2642/2642
f 2643/2643/2643 2645/2645/2645 2644/2644/2644
f 2643/2643/2643 2646/2646/2646 2645/2645/2645
f 2647/2647/2647 2648/2648/2648 2649/2649/2649
f 2647/2647/2647 2649/2649/2649 2650/2650/2650
f 2651/2651/2651 2653/2653/2653 2652/2652/2652
f 2651/2651/2651 2654/2654/2654 2653/2653/2653
f 2655/2655/2655 2656/2656/2656 2657/2657/2657
f 2655/2655/2655 2657/2657/2657 2658/2658/2658
f 2659/2659/2659 2661/2661/2661 2660/2660/2660
f 2659/2659/2659 2662/2662/2662 2661/2661/2661
f 2663/2663/2663 2664/2664/2664 2665/2665/2665
f 2663/2663/2663 2665/2665/2665 2666/2666/2666
f 2667/2667/2667 2669/2669/2669 2668/2668/2668
f 2667/2667/2667 2670/2670/2670 2669/2669/2669
f 2671/2671/2671 2672/2672/2672 2673/2673/2673
f 2671/2671/2671 2673/2673/2673 2674/2674/2674
f 2675/2675/2675 2677/2677/2677 2676/2676/2676
f 2675/2675/2675 2678/2678/2678 2677/2677/2677
f 2679/2679/2679 2680/2680/2680 2681/2681/2681
f 2679/2679/2679 2681/2681/2681 2682/2682/2682
f 2683/2683/2683 2685/2685/2685 2684/2684/2684
f 2683/2683/2683 2686/2686/2686 2685/2685/2685
f 2687/2687/2687 2688/2688/2688 2689/2689/2689
f 2687/2687/2687 2689/2689/2689 2690/2690/2690
f 2691/2691/2691 2693/2693/2693 2692/2692/2692
f 2691/2691/2691 2694/2694/2694 2693/2693/2693
f 2695/2695/2695 2696/2696/2696 2697/2697/2697
f 2695/2695/2695 2697/2697/2697 2698/2698/2698
f 2699/2699/2699 2701/2701/2701 2700/2700/2700
f 2699/2699/2699 2702/2702/2702 2701/2701/2701
f 2703/2703/2703 2704/2704/2704 2705/2705/2705
f 2703/2703/2703 2705/2705/2705 2706/2706/2706
f 2707/2707/2707 2709/2709/2709 2708/2708/2708
f 2707/2707/2707 2710/2710/2710 2709/2709/2709
f 2711/2711/2711 2712/2712/2712 2713/2713/2713
f 2711/2711/2711 2713/2713/2713 2714/2714/2714
f 2715/2715/2715 2717/2717/2717 2716/2716/2716
f 2715/2715/2715 2718/2718/2718 2717/2717/2717
f 2719/2719/2719 2720/2720/2720 2721/2721/2721
f 2719/2719/2719 2721/2721/2721 2722/2722/2722
f 2723/2723/2723 2725/2725/2725 2724/2724/2724
f 2723/2723/2723 2726/2726/2726 2725/2725/2725
f 2727/2727/2727 2728/2728/2728 2729/2729/2729
f 2727/2727/2727 2729/2729/2729 2730/2730/2730
f 2731/2731/2731 2733/2733/2733 2732/2732/2732
f 2731/2731/2731 2734/2734/2734 2733/2733/2733
f 2735/2735/2735 2736/2736/2736 2737/2737/2737
f 2735/2735/2735 2737/2737/2737 2738/2738/2738
f 2739/2739/2739 2741/2741/2741 2740/2740/2740
f 2739/2739/2739 2742/2742/2742 2741/2741/2741
f 2743/2743/2743 2744/2744/2744 2745/2745/2745
f 2743/2743/2743 2745/2745/2745 2746/2746/2746
f 2747/2747/2747 2749/2749/2749 2748/2748/2748
f 2747/2747/2747 2750/2750/2750 2749/2749/2749
f 2751/2751/2751 2752/2752/2752 2753/2753/2753
f 2751/2751/2751 2753/2753/2753 2754/2754/2754
f 2755/2755/2755 2757/2757/2757 2756/2756/2756
f 2755/2755/2755 2758/2758/2758 2757/2757/2757
f 2759/2759/2759 2760/2760/2760 2761/2761/2761
f 2759/2759/2759 2761/2761/2761 2762/2762/2762
f 2763/2763/2763 2765/2765/2765 2764/2764/2764
f 2763/2763/2763 2766/2766/2766 2765/2765/2765
f 2767/2767/2767 2768/2768/2768 2769/2769/2769
f 2767/2767/2767 2769/2769/2769 2770/2770/2770
f 2771/2771/2771 2773/2773/2773 2772/2772/2772
f 2771/2771/2771 2774/2774/2774 2773/2773/2773
f 2775/2775/2775 2776/2776/2776 2777/2777/2777
f 2775/2775/2775 2777/2777/2777 2778/2778/2778
f 2779/2779/2779 2781/2781/2781 2780/2780/2780
f 2779/2779/2779 2782/2782/2782 2781/2781/2781
f 2783/2783/2783 2784/2784/2784 2785/2785/2785
f 2783/2783/2783 2785/2785/2785 2786/2786/2786
f 2787/2787/2787 2789/2789/2789 2788/2788/2788
f 2787/2787/2787 2790/2790/2790 2789/2789/2789
f 2791/2791/2791 2792/2792/2792 2793/2793/2793
f 2791/2791/2791 2793/2793/2793 2794/2794/2794
f 2795/2795/2795 2797/2797/2797 2796/2796/2796
f 2795/2795/2795 2798/2798/2798 2797/2797/2797
f 2799/2799/2799 2800/2800/2800 2801/2801/2801
f 2799/2799/2799 2801/2801/2801 2802/2802/2802
f 2803/2803/2803 2805/2805/2805 2804/2804/2804
f 2803/2803/2803 2806/2806/2806 2805/2805/2805
f 2807/2807/2807 2808/2808/2808 2809/2809/2809
f 2807/2807/2807 2809/2809/2809 2810/2810/2810
f 2811/2811/2811 2813/2813/2813 2812/2812/2812
f 2811/2811/2811 2814/2814/2814 2813/2813/2813
f 2815/2815/2815 2816/2816/2816 2817/2817/2817
f 2815/2815/2815 2817/2817/2817 2818/2818/2818
f 2819/2819/2819 2821/2821/2821 2820/2820/2820
f 2819/2819/2819 2822/2822/2822 2821/2821/2821
f 2823/2823/2823 2824/2824/2824 2825/2825/2825
f 2823/2823/2823 2825/2825/2825 2826/2826/2826
f 2827/2827/2827 2829/2829/2829 2828/2828/2828
f 2827/2827/2827 2830/2830/2830 2829/2829/2829
f 2831/2831/2831 2832/2832/2832 2833/2833/2833
f 2831/2831/2831 2833/2833/2833 2834/2834/2834
f 2835/2835/2835 2837/2837/2837 2836/2836/2836
f 2835/2835/2835 2838/2838/2838 2837/2837/2837
f 2839/2839/2839 2840/2840/2840 2841/2841/2841
f 2839/2839/2839 2841/2841/2841 2842/2842/2842
f 2843/2843/2843 2845/2845/2845 2844/2844/2844
f 2843/2843/2843 2846/2846/2846 2845/2845/2845
f 2847/2847/2847 2848/2848/2848 2849/2849/2849
f 2847/2847/2847 2849/2849/2849 2850/2850/2850
f 2851/2851/2851 2853/2853/2853 2852/2852/2852
f 2851/2851/2851 2854/2854/2854 2853/2853/2853
f 2855/2855/2855 2856/2856/2856 2857/2857/2857
f 2855/2855/2855 2857/2857/2857 2858/2858/2858
f 2859/2859/2859 2861/2861/2861 2860/2860/2860
f 2859/2859/2859 2862/2862/2862 2861/2861/2861
f 2863/2863/2863 2864/2864/2864 2865/2865/2865
f 2863/2863/2863 2865/2865/2865 2866/2866/2866
f 2867/2867/2867 2869/2869/2869 2868/2868/2868
f 2867/2867/2867 2870/2870/2870 2869/2869/2869
f 2871/2871/2871 2872/2872/2872 2873/2873/2873
f 2871/2871/2871 2873/2873/2873 2874/2874/2874
f 2875/2875/2875 2877/2877/2877 2876/2876/2876
f 2875/2875/2875 2878/2878/2878 2877/2877/2877
f 2879/2879/2879 2880/2880/2880 2881/2881/2881
f 2879/2879/2879 2881/2881/2881 2882/2882/2882
f 2883/2883/2883 2885/2885/2885 2884/2884/2884
f 2883/2883/2883 2886/2886/2886 2885/2885/2885
f 2887/2887/2887 2888/2888/2888 2889/2889/2889
f 2887/2887/2887 2889/2889/2889 2890/2890/2890
f 2891/2891/2891 2893/2893/2893 2892/2892/2892
f 2891/2891/2891 2894/2894/2894 2893/2893/2893
f 2895/2895/2895 2896/2896/2896 2897/2897/2897
f 2895/2895/2895 2897/2897/2897 2898/2898/2898
f 2899/2899/2899 2901/2901/2901 2900/2900/2900
f 2899/2899/2899 2902/2902/2902 2901/2901/2901
f 2903/2903/2903 2904/2904/2904 2905/2905/2905
f 2903/2903/2903 2905/2905/2905 2906/2906/2906
f 2907/2907/2907 2909/2909/2909 2908/2908/2908
f 2907/2907/2907 2910/2910/2910 2909/2909/2909
f 2911/2911/2911 2912/2912/2912 2913/2913/2913
f 2911/2911/2911 2913/2913/2913 2914/2914/2914
f 2915/2915/2915 2917/2917/2917 2916/2916/2916
f 2915/2915/2915 2918/2918/2918 2917/2917/2917
f 2919/2919/2919 2920/2920/2920 2921/2921/2921
f 2919/2919/2919 2921/2921/2921 2922/2922/2922
f 2923/2923/2923 2925/2925/2925 2924/2924/2924
f 2923/2923/2923 2926/2926/2926 2925/2925/2925
f 2927/2927/2927 2928/2928/2928 2929/2929/2929
f 2927/2927/2927 2929/2929/2929 2930/2930/2930
f 2931/2931/2931 2933/2933/2933 2932/2932/2932
f 2931/2931/2931 2934/2934/2934 2933/2933/2933
f 2935/2935/2935 2936/2936/2936 2937/2937/2937
f 2935/2935/2935 2937/2937/2937 2938/2938/2938
f 2939/2939/2939 2941/2941/2941 2940/2940/2940
f 2939/2939/2939 2942/2942/2942 2941/2941/2941
f 2943/2943/2943 2944/2944/2944 2945/2945/2945
f 2943/2943/2943 2945/2945/2945 2946/2946/2946
f 2947/2947/2947 2949/2949/2949 2948/2948/2948
f 2947/2947/2947 2950/2950/2950 2949/2949/2949
f 2951/2951/2951 2952/2952/2952 2953/2953/2953
f 2951/2951/2951 2953/2953/2953 2954/2954/2954
f 2955/2955/2955 2957/2957/2957 2956/2956/2956
f 2955/2955/2955 2958/2958/2958 2957/2957/2957
f 2959/2959/2959 2960/2960/2960 2961/2961/2961
f 2959/2959/2959 2961/2961/2961 2962/2962/2962
f 2963/2963/2963 2965/2965/2965 2964/2964/2964
f 2963/2963/2963 2966/2966/2966 2965/2965/2965
f 2967/2967/2967 2968/2968/2968 2969/2969/2969
f 2967/2967/2967 2969/2969/2969 2970/2970/2970
f 2971/2971/2971 2973/2973/2973 2972/2972/2972
f 2971/2971/2971 2974/2974/2974 2973/2973/2973
f 2975/2975/2975 2976/2976/2976 2977/2977/2977
f 2975/2975/2975 2977/2977/2977 2978/2978/2978
f 2979/2979/2979 2981/2981/2981 2980/2980/2980
f 2979/2979/2979 2982/2982/2982 2981/2981/2981
f 2983/2983/2983 2984/2984/2984 2985/2985/2985
f 2983/2983/2983 2985/2985/2985 2986/2986/2986
f 2987/2987/2987 2989/2989/2989 2988/2988/2988
f 2987/2987/2987 2990/2990/2990 2989/2989/2989
f 2991/2991/2991 2992/2992/2992 2993/2993/2993
f 2991/2991/2991 2993/2993/2993 2994/2994/2994
f 2995/2995/2995 2997/2997/2997 2996/2996/2996
f 2995/2995/2995 2998/2998/2998 2997/2997/2997
f 2999/2999/2999 3000/3000/3000 3001/3001/3001
f 2999/2999/2999 3001/3001/3001 3002/3002/3002
f 3003/3003/3003 3005/3005/3005 3004/3004/3004
f 3003/3003/3003 3006/3006/3006 3005/3005/3005
f 3007/3007/3007 3008/3008/3008 3009/3009/3009
f 3007/3007/3007 3009/3009/3009 3010/3010/3010
f 3011/3011/3011 3013/3013/3013 3012/3012/3012
f 3011/3011/3011 3014/3014/3014 3013/3013/3013
f 3015/3015/3015 3016/3016/3016 3017/3017/3017
f 3015/3015/3015 3017/3017/3017 3018/3018/3018
f 3019/3019/3019 3021/3021/3021 3020/3020/3020
f 3019/3019/3019 3022/3022/3022 3021/3021/3021
f 3023/3023/3023 3024/3024/3024 3025/3025/3025
f 3023/3023/3023 3025/3025/3025 3026/3026/3026
f 3027/3027/3027 3029/3029/3029 3028/3028/3028
f 3027/3027/3027 3030/3030/3030 3029/3029/3029
f 3031/3031/3031 3032/3032/3032 3033/3033/3033
f 3031/3031/3031 3033/3033/3033 3034/3034/3034
f 3035/3035/3035 3037/3037/3037 3036/3036/3036
f 3035/3035/3035 3038/3038/3038 3037/3037/3037
f 3039/3039/3039 3040/3040/3040 3041/3041/3041
f 3039/3039/3039 3041/3041/3041 3042/3042/3042
f 3043/3043/3043 3045/3045/3045 3044/3044/3044
f 3043/3043/3043 3046/3046/3046 3045/3045/3045
f 3047/3047/3047 3048/3048/3048 3049/3049/3049
f 3047/3047/3047 3049/3049/3049 3050/3050/3050
f 3051/3051/3051 3053/3053/3053 3052/3052/3052
f 3051/3051/3051 3054/3054/3054 3053/3053/3053
f 3055/3055/3055 3056/3056/3056 3057/3057/3057
f 3055/3055/3055 3057/3057/3057 3058/3058/3058
f 3059/3059/3059 3061/3061/3061 3060/3060/3060
f 3059/3059/3059 3062/3062/3062 3061/3061/3061
f 3063/3063/3063 3064/3064/3064 3065/3065/3065
f 3063/3063/3063 3065/3065/3065 3066/3066/3066
f 3067/3067/3067 3069/3069/3069 3068/3068/3068
f 3067/3067/3067 3070/3070/3070 3069/3069/3069
f 3071/3071/3071 3072/3072/3072 3073/3073/3073
f 3071/3071/3071 3073/3073/3073 3074/3074/3074
f 3075/3075/3075 3077/3077/3077 3076/3076/3076
f 3075/3075/3075 3078/3078/3078 3077/3077/3077
f 3079/3079/3079 3080/3080/3080 3081/3081/3081
f 3079/3079/3079 3081/3081/3081 3082/3082/3082
f 3083/3083/3083 3085/3085/3085 3084/3084/3084
f 3083/3083/3083 3086/3086/3086 3085/3085/3085
f 3087/3087/3087 3088/3088/3088 3089/3089/3089
f 3087/3087/3087 3089/3089/3089 3090/3090/3090
f 3091/3091/3091 3093/3093/3093 3092/3092/3092
f 3091/3091/3091 3094/3094/3094 3093/3093/3093
f 3095/3095/3095 3096/3096/3096 3097/3097/3097
f 3095/3095/3095 3097/3097/3097 3098/3098/3098
f 3099/3099/3099 3101/3101/3101 3100/3100/3100
f 3099/3099/3099 3102/3102/3102 3101/3101/3101
f 3103/3103/3103 3104/3104/3104 3105/3105/3105
f 3103/3103/3103 3105/3105/3105 3106/3106/3106
f 3107/3107/3107 3109/3109/3109 3108/3108/3108
f 3107/3107/3107 3110/3110/3110 3109/3109/3109
f 3111/3111/3111 3112/3112/3112 3113/3113/3113
f 3111/3111/3111 3113/3113/3113 3114/3114/3114
f 3115/3115/3115 3117/3117/3117 3116/3116/3116
f 3115/3115/3115 3118/3118/3118 3117/3117/3117
f 3119/3119/3119 3120/3120/3120 3121/3121/3121
f 3119/3119/3119 3121/3121/3121 3122/3122/3122
f 3123/3123/3123 3125/3125/3125 3124/3124/3124
f 3123/3123/3123 3126/3126/3126 3125/3125/3125
f 3127/3127/3127 3128/3128/3128 3129/3129/3129
f 3127/3127/3127 3129/3129/3129 3130/3130/3130
f 3131/3131/3131 3133/3133/3133 3132/3132/3132
f 3131/3131/3131 3134/3134/3134 3133/3133/3133
f 3135/3135/3135 3136/3136/3136 3137/3137/3137
f 3135/3135/3135 3137/3137/3137 3138/3138/3138
f 3139/3139/3139 3141/3141/3141 3140/3140/3140
f 3139/3139/3139 3142/3142/3142 3141/3141/3141
f 3143/3143/3143 3144/3144/3144 3145/3145/3145
f 3143/3143/3143 3145/3145/3145 3146/3146/3146
f 3147/3147/3147 3149/3149/3149 3148/3148/3148
f 3147/3147/3147 3150/3150/3150 3149/3149/3149
f 3151/3151/3151 3152/3152/3152 3153/3153/3153
f 3151/3151/3151 3153/3153/3153 3154/3154/3154
f 3155/3155/3155 3157/3157/3157 3156/3156/3156
f 3155/3155/3155 3158/3158/3158 3157/3157/3157
f 3159/3159/3159 3160/3160/3160 3161/3161/3161
f 3159/3159/3159 3161/3161/3161 3162/3162/3162
f 3163/3163/3163 3165/3165/3165 3164/3164/3164
f 3163/3163/3163 3166/3166/3166 3165/3165/3165
f 3167/3167/3167 3168/3168/3168 3169/3169/3169
f 3167/3167/3167 3169/3169/3169 3170/3170/3170
f 3171/3171/3171 3173/3173/3173 3172/3172/3172
f 3171/3171/3171 3174/3174/3174 3173/3173/3173
f 3175/3175/3175 3176/3176/3176 3177/3177/3177
f 3175/3175/3175 3177/3177/3177 3178/3178/3178
f 3179/3179/3179 3181/3181/3181 3180/3180/3180
f 3179/3179/3179 3182/3182/3182 3181/3181/3181
f 3183/3183/3183 3184/3184/3184 3185/3185/3185
f 3183/3183/3183 3185/3185/3185 3186/3186/3186
f 3187/3187/3187 3189/3189/3189 3188/3188/3188
f 3187/3187/3187 3190/3190/3190 3189/3189/3189
f 3191/3191/3191 3192/3192/3192 3193/3193/3193
f 3191/3191/3191 3193/3193/3193 3194/3194/3194
f 3195/3195/3195 3197/3197/3197 3196/3196/3196
f 3195/3195/3195 3198/3198/3198 3197/3197/3197
f 3199/3199/3199 3200/3200/3200 3201/3201/3201
f 3199/3199/3199 3201/3201/3201 3202/3202/3202
f 3203/3203/3203 3205/3205/3205 3204/3204/3204
f 3203/3203/3203 3206/3206/3206 3205/3205/3205
f 3207/3207/3207 3208/3208/3208 3209/3209/3209
f 3207/3207/3207 3209/3209/3209 3210/3210/3210
f 3211/3211/3211 3213/3213/3213 3212/3212/3212
f 3211/3211/3211 3214/3214/3214 3213/3213/3213
f 3215/3215/3215 3216/3216/3216 3217/3217/3217
f 3215/3215/3215 3217/3217/3217 3218/3218/3218
f 3219/3219/3219 3221/3221/3221 3220/3220/3220
f 3219/3219/3219 3222/3222/3222 3221/3221/3221
f 3223/3223/3223 3224/3224/3224 3225/3225/3225
f 3223/3223/3223 3225/3225/3225 3226/3226/3226
f 3227/3227/3227 3229/3229/3229 3228/3228/3228
f 3227/3227/3227 3230/3230/3230 3229/3229/3229
f 3231/3231/3231 3232/3232/3232 3233/3233/3233
f 3231/3231/3231 3233/3233/3233 3234/3234/3234
f 3235/3235/3235 3237/3237/3237 3236/3236/3236
f 3235/3235/3235 3238/3238/3238 3237/3237/3237
f 3239/3239/3239 3240/3240/3240 3241/3241/3241
f 3239/3239/3239 3241/3241/3241 3242/3242/3242
f 3243/3243/3243 3245/3245/3245 3244/3244/3244
f 3243/3243/3243 3246/3246/3246 3245/3245/3245
f 3247/3247/3247 3248/3248/3248 3249/3249/3249
f 3247/3247/3247 3249/3249/3249 3250/3250/3250
f 3251/3251/3251 3253/3253/3253 3252/3252/3252
f 3251/3251/3251 3254/3254/3254 3253/3253/3253
f 3255/3255/3255 3256/3256/3256 3257/3257/3257
f 3255/3255/3255 3257/3257/3257 3258/3258/3258
f 3259/3259/3259 3261/3261/3261 3260/3260/3260
f 3259/3259/3259 3262/3262/3262 3261/3261/3261
f 3263/3263/3263 3264/3264/3264 3265/3265/3265
f 3263/3263/3263 3265/3265/3265 3266/3266/3266
f 3267/3267/3267 3269/3269/3269 3268/3268/3268
f 3267/3267/3267 3270/3270/3270 3269/3269/3269
f 3271/3271/3271 3272/3272/3272 3273/3273/3273
f 3271/3271/3271 3273/3273/3273 3274/3274/3274
f 3275/3275/3275 3277/3277/3277 3276/3276/3276
f 3275/3275/3275 3278/3278/3278 3277/3277/3277
f 3279/3279/3279 3280/3280/3280 3281/3281/3281
f 3279/3279/3279 3281/3281/3281 3282/3282/3282
f 3283/3283/3283 3285/3285/3285 3284/3284/3284
f 3283/3283/3283 3286/3286/3286 3285/3285/3285
f 3287/3287/3287 3288/3288/3288 3289/3289/3289
f 3287/3287/3287 3289/3289/3289 3290/3290/3290
f 3291/3291/3291 3293/3293/3293 3292/3292/3292
f 3291/3291/3291 3294/3294/3294 3293/3293/3293
f 3295/3295/3295 3296/3296/3296 3297/3297/3297
f 3295/3295/3295 3297/3297/3297 3298/3298/3298
f 3299/3299/3299 3301/3301/3301 3300/3300/3300
f 3299/3299/3299 3302/3302/3302 3301/3301/3301
f 3303/3303/3303 3304/3304/3304 3305/3305/3305
f 3303/3303/3303 3305/3305/3305 3306/3306/3306
f 3307/3307/3307 3309/3309/3309 3308/3308/3308
f 3307/3307/3307 3310/3310/3310 3309/3309/3309
f 3311/3311/3311 3312/3312/3312 3313/3313/3313
f 3311/3311/3311 3313/3313/3313 3314/3314/3314
f 3315/3315/3315 3317/3317/3317 3316/3316/3316
f 3315/3315/3315 3318/3318/3318 3317/3317/3317
f 3319/3319/3319 3320/3320/3320 3321/3321/3321
f 3319/3319/3319 3321/3321/3321 3322/3322/3322
f 3323/3323/3323 3325/3325/3325 3324/3324/3324
f 3323/3323/3323 3326/3326/3326 3325/3325/3325
f 3327/3327/3327 3328/3328/3328 3329/3329/3329
f 3327/3327/3327 3329/3329/3329 3330/3330/3330
f 3331/3331/3331 3333/3333/3333 3332/3332/3332
f 3331/3331/3331 3334/3334/3334 3333/3333/3333
f 3335/3335/3335 3336/3336/3336 3337/3337/3337
f 3335/3335/3335 3337/3337/3337 3338/3338/3338
f 3339/3339/3339 3341/3341/3341 3340/3340/3340
f 3339/3339/3339 3342/3342/3342 3341/3341/3341
f 3343/3343/3343 3344/3344/3344 3345/3345/3345
f 3343/3343/3343 3345/3345/3345 3346/3346/3346
f 3347/3347/3347 3349/3349/3349 3348/3348/3348
f 3347/3347/3347 3350/3350/3350 3349/3349/3349
f 3351/3351/3351 3352/3352/3352 3353/3353/3353
f 3351/3351/3351 3353/3353/3353 3354/3354/3354
f 3355/3355/3355 3357/3357/3357 3356/3356/3356
f 3355/3355/3355 3358/3358/3358 3357/3357/3357
f 3359/3359/3359 3360/3360/3360 3361/3361/3361
f 3359/3359/3359 3361/3361/3361 3362/3362/3362
f 3363/3363/3363 3365/3365/3365 3364/3364/3364
f 3363/3363/3363 3366/3366/3366 3365/3365/3365
f 3367/3367/3367 3368/3368/3368 3369/3369/3369
f 3367/3367/3367 3369/3369/3369 3370/3370/3370
f 3371/3371/3371 3373/3373/3373 3372/3372/3372
f 3371/3371/3371 3374/3374/3374 3373/3373/3373
f 3375/3375/3375 3376/3376/3376 3377/3377/3377
f 3375/3375/3375 3377/3377/3377 3378/3378/3378
f 3379/3379/3379 3381/3381/3381 3380/3380/3380
f 3379/3379/3379 3382/3382/3382 3381/3381/3381
f 3383/3383/3383 3384/3384/3384 3385/3385/3385
f 3383/3383/3383 3385/3385/3385 3386/3386/3386
f 3387/3387/3387 3389/3389/3389 3388/3388/3388
f 3387/3387/3387 3390/3390/3390 3389/3389/3389
f 3391/3391/3391 3392/3392/3392 3393/3393/3393
f 3391/3391/3391 3393/3393/3393 3394/3394/3394
f 3395/3395/3395 3397/3397/3397 3396/3396/3396
f 3395/3395/3395 3398/3398/3398 3397/3397/3397
f 3399/3399/3399 3400/3400/3400 3401/3401/3401
f 3399/3399/3399 3401/3401/3401 3402/3402/3402
f 3403/3403/3403 3405/3405/3405 3404/3404/3404
f 3403/3403/3403 3406/3406/3406 3405/3405/3405
f 3407/3407/3407 3408/3408/3408 3409/3409/3409
f 3407/3407/3407 3409/3409/3409 3410/3410/3410
f 3411/3411/3411 3413/3413/3413 3412/3412/3412
f 3411/3411/3411 3414/3414/3414 3413/3413/3413
f 3415/3415/3415 3416/3416/3416 3417/3417/3417
f 3415/3415/3415 3417/3417/3417 3418/3418/3418
f 3419/3419/3419 3421/3421/3421 3420/3420/3420
f 3419/3419/3419 3422/3422/3422 3421/3421/3421
f 3423/3423/3423 3424/3424/3424 3425/3425/3425
f 3423/3423/3423 3425/3425/3425 3426/3426/3426
f 3427/3427/3427 3429/3429/3429 3428/3428/3428
f 3427/3427/3427 3430/3430/3430 3429/3429/3429
f 3431/3431/3431 3432/3432/3432 3433/3433/3433
f 3431/3431/3431 3433/3433/3433 3434/3434/3434
f 3435/3435/3435 3437/3437/3437 3436/3436/3436
f 3435/3435/3435 3438/3438/3438 3437/3437/3437
f 3439/3439/3439 3440/3440/3440 3441/3441/3441
f 3439/3439/3439 3441/3441/3441 3442/3442/3442
f 3443/3443/3443 3445/3445/3445 3444/3444/3444
f 3443/3443/3443 3446/3446/3446 3445/3445/3445
f 3447/3447/3447 3448/3448/3448 3449/3449/3449
f 3447/3447/3447 3449/3449/3449 3450/3450/3450
f 3451/3451/3451 3453/3453/3453 3452/3452/3452
f 3451/3451/3451 3454/3454/3454 3453/3453/3453
f 3455/3455/3455 3456/3456/3456 3457/3457/3457
f 3455/3455/3455 3457/3457/3457 3458/3458/3458
f 3459/3459/3459 3461/3461/3461 3460/3460/3460
f 3459/3459/3459 3462/3462/3462 3461/3461/3461
f 3463/3463/3463 3464/3464/3464 3465/3465/3465
f 3463/3463/3463 3465/3465/3465 3466/3466/3466
f 3467/3467/3467 3469/3469/3469 3468/3468/3468
f 3467/3467/3467 3470/3470/3470 3469/3469/3469
f 3471/3471/3471 3472/3472/3472 3473/3473/3473
f 3471/3471/3471 3473/3473/3473 3474/3474/3474
f 3475/3475/3475 3477/3477/3477 3476/3476/3476
f 3475/3475/3475 3478/3478/3478 3477/3477/3477
f 3479/3479/3479 3480/3480/3480 3481/3481/3481
f 3479/3479/3479 3481/3481/3481 3482/3482/3482
f 3483/3483/3483 3485/3485/3485 3484/3484/3484
f 3483/3483/3483 3486/3486/3486 3485/3485/3485
f 3487/3487/3487 3488/3488/3488 3489/3489/3489
f 3487/3487/3487 3489/3489/3489 3490/3490/3490
f 3491/3491/3491 3493/3493/3493 3492/3492/3492
f 3491/3491/3491 3494/3494/3494 3493/3493/3493
f 3495/3495/3495 3496/3496/3496 3497/3497/3497
f 3495/3495/3495 3497/3497/3497 3498/3498/3498
f 3499/3499/3499 3501/3501/3501 3500/3500/3500
f 3499/3499/3499 3502/3502/3502 3501/3501/3501
f 3503/3503/3503 3504/3504/3504 3505/3505/3505
f 3503/3503/3503 3505/3505/3505 3506/3506/3506
f 3507/3507/3507 3509/3509/3509 3508/3508/3508
f 3507/3507/3507 3510/3510/3510 3509/3509/3509
f 3511/3511/3511 3512/3512/3512 3513/3513/3513
f 3511/3511/3511 3513/3513/3513 3514/3514/3514
f 3515/3515/3515 3517/3517/3517 3516/3516/3516
f 3515/3515/3515 3518/3518/3518 3517/3517/3517
f 3519/3519/3519 3520/3520/3520 3521/3521/3521
f 3519/3519/3519 3521/3521/3521 3522/3522/3522
f 3523/3523/3523 3525/3525/3525 3524/3524/3524
f 3523/3523/3523 3526/3526/3526 3525/3525/3525
f 3527/3527/3527 3528/3528/3528 3529/3529/3529
f 3527/3527/3527 3529/3529/3529 3530/3530/3530
f 3531/3531/3531 3533/3533/3533 3532/3532/3532
f 3531/3531/3531 3534/3534/3534 3533/3533/3533
f 3535/3535/3535 3536/3536/3536 3537/3537/3537
f 3535/3535/3535 3537/3537/3537 3538/3538/3538
f 3539/3539/3539 3541/3541/3541 3540/3540/3540
f 3539/3539/3539 3542/3542/3542 3541/3541/3541
f 3543/3543/3543 3544/3544/3544 3545/3545/3545
f 3543/3543/3543 3545/3545/3545 3546/3546/3546
f 3547/3547/3547 3549/3549/3549 3548/3548/3548
f 3547/3547/3547 3550/3550/3550 3549/3549/3549
f 3551/3551/3551 3552/3552/3552 3553/3553/3553
f 3551/3551/3551 3553/3553/3553 3554/3554/3554
f 3555/3555/3555 3557/3557/3557 3556/3556/3556
f 3555/3555/3555 3558/3558/3558 3557/3557/3557
f 3559/3559/3559 3560/3560/3560 3561/3561/3561
f 3559/3559/3559 3561/3561/3561 3562/3562/3562
f 3563/3563/3563 3565/3565/3565 3564/3564/3564
f 3563/3563/3563 3566/3566/3566 3565/3565/3565
f 3567/3567/3567 3568/3568/3568 3569/3569/3569
f 3567/3567/3567 3569/3569/3569 3570/3570/3570
f 3571/3571/3571 3573/3573/3573 3572/3572/3572
f 3571/3571/3571 3574/3574/3574 3573/3573/3573
f 3575/3575/3575 3576/3576/3576 3577/3577/3577
f 3575/3575/3575 3577/3577/3577 3578/3578/3578
f 3579/3579/3579 3581/3581/3581 3580/3580/3580
f 3579/3579/3579 3582/3582/3582 3581/3581/3581
f 3583/3583/3583 3584/3584/3584 3585/3585/3585
f 3583/3583/3583 3585/3585/3585 3586/3586/3586
f 3587/3587/3587 3589/3589/3589 3588/3588/3588
f 3587/3587/3587 3590/3590/3590 3589/3589/3589
f 3591/3591/3591 3592/3592/3592 3593/3593/3593
f 3591/3591/3591 3593/3593/3593 3594/3594/3594
f 3595/3595/3595 3597/3597/3597 3596/3596/3596
f 3595/3595/3595 3598/3598/3598 3597/3597/3597
f 3599/3599/3599 3600/3600/3600 3601/3601/3601
f 3599/3599/3599 3601/3601/3601 3602/3602/3602
f 3603/3603/3603 3605/3605/3605 3604/3604/3604
f 3603/3603/3603 3606/3606/3606 3605/3605/3605
f 3607/3607/3607 3608/3608/3608 3609/3609/3609
f 3607/3607/3607 3609/3609/3609 3610/3610/3610
f 3611/3611/3611 3613/3613/3613 3612/3612/3612
f 3611/3611/3611 3614/3614/3614 3613/3613/3613
f 3615/3615/3615 3616/3616/3616 3617/3617/3617
f 3615/3615/3615 3617/3617/3617 3618/3618/3618
f 3619/3619/3619 3621/3621/3621 3620/3620/3620
f 3619/3619/3619 3622/3622/3622 3621/3621/3621
f 3623/3623/3623 3624/3624/3624 3625/3625/3625
f 3623/3623/3623 3625/3625/3625 3626/3626/3626
f 3627/3627/3627 3629/3629/3629 3628/3628/3628
f 3627/3627/3627 3630/3630/3630 3629/3629/3629
f 3631/3631/3631 3632/3632/3632 3633/3633/3633
f 3631/3631/3631 3633/3633/3633 3634/3634/3634
f 3635/3635/3635 3637/3637/3637 3636/3636/3636
f 3635/3635/3635 3638/3638/3638 3637/3637/3637
f 3639/3639/3639 3640/3640/3640 3641/3641/3641
f 3639/3639/3639 3641/3641/3641 3642/3642/3642
f 3643/3643/3643 3645/3645/3645 3644/3644/3644
f 3643/3643/3643 3646/3646/3646 3645/3645/3645
f 3647/3647/3647 3648/3648/3648 3649/3649/3649
f 3647/3647/3647 3649/3649/3649 3650/3650/3650
f 3651/3651/3651 3653/3653/3653 3652/3652/3652
f 3651/3651/3651 3654/3654/3654 3653/3653/3653
f 3655/3655/3655 3656/3656/3656 3657/3657/3657
f 3655/3655/3655 3657/3657/3657 3658/3658/3658
f 3659/3659/3659 3661/3661/3661 3660/3660/3660
f 3659/3659/3659 3662/3662/3662 3661/3661/3661
f 3663/3663/3663 3664/3664/3664 3665/3665/3665
f 3663/3663/3663 3665/3665/3665 3666/3666/3666
f 3667/3667/3667 3669/3669/3669 3668/3668/3668
f 3667/3667/3667 3670/3670/3670 3669/3669/3669
f 3671/3671/3671 3672/3672/3672 3673/3673/3673
f 3671/3671/3671 3673/3673/3673 3674/3674/3674
f 3675/3675/3675 3677/3677/3677 3676/3676/3676
f 3675/3675/3675 3678/3678/3678 3677/3677/3677
f 3679/3679/3679 3680/3680/3680 3681/3681/3681
f 3679/3679/3679 3681/3681/3681 3682/3682/3682
f 3683/3683/3683 3685/3685/3685 3684/3684/3684
f 3683/3683/3683 3686/3686/3686 3685/3685/3685
f 3687/3687/3687 3688/3688/3688 3689/3689/3689
f 3687/3687/3687 3689/3689/3689 3690/3690/3690
f 3691/3691/3691 3693/3693/3693 3692/3692/3692
f 3691/3691/3691 3694/3694/3694 3693/3693/3693
f 3695/3695/3695 3696/3696/3696 3697/3697/3697
f 3695/3695/3695 3697/3697/3697 3698/3698/3698
f 3699/3699/3699 3701/3701/3701 3700/3700/3700
f 3699/3699/3699 3702/3702/3702 3701/3701/3701
f 3703/3703/3703 3704/3704/3704 3705/3705/3705
f 3703/3703/3703 3705/3705/3705 3706/3706/3706
f 3707/3707/3707 3709/3709/3709 3708/3708/3708
f 3707/3707/3707 3710/3710/3710 3709/3709/3709
f 3711/3711/3711 3712/3712/3712 3713/3713/3713
f 3711/3711/3711 3713/3713/3713 3714/3714/3714
f 3715/3715/3715 3717/3717/3717 3716/3716/3716
f 3715/3715/3715 3718/3718/3718 3717/3717/3717
f 3719/3719/3719 3720/3720/3720 3721/3721/3721
f 3719/3719/3719 3721/3721/3721 3722/3722/3722
f 3723/3723/3723 3725/3725/3725 3724/3724/3724
f 3723/3723/3723 3726/3726/3726 3725/3725/3725
f 3727/3727/3727 3728/3728/3728 3729/3729/3729
f 3727/3727/3727 3729/3729/3729 3730/3730/3730
f 3731/3731/3731 3733/3733/3733 3732/3732/3732
f 3731/3731/3731 3734/3734/3734 3733/3733/3733
f 3735/3735/3735 3736/3736/3736 3737/3737/3737
f 3735/3735/3735 3737/3737/3737 3738/3738/3738
f 3739/3739/3739 3741/3741/3741 3740/3740/3740
f 3739/3739/3739 3742/3742/3742 3741/3741/3741
f 3743/3743/3743 3744/3744/3744 3745/3745/3745
f 3743/3743/3743 3745/3745/3745 3746/3746/3746
f 3747/3747/3747 3749/3749/3749 3748/3748/3748
f 3747/3747/3747 3750/3750/3750 3749/3749/3749
f 3751/3751/3751 3752/3752/3752 3753/3753/3753
f 3751/3751/3751 3753/3753/3753 3754/3754/3754
f 3755/3755/3755 3757/3757/3757 3756/3756/3756
f 3755/3755/3755 3758/3758/3758 3757/3757/3757
f 3759/3759/3759 3760/3760/3760 3761/3761/3761
f 3759/3759/3759 3761/3761/3761 3762/3762/3762
f 3763/3763/3763 3765/3765/3765 3764/3764/3764
f 3763/3763/3763 3766/3766/3766 3765/3765/3765
f 3767/3767/3767 3768/3768/3768 3769/3769/3769
f 3767/3767/3767 3769/3769/3769 3770/3770/3770
f 3771/3771/3771 3773/3773/3773 3772/3772/3772
f 3771/3771/3771 3774/3774/3774 3773/3773/3773
f 3775/3775/3775 3776/3776/3776 3777/3777/3777
f 3775/3775/3775 3777/3777/3777 3778/3778/3778
f 3779/3779/3779 3781/3781/3781 3780/3780/3780
f 3779/3779/3779 3782/3782/3782 3781/3781/3781
f 3783/3783/3783 3784/3784/3784 3785/3785/3785
f 3783/3783/3783 3785/3785/3785 3786/3786/3786
f 3787/3787/3787 3789/3789/3789 3788/3788/3788
f 3787/3787/3787 3790/3790/3790 3789/3789/3789
f 3791/3791/3791 3792/3792/3792 3793/3793/3793
f 3791/3791/3791 3793/3793/3793 3794/3794/3794
f 3795/3795/3795 3797/3797/3797 3796/3796/3796
f 3795/3795/3795 3798/3798/3798 3797/3797/3797
f 3799/3799/3799 3800/3800/3800 3801/3801/3801
f 3799/3799/3799 3801/3801/3801 3802/3802/3802
f 3803/3803/3803 3805/3805/3805 3804/3804/3804
f 3803/3803/3803 3806/3806/3806 3805/3805/3805
f 3807/3807/3807 3808/3808/3808 3809/3809/3809
f 3807/3807/3807 3809/3809/3809 3810/3810/3810
f 3811/3811/3811 3813/3813/3813 3812/3812/3812
f 3811/3811/3811 3814/3814/3814 3813/3813/3813
f 3815/3815/3815 3816/3816/3816 3817/3817/3817
f 3815/3815/3815 3817/3817/3817 3818/3818/3818
f 3819/3819/3819 3821/3821/3821 3820/3820/3820
f 3819/3819/3819 3822/3822/3822 3821/3821/3821
f 3823/3823/3823 3824/3824/3824 3825/3825/3825
f 3823/3823/3823 3825/3825/3825 3826/3826/3826
f 3827/3827/3827 3829/3829/3829 3828/3828/3828
f 3827/3827/3827 3830/3830/3830 3829/3829/3829
f 3831/3831/3831 3832/3832/3832 3833/3833/3833
f 3831/3831/3831 3833/3833/3833 3834/3834/3834
f 3835/3835/3835 3837/3837/3837 3836/3836/3836
f 3835/3835/3835 3838/3838/3838 3837/3837/3837
f 3839/3839/3839 3840/3840/3840 3841/3841/3841
f 3839/3839/3839 3841/3841/3841 3842/3842/3842
f 3843/3843/3843 3845/3845/3845 3844/3844/3844
f 3843/3843/3843 3846/3846/3846 3845/3845/3845
f 3847/3847/3847 3848/3848/3848 3849/3849/3849
f 3847/3847/3847 3849/3849/3849 3850/3850/3850
f 3851/3851/3851 3853/3853/3853 3852/3852/3852
f 3851/3851/3851 3854/3854/3854 3853/3853/3853
f 3855/3855/3855 3856/3856/3856 3857/3857/3857
f 3855/3855/3855 3857/3857/3857 3858/3858/3858
f 3859/3859/3859 3861/3861/3861 3860/3860/3860
f 3859/3859/3859 3862/3862/3862 3861/3861/3861
f 3863/3863/3863 3864/3864/3864 3865/3865/3865
f 3863/3863/3863 3865/3865/3865 3866/3866/3866
f 3867/3867/3867 3869/3869/3869 3868/3868/3868
f 3867/3867/3867 3870/3870/3870 3869/3869/3869
f 3871/3871/3871 3872/3872/3872 3873/3873/3873
f 3871/3871/3871 3873/3873/3873 3874/3874/3874
f 3875/3875/3875 3877/3877/3877 3876/3876/3876
f 3875/3875/3875 3878/3878/3878 3877/3877/3877
f 3879/3879/3879 3880/3880/3880 3881/3881/3881
f 3879/3879/3879 3881/3881/3881 3882/3882/3882
f 3883/3883/3883 3885/3885/3885 3884/3884/3884
f 3883/3883/3883 3886/3886/3886 3885/3885/3885
f 3887/3887/3887 3888/3888/3888 3889/3889/3889
f 3887/3887/3887 3889/3889/3889 3890/3890/3890
f 3891/3891/3891 3893/3893/3893 3892/3892/3892
f 3891/3891/3891 3894/3894/3894 3893/3893/3893
f 3895/3895/3895 3896/3896/3896 3897/3897/3897
f 3895/3895/3895 3897/3897/3897 3898/3898/3898
f 3899/3899/3899 3901/3901/3901 3900/3900/3900
f 3899/3899/3899 3902/3902/3902 3901/3901/3901
f 3903/3903/3903 3904/3904/3904 3905/3905/3905
f 3903/3903/3903 3905/3905/3905 3906/3906/3906
f 3907/3907/3907 3909/3909/3909 3908/3908/3908
f 3907/3907/3907 3910/3910/3910 3909/3909/3909
f 3911/3911/3911 3912/3912/3912 3913/3913/3913
f 3911/3911/3911 3913/3913/3913 3914/3914/3914
f 3915/3915/3915 3917/3917/3917 3916/3916/3916
f 3915/3915/3915 3918/3918/3918 3917/3917/3917
f 3919/3919/3919 3920/3920/3920 3921/3921/3921
f 3919/3919/3919 3921/3921/3921 3922/3922/3922
f 3923/3923/3923 3925/3925/3925 3924/3924/3924
f 3923/3923/3923 3926/3926/3926 3925/3925/3925
f 3927/3927/3927 3928/3928/3928 3929/3929/3929
f 3927/3927/3927 3929/3929/3929 3930/3930/3930
f 3931/3931/3931 3933/3933/3933 3932/3932/3932
f 3931/3931/3931 3934/3934/3934 3933/3933/3933
f 3935/3935/3935 3936/3936/3936 3937/3937/3937
f 3935/3935/3935 3937/3937/3937 3938/3938/3938
f 3939/3939/3939 3941/3941/3941 3940/3940/3940
f 3939/3939/3939 3942/3942/3942 3941/3941/3941
f 3943/3943/3943 3944/3944/3944 3945/3945/3945
f 3943/3943/3943 3945/3945/3945 3946/3946/3946
f 3947/3947/3947 3949/3949/3949 3948/3948/3948
f 3947/3947/3947 3950/3950/3950 3949/3949/3949
f 3951/3951/3951 3952/3952/3952 3953/3953/3953
f 3951/3951/3951 3953/3953/3953 3954/3954/3954
f 3955/3955/3955 3957/3957/3957 3956/3956/3956
f 3955/3955/3955 3958/3958/3958 3957/3957/3957
f 3959/3959/3959 3960/3960/3960 3961/3961/3961
f 3959/3959/3959 3961/3961/3961 3962/3962/3962
f 3963/3963/3963 3965/3965/3965 3964/3964/3964
f 3963/3963/3963 3966/3966/3966 3965/3965/3965
f 3967/3967/3967 3968/3968/3968 3969/3969/3969
f 3967/3967/3967 3969/3969/3969 3970/3970/3970
f 3971/3971/3971 3973/3973/3973 3972/3972/3972
f 3971/3971/3971 3974/3974/3974 3973/3973/3973
f 3975/3975/3975 3976/3976/3976 3977/3977/3977
f 3975/3975/3975 3977/3977/3977 3978/3978/3978
f 3979/3979/3979 3981/3981/3981 3980/3980/3980
f 3979/3979/3979 3982/3982/3982 3981/3981/3981
f 3983/3983/3983 3984/3984/3984 3985/3985/3985
f 3983/3983/3983 3985/3985/3985 3986/3986/3986
f 3987/3987/3987 3989/3989/3989 3988/3988/3988
f 3987/3987/3987 3990/3990/3990 3989/3989/3989
f 3991/3991/3991 3992/3992/3992 3993/3993/3993
f 3991/3991/3991 3993/3993/3993 3994/3994/3994
f 3995/3995/3995 3997/3997/3997 3996/3996/3996
f 3995/3995/3995 3998/3998/3998 3997/3997/3997
f 3999/3999/3999 4000/4000/4000 4001/4001/4001
f 3999/3999/3999 4001/4001/4001 4002/4002/4002
f 4003/4003/4003 4005/4005/4005 4004/4004/4004
f 4003/4003/4003 4006/4006/4006 4005/4005/4005
f 4007/4007/4007 4008/4008/4008 4009/4009/4009
f 4007/4007/4007 4009/4009/4009 4010/4010/4010
f 4011/4011/4011 4013/4013/4013 4012/4012/4012
f 4011/4011/4011 4014/4014/4014 4013/4013/4013
f 4015/4015/4015 4016/4016/4016 4017/4017/4017
f 4015/4015/4015 4017/4017/4017 4018/4018/4018
f 4019/4019/4019 4021/4021/4021 4020/4020/4020
f 4019/4019/4019 4022/4022/4022 4021/4021/4021
f 4023/4023/4023 4024/4024/4024 4025/4025/4025
f 4023/4023/4023 4025/4025/4025 4026/4026/4026
f 4027/4027/4027 4029/4029/4029 4028/4028/4028
f 4027/4027/4027 4030/4030/4030 4029/4029/4029
f 4031/4031/4031 4032/4032/4032 4033/4033/4033
f 4031/4031/4031 4033/4033/4033 4034/4034/4034
f 4035/4035/4035 4037/4037/4037 4036/4036/4036
f 4035/4035/4035 4038/4038/4038 4037/4037/4037
f 4039/4039/4039 4040/4040/4040 4041/4041/4041
f 4039/4039/4039 4041/4041/4041 4042/4042/4042
f 4043/4043/4043 4045/4045/4045 4044/4044/4044
f 4043/4043/4043 4046/4046/4046 4045/4045/4045
f 4047/4047/4047 4048/4048/4048 4049/4049/4049
f 4047/4047/4047 4049/4049/4049 4050/4050/4050
f 4051/4051/4051 4053/4053/4053 4052/4052/4052
f 4051/4051/4051 4054/4054/4054 4053/4053/4053
f 4055/4055/4055 4056/4056/4056 4057/4057/4057
f 4055/4055/4055 4057/4057/4057 4058/4058/4058
f 4059/4059/4059 4061/4061/4061 4060/4060/4060
f 4059/4059/4059 4062/4062/4062 4061/4061/4061
f 4063/4063/4063 4064/4064/4064 4065/4065/4065
f 4063/4063/4063 4065/4065/4065 4066/4066/4066
f 4067/4067/4067 4069/4069/4069 4068/4068/4068
f 4067/4067/4067 4070/4070/4070 4069/4069/4069
f 4071/4071/4071 4072/4072/4072 4073/4073/4073
f 4071/4071/4071 4073/4073/4073 4074/4074/4074
f 4075/4075/4075 4077/4077/4077 4076/4076/4076
f 4075/4075/4075 4078/4078/4078 4077/4077/4077
f 4079/4079/4079 4080/4080/4080 4081/4081/4081
f 4079/4079/4079 4081/4081/4081 4082/4082/4082
f 4083/4083/4083 4085/4085/4085 4084/4084/4084
f 4083/4083/4083 4086/4086/4086 4085/4085/4085
f 4087/4087/4087 4088/4088/4088 4089/4089/4089
f 4087/4087/4087 4089/4089/4089 4090/4090/4090
f 4091/4091/4091 4093/4093/4093 4092/4092/4092
f 4091/4091/4091 4094/4094/4094 4093/4093/4093
f 4095/4095/4095 4096/4096/4096 4097/4097/4097
f 4095/4095/4095 4097/4097/4097 4098/4098/4098
f 4099/4099/4099 4101/4101/4101 4100/4100/4100
f 4099/4099/4099 4102/4102/4102 4101/4101/4101
f 4103/4103/4103 4104/4104/4104 4105/4105/4105
f 4103/4103/4103 4105/4105/4105 4106/4106/4106
f 4107/4107/4107 4109/4109/4109 4108/4108/4108
f 4107/4107/4107 4110/4110/4110 4109/4109/4109
f 4111/4111/4111 4112/4112/4112 4113/4113/4113
f 4111/4111/4111 4113/4113/4113 4114/4114/4114
f 4115/4115/4115 4117/4117/4117 4116/4116/4116
f 4115/4115/4115 4118/4118/4118 4117/4117/4117
f 4119/4119/4119 4120/4120/4120 4121/4121/4121
f 4119/4119/4119 4121/4121/4121 4122/4122/4122
f 4123/4123/4123 4125/4125/4125 4124/4124/4124
f 4123/4123/4123 4126/4126/4126 4125/4125/4125
f 4127/4127/4127 4128/4128/4128 4129/4129/4129
f 4127/4127/4127 4129/4129/4129 4130/4130/4130
f 4131/4131/4131 4133/4133/4133 4132/4132/4132
f 4131/4131/4131 4134/4134/4134 4133/4133/4133
f 4135/4135/4135 4136/4136/4136 4137/4137/4137
f 4135/4135/4135 4137/4137/4137 4138/4138/4138
f 4139/4139/4139 4141/4141/4141 4140/4140/4140
f 4139/4139/4139 4142/4142/4142 4141/4141/4141
f 4143/4143/4143 4144/4144/4144 4145/4145/4145
f 4143/4143/4143 4145/4145/4145 4146/4146/4146
f 4147/4147/4147 4149/4149/4149 4148/4148/4148
f 4147/4147/4147 4150/4150/4150 4149/4149/4149
f 4151/4151/4151 4152/4152/4152 4153/4153/4153
f 4151/4151/4151 4153/4153/4153 4154/4154/4154
f 4155/4155/4155 4157/4157/4157 4156/4156/4156
f 4155/4155/4155 4158/4158/4158 4157/4157/4157
f 4159/4159/4159 4160/4160/4160 4161/4161/4161
f 4159/4159/4159 4161/4161/4161 4162/4162/4162
f 4163/4163/4163 4165/4165/4165 4164/4164/4164
f 4163/4163/4163 4166/4166/4166 4165/4165/4165
f 4167/4167/4167 4168/4168/4168 4169/4169/4169
f 4167/4167/4167 4169/4169/4169 4170/4170/4170
f 4171/4171/4171 4173/4173/4173 4172/4172/4172
f 4171/4171/4171 4174/4174/4174 4173/4173/4173
f 4175/4175/4175 4176/4176/4176 4177/4177/4177
f 4175/4175/4175 4177/4177/4177 4178/4178/4178
f 4179/4179/4179 4181/4181/4181 4180/4180/4180
f 4179/4179/4179 4182/4182/4182 4181/4181/4181
f 4183/4183/4183 4184/4184/4184 4185/4185/4185
f 4183/4183/4183 4185/4185/4185 4186/4186/4186
f 4187/4187/4187 4189/4189/4189 4188/4188/4188
f 4187/4187/4187 4190/4190/4190 4189/4189/4189
f 4191/4191/4191 4192/4192/4192 4193/4193/4193
f 4191/4191/4191 4193/4193/4193 4194/4194/4194
f 4195/4195/4195 4197/4197/4197 4196/4196/4196
f 4195/4195/4195 4198/4198/4198 4197/4197/4197
f 4199/4199/4199 4200/4200/4200 4201/4201/4201
f 4199/4199/4199 4201/4201/4201 4202/4202/4202
f 4203/4203/4203 4205/4205/4205 4204/4204/4204
f 4203/4203/4203 4206/4206/4206 4205/4205/4205
f 4207/4207/4207 4208/4208/4208 4209/4209/4209
f 4207/4207/4207 4209/4209/4209 4210/4210/4210
f 4211/4211/4211 4213/4213/4213 4212/4212/4212
f 4211/4211/4211 4214/4214/4214 4213/4213/4213
f 4215/4215/4215 4216/4216/4216 4217/4217/4217
f 4215/4215/4215 4217/4217/4217 4218/4218/4218
f 4219/4219/4219 4221/4221/4221 4220/4220/4220
f 4219/4219/4219 4222/4222/4222 4221/4221/4221
f 4223/4223/4223 4224/4224/4224 4225/4225/4225
f 4223/4223/4223 4225/4225/4225 4226/4226/4226
f 4227/4227/4227 4229/4229/4229 4228/4228/4228
f 4227/4227/4227 4230/4230/4230 4229/4229/4229
f 4231/4231/4231 4232/4232/4232 4233/4233/4233
f 4231/4231/4231 4233/4233/4233 4234/4234/4234
f 4235/4235/4235 4237/4237/4237 4236/4236/4236
f 4235/4235/4235 4238/4238/4238 4237/4237/4237
f 4239/4239/4239 4240/4240/4240 4241/4241/4241
f 4239/4239/4239 4241/4241/4241 4242/4242/4242
f 4243/4243/4243 4245/4245/4245 4244/4244/4244
f 4243/4243/4243 4246/4246/4246 4245/4245/4245
f 4247/4247/4247 4248/4248/4248 4249/4249/4249
f 4247/4247/4247 4249/4249/4249 4250/4250/4250
f 4251/4251/4251 4253/4253/4253 4252/4252/4252
f 4251/4251/4251 4254/4254/4254 4253/4253/4253
f 4255/4255/4255 4256/4256/4256 4257/4257/4257
f 4255/4255/4255 4257/4257/4257 4258/4258/4258
f 4259/4259/4259 4261/4261/4261 4260/4260/4260
f 4259/4259/4259 4262/4262/4262 4261/4261/4261
f 4263/4263/4263 4264/4264/4264 4265/4265/4265
f 4263/4263/4263 4265/4265/4265 4266/4266/4266
f 4267/4267/4267 4269/4269/4269 4268/4268/4268
f 4267/4267/4267 4270/4270/4270 4269/4269/4269
f 4271/4271/4271 4272/4272/4272 4273/4273/4273
f 4271/4271/4271 4273/4273/4273 4274/4274/4274
f 4275/4275/4275 4277/4277/4277 4276/4276/4276
f 4275/4275/4275 4278/4278/4278 4277/4277/4277
f 4279/4279/4279 4280/4280/4280 4281/4281/4281
f 4279/4279/4279 4281/4281/4281 4282/4282/4282
f 4283/4283/4283 4285/4285/4285 4284/4284/4284
f 4283/4283/4283 4286/4286/4286 4285/4285/4285
f 4287/4287/4287 4288/4288/4288 4289/4289/4289
f 4287/4287/4287 4289/4289/4289 4290/4290/4290
f 4291/4291/4291 4293/4293/4293 4292/4292/4292
f 4291/4291/4291 4294/4294/4294 4293/4293/4293
f 4295/4295/4295 4296/4296/4296 4297/4297/4297
f 4295/4295/4295 4297/4297/4297 4298/4298/4298
f 4299/4299/4299 4301/4301/4301 4300/4300/4300
f 4299/4299/4299 4302/4302/4302 4301/4301/4301
f 4303/4303/4303 4304/4304/4304 4305/4305/4305
f 4303/4303/4303 4305/4305/4305 4306/4306/4306
f 4307/4307/4307 4309/4309/4309 4308/4308/4308
f 4307/4307/4307 4310/4310/4310 4309/4309/4309
f 4311/4311/4311 4312/4312/4312 4313/4313/4313
f 4311/4311/4311 4313/4313/4313 4314/4314/4314
f 4315/4315/4315 4317/4317/4317 4316/4316/4316
f 4315/4315/4315 4318/4318/4318 4317/4317/4317
f 4319/4319/4319 4320/4320/4320 4321/4321/4321
f 4319/4319/4319 4321/4321/4321 4322/4322/4322
f 4323/4323/4323 4325/4325/4325 4324/4324/4324
f 4323/4323/4323 4326/4326/4326 4325/4325/4325
f 4327/4327/4327 4328/4328/4328 4329/4329/4329
f 4327/4327/4327 4329/4329/4329 4330/4330/4330
f 4331/4331/4331 4333/4333/4333 4332/4332/4332
f 4331/4331/4331 4334/4334/4334 4333/4333/4333
f 4335/4335/4335 4336/4336/4336 4337/4337/4337
f 4335/4335/4335 4337/4337/4337 4338/4338/4338
f 4339/4339/4339 4341/4341/4341 4340/4340/4340
f 4339/4339/4339 4342/4342/4342 4341/4341/4341
f 4343/4343/4343 4344/4344/4344 4345/4345/4345
f 4343/4343/4343 4345/4345/4345 4346/4346/4346
f 4347/4347/4347 4349/4349/4349 4348/4348/4348
f 4347/4347/4347 4350/4350/4350 4349/4349/4349
f 4351/4351/4351 4352/4352/4352 4353/4353/4353
f 4351/4351/4351 4353/4353/4353 4354/4354/4354
f 4355/4355/4355 4357/4357/4357 4356/4356/4356
f 4355/4355/4355 4358/4358/4358 4357/4357/4357
f 4359/4359/4359 4360/4360/4360 4361/4361/4361
f 4359/4359/4359 4361/4361/4361 4362/4362/4362
f 4363/4363/4363 4365/4365/4365 4364/4364/4364
f 4363/4363/4363 4366/4366/4366 4365/4365/4365
f 4367/4367/4367 4368/4368/4368 4369/4369/4369
f 4367/4367/4367 4369/4369/4369 4370/4370/4370
f 4371/4371/4371 4373/4373/4373 4372/4372/4372
f 4371/4371/4371 4374/4374/4374 4373/4373/4373
f 4375/4375/4375 4376/4376/4376 4377/4377/4377
f 4375/4375/4375 4377/4377/4377 4378/4378/4378
f 4379/4379/4379 4381/4381/4381 4380/4380/4380
f 4379/4379/4379 4382/4382/4382 4381/4381/4381
f 4383/4383/4383 4384/4384/4384 4385/4385/4385
f 4383/4383/4383 4385/4385/4385 4386/4386/4386
f 4387/4387/4387 4389/4389/4389 4388/4388/4388
f 4387/4387/4387 4390/4390/4390 4389/4389/4389
f 4391/4391/4391 4392/4392/4392 4393/4393/4393
f 4391/4391/4391 4393/4393/4393 4394/4394/4394
f 4395/4395/4395 4397/4397/4397 4396/4396/4396
f 4395/4395/4395 4398/4398/4398 4397/4397/4397
f 4399/4399/4399 4400/4400/4400 4401/4401/4401
f 4399/4399/4399 4401/4401/4401 4402/4402/4402
f 4403/4403/4403 4405/4405/4405 4404/4404/4404
f 4403/4403/4403 4406/4406/4406 4405/4405/4405
f 4407/4407/4407 4408/4408/4408 4409/4409/4409
f 4407/4407/4407 4409/4409/4409 4410/4410/4410
f 4411/4411/4411 4413/4413/4413 4412/4412/4412
f 4411/4411/4411 4414/4414/4414 4413/4413/4413
f 4415/4415/4415 4416/4416/4416 4417/4417/4417
f 4415/4415/4415 4417/4417/4417 4418/4418/4418
f 4419/4419/4419 4421/4421/4421 4420/4420/4420
f 4419/4419/4419 4422/4422/4422 4421/4421/4421
f 4423/4423/4423 4424/4424/4424 4425/4425/4425
f 4423/4423/4423 4425/4425/4425 4426/4426/4426
f 4427/4427/4427 4429/4429/4429 4428/4428/4428
f 4427/4427/4427 4430/4430/4430 4429/4429/4429
f 4431/4431/4431 4432/4432/4432 4433/4433/4433
f 4431/4431/4431 4433/4433/4433 4434/4434/4434
f 4435/4435/4435 4437/4437/4437 4436/4436/4436
f 4435/4435/4435 4438/4438/4438 4437/4437/4437
f 4439/4439/4439 4440/4440/4440 4441/4441/4441
f 4439/4439/4439 4441/4441/4441 4442/4442/4442
f 4443/4443/4443 4445/4445/4445 4444/4444/4444
f 4443/4443/4443 4446/4446/4446 4445/4445/4445
f 4447/4447/4447 4448/4448/4448 4449/4449/4449
f 4447/4447/4447 4449/4449/4449 4450/4450/4450
f 4451/4451/4451 4453/4453/4453 4452/4452/4452
f 4451/4451/4451 4454/4454/4454 4453/4453/4453
f 4455/4455/4455 4456/4456/4456 4457/4457/4457
f 4455/4455/4455 4457/4457/4457 4458/4458/4458
f 4459/4459/4459 4461/4461/4461 4460/4460/4460
f 4459/4459/4459 4462/4462/4462 4461/4461/4461
f 4463/4463/4463 4464/4464/4464 4465/4465/4465
f 4463/4463/4463 4465/4465/4465 4466/4466/4466
f 4467/4467/4467 4469/4469/4469 4468/4468/4468
f 4467/4467/4467 4470/4470/4470 4469/4469/4469
f 4471/4471/4471 4472/4472/4472 4473/4473/4473
f 4471/4471/4471 4473/4473/4473 4474/4474/4474
f 4475/4475/4475 4477/4477/4477 4476/4476/4476
f 4475/4475/4475 4478/4478/4478 4477/4477/4477
f 4479/4479/4479 4480/4480/4480 4481/4481/4481
f 4479/4479/4479 4481/4481/4481 4482/4482/4482
f 4483/4483/4483 4485/4485/4485 4484/4484/4484
f 4483/4483/4483 4486/4486/4486 4485/4485/4485
f 4487/4487/4487 4488/4488/4488 4489/4489/4489
f 4487/4487/4487 4489/4489/4489 4490/4490/4490
f 4491/4491/4491 4493/4493/4493 4492/4492/4492
f 4491/4491/4491 4494/4494/4494 4493/4493/4493
f 4495/4495/4495 4496/4496/4496 4497/4497/4497
f 4495/4495/4495 4497/4497/4497 4498/4498/4498
f 4499/4499/4499 4501/4501/4501 4500/4500/4500
f 4499/4499/4499 4502/4502/4502 4501/4501/4501
f 4503/4503/4503 4504/4504/4504 4505/4505/4505
f 4503/4503/4503 4505/4505/4505 4506/4506/4506
f 4507/4507/4507 4509/4509/4509 4508/4508/4508
f 4507/4507/4507 4510/4510/4510 4509/4509/4509
f 4511/4511/4511 4512/4512/4512 4513/4513/4513
f 4511/4511/4511 4513/4513/4513 4514/4514/4514
f 4515/4515/4515 4517/4517/4517 4516/4516/4516
f 4515/4515/4515 4518/4518/4518 4517/4517/4517
f 4519/4519/4519 4520/4520/4520 4521/4521/4521
f 4519/4519/4519 4521/4521/4521 4522/4522/4522
f 4523/4523/4523 4525/4525/4525 4524/4524/4524
f 4523/4523/4523 4526/4526/4526 4525/4525/4525
f 4527/4527/4527 4528/4528/4528 4529/4529/4529
f 4527/4527/4527 4529/4529/4529 4530/4530/4530
f 4531/4531/4531 4533/4533/4533 4532/4532/4532
f 4531/4531/4531 4534/4534/4534 4533/4533/4533
f 4535/4535/4535 4536/4536/4536 4537/4537/4537
f 4535/4535/4535 4537/4537/4537 4538/4538/4538
f 4539/4539/4539 4541/4541/4541 4540/4540/4540
f 4539/4539/4539 4542/4542/4542 4541/4541/4541
f 4543/4543/4543 4544/4544/4544 4545/4545/4545
f 4543/4543/4543 4545/4545/4545 4546/4546/4546
f 4547/4547/4547 4549/4549/4549 4548/4548/4548
f 4547/4547/4547 4550/4550/4550 4549/4549/4549
f 4551/4551/4551 4552/4552/4552 4553/4553/4553
f 4551/4551/4551 4553/4553/4553 4554/4554/4554
f 4555/4555/4555 4557/4557/4557 4556/4556/4556
f 4555/4555/4555 4558/4558/4558 4557/4557/4557
f 4559/4559/4559 4560/4560/4560 4561/4561/4561
f 4559/4559/4559 4561/4561/4561 4562/4562/4562
f 4563/4563/4563 4565/4565/4565 4564/4564/4564
f 4563/4563/4563 4566/4566/4566 4565/4565/4565
